":BEGIN"	"09:09:26 10:25:45"
"PATTERN: ADM6-60-01.5[-L][-S][-SLT]-4[-0][-1][-2][-A][-TR][-FR]"
"DISPLAY: accelerate_M20"
"UNIT: "
"C20_A001"	0.37199	0.35000	0.05000	-0.05000	0.02199	0.00000
"C20_A006"	0.36873	0.35000	0.05000	-0.05000	0.01873	0.00000
"C20_A011"	0.38852	0.35000	0.05000	-0.05000	0.03852	0.00000
"C20_A016"	0.38179	0.35000	0.05000	-0.05000	0.03179	0.00000
"C20_A021"	0.38024	0.35000	0.05000	-0.05000	0.03024	0.00000
"C20_A026"	0.38064	0.35000	0.05000	-0.05000	0.03064	0.00000
"C20_A031"	0.37896	0.35000	0.05000	-0.05000	0.02896	0.00000
"C20_A036"	0.37459	0.35000	0.05000	-0.05000	0.02459	0.00000
"C20_A041"	0.37074	0.35000	0.05000	-0.05000	0.02074	0.00000
"C20_A046"	0.36823	0.35000	0.05000	-0.05000	0.01823	0.00000
"C20_A051"	0.38049	0.35000	0.05000	-0.05000	0.03049	0.00000
"C20_A056"	0.35479	0.35000	0.05000	-0.05000	0.00479	0.00000
"C20_A060"	0.34559	0.35000	0.05000	-0.05000	-0.00441	0.00000
"C11A"	37.46596	37.47000	0.13000	-0.13000	-0.00404	0.00000
"C20_B060"	0.35883	0.35000	0.05000	-0.05000	0.00883	0.00000
"C18_AB060"	1.11257	1.09000	0.10000	-0.10000	0.02257	0.00000
"C20_B056"	0.34903	0.35000	0.05000	-0.05000	-0.00097	0.00000
"C20_B051"	0.36216	0.35000	0.05000	-0.05000	0.01216	0.00000
"C20_B046"	0.35805	0.35000	0.05000	-0.05000	0.00805	0.00000
"C20_B041"	0.35269	0.35000	0.05000	-0.05000	0.00269	0.00000
"C20_B036"	0.36591	0.35000	0.05000	-0.05000	0.01591	0.00000
"C20_B031"	0.36433	0.35000	0.05000	-0.05000	0.01433	0.00000
"C20_B026"	0.36228	0.35000	0.05000	-0.05000	0.01228	0.00000
"C20_B021"	0.36675	0.35000	0.05000	-0.05000	0.01675	0.00000
"C20_B016"	0.35325	0.35000	0.05000	-0.05000	0.00325	0.00000
"C20_B011"	0.35423	0.35000	0.05000	-0.05000	0.00423	0.00000
"C20_B006"	0.35019	0.35000	0.05000	-0.05000	0.00019	0.00000
"C20_B001"	0.35553	0.35000	0.05000	-0.05000	0.00553	0.00000
"C18_AB001"	1.11086	1.09000	0.10000	-0.10000	0.02086	0.00000
"C11B"	37.47656	37.47000	0.13000	-0.13000	0.00656	0.00000
"C20_C001"	0.35944	0.35000	0.05000	-0.05000	0.00944	0.00000
"C19_BC001"	1.42957	1.45000	0.10000	-0.10000	-0.02043	0.00000
"C20_C006"	0.34737	0.35000	0.05000	-0.05000	-0.00263	0.00000
"C20_C011"	0.35113	0.35000	0.05000	-0.05000	0.00113	0.00000
"C20_C016"	0.34442	0.35000	0.05000	-0.05000	-0.00558	0.00000
"C20_C021"	0.33928	0.35000	0.05000	-0.05000	-0.01072	0.00000
"C20_C026"	0.33646	0.35000	0.05000	-0.05000	-0.01354	0.00000
"C20_C031"	0.33721	0.35000	0.05000	-0.05000	-0.01279	0.00000
"C20_C036"	0.34067	0.35000	0.05000	-0.05000	-0.00933	0.00000
"C20_C041"	0.34208	0.35000	0.05000	-0.05000	-0.00792	0.00000
"C20_C046"	0.32502	0.35000	0.05000	-0.05000	-0.02498	0.00000
"C20_C051"	0.32395	0.35000	0.05000	-0.05000	-0.02605	0.00000
"C20_C056"	0.33948	0.35000	0.05000	-0.05000	-0.01052	0.00000
"C20_C060"	0.33988	0.35000	0.05000	-0.05000	-0.01012	0.00000
"C19_BC060"	1.43168	1.45000	0.10000	-0.10000	-0.01832	0.00000
"C11C"	37.47095	37.47000	0.13000	-0.13000	0.00095	0.00000
"C20_D060"	0.36750	0.35000	0.05000	-0.05000	0.01750	0.00000
"C18_CD060"	1.12340	1.09000	0.10000	-0.10000	0.03340	0.00000
"C20_D056"	0.37622	0.35000	0.05000	-0.05000	0.02622	0.00000
"C20_D051"	0.38263	0.35000	0.05000	-0.05000	0.03263	0.00000
"C20_D046"	0.39907	0.35000	0.05000	-0.05000	0.04907	0.00000
"C20_D041"	0.39748	0.35000	0.05000	-0.05000	0.04748	0.00000
"C20_D036"	0.37499	0.35000	0.05000	-0.05000	0.02499	0.00000
"C20_D031"	0.38109	0.35000	0.05000	-0.05000	0.03109	0.00000
"C20_D026"	0.37850	0.35000	0.05000	-0.05000	0.02850	0.00000
"C20_D021"	0.39688	0.35000	0.05000	-0.05000	0.04688	0.00000
"C20_D016"	0.38283	0.35000	0.05000	-0.05000	0.03283	0.00000
"C20_D011"	0.38057	0.35000	0.05000	-0.05000	0.03057	0.00000
"C20_D006"	0.37387	0.35000	0.05000	-0.05000	0.02387	0.00000
"C20_D001"	0.41708	0.35000	0.05000	-0.05000	0.06708	0.01708
"C18_CD001"	1.09595	1.09000	0.10000	-0.10000	0.00595	0.00000
"C11D"	37.45814	37.47000	0.13000	-0.13000	-0.01186	0.00000
"C21"	0.07826	0.00000	0.10000	0.00000	0.07826	0.00000
":END"
":BEGIN"	"09:09:26 10:39:04"
"PATTERN: ADM6-60-01.5[-L][-S][-SLT]-4[-0][-1][-2][-A][-TR][-FR]"
"DISPLAY: accelerate_M20"
"UNIT: "
"C20_A001"	0.37153	0.35000	0.05000	-0.05000	0.02153	0.00000
"C20_A006"	0.36732	0.35000	0.05000	-0.05000	0.01732	0.00000
"C20_A011"	0.38760	0.35000	0.05000	-0.05000	0.03760	0.00000
"C20_A016"	0.38135	0.35000	0.05000	-0.05000	0.03135	0.00000
"C20_A021"	0.38045	0.35000	0.05000	-0.05000	0.03045	0.00000
"C20_A026"	0.38029	0.35000	0.05000	-0.05000	0.03029	0.00000
"C20_A031"	0.37956	0.35000	0.05000	-0.05000	0.02956	0.00000
"C20_A036"	0.37498	0.35000	0.05000	-0.05000	0.02498	0.00000
"C20_A041"	0.37024	0.35000	0.05000	-0.05000	0.02024	0.00000
"C20_A046"	0.36654	0.35000	0.05000	-0.05000	0.01654	0.00000
"C20_A051"	0.37836	0.35000	0.05000	-0.05000	0.02836	0.00000
"C20_A056"	0.35524	0.35000	0.05000	-0.05000	0.00524	0.00000
"C20_A060"	0.34498	0.35000	0.05000	-0.05000	-0.00502	0.00000
"C11A"	37.46608	37.47000	0.13000	-0.13000	-0.00392	0.00000
"C20_B060"	0.35895	0.35000	0.05000	-0.05000	0.00895	0.00000
"C18_AB060"	1.11403	1.09000	0.10000	-0.10000	0.02403	0.00000
"C20_B056"	0.35052	0.35000	0.05000	-0.05000	0.00052	0.00000
"C20_B051"	0.36289	0.35000	0.05000	-0.05000	0.01289	0.00000
"C20_B046"	0.35840	0.35000	0.05000	-0.05000	0.00840	0.00000
"C20_B041"	0.35364	0.35000	0.05000	-0.05000	0.00364	0.00000
"C20_B036"	0.36718	0.35000	0.05000	-0.05000	0.01718	0.00000
"C20_B031"	0.36489	0.35000	0.05000	-0.05000	0.01489	0.00000
"C20_B026"	0.36300	0.35000	0.05000	-0.05000	0.01300	0.00000
"C20_B021"	0.36783	0.35000	0.05000	-0.05000	0.01783	0.00000
"C20_B016"	0.35433	0.35000	0.05000	-0.05000	0.00433	0.00000
"C20_B011"	0.35481	0.35000	0.05000	-0.05000	0.00481	0.00000
"C20_B006"	0.35098	0.35000	0.05000	-0.05000	0.00098	0.00000
"C20_B001"	0.35599	0.35000	0.05000	-0.05000	0.00599	0.00000
"C18_AB001"	1.10971	1.09000	0.10000	-0.10000	0.01971	0.00000
"C11B"	37.47722	37.47000	0.13000	-0.13000	0.00722	0.00000
"C20_C001"	0.35512	0.35000	0.05000	-0.05000	0.00512	0.00000
"C19_BC001"	1.43045	1.45000	0.10000	-0.10000	-0.01955	0.00000
"C20_C006"	0.34762	0.35000	0.05000	-0.05000	-0.00238	0.00000
"C20_C011"	0.34258	0.35000	0.05000	-0.05000	-0.00742	0.00000
"C20_C016"	0.34332	0.35000	0.05000	-0.05000	-0.00668	0.00000
"C20_C021"	0.33895	0.35000	0.05000	-0.05000	-0.01105	0.00000
"C20_C026"	0.33842	0.35000	0.05000	-0.05000	-0.01158	0.00000
"C20_C031"	0.33749	0.35000	0.05000	-0.05000	-0.01251	0.00000
"C20_C036"	0.33874	0.35000	0.05000	-0.05000	-0.01126	0.00000
"C20_C041"	0.34123	0.35000	0.05000	-0.05000	-0.00877	0.00000
"C20_C046"	0.32534	0.35000	0.05000	-0.05000	-0.02466	0.00000
"C20_C051"	0.32361	0.35000	0.05000	-0.05000	-0.02639	0.00000
"C20_C056"	0.33688	0.35000	0.05000	-0.05000	-0.01312	0.00000
"C20_C060"	0.33908	0.35000	0.05000	-0.05000	-0.01092	0.00000
"C19_BC060"	1.43167	1.45000	0.10000	-0.10000	-0.01833	0.00000
"C11C"	37.47185	37.47000	0.13000	-0.13000	0.00185	0.00000
"C20_D060"	0.36573	0.35000	0.05000	-0.05000	0.01573	0.00000
"C18_CD060"	1.12124	1.09000	0.10000	-0.10000	0.03124	0.00000
"C20_D056"	0.37604	0.35000	0.05000	-0.05000	0.02604	0.00000
"C20_D051"	0.38343	0.35000	0.05000	-0.05000	0.03343	0.00000
"C20_D046"	0.39744	0.35000	0.05000	-0.05000	0.04744	0.00000
"C20_D041"	0.39719	0.35000	0.05000	-0.05000	0.04719	0.00000
"C20_D036"	0.37542	0.35000	0.05000	-0.05000	0.02542	0.00000
"C20_D031"	0.38002	0.35000	0.05000	-0.05000	0.03002	0.00000
"C20_D026"	0.37869	0.35000	0.05000	-0.05000	0.02869	0.00000
"C20_D021"	0.39877	0.35000	0.05000	-0.05000	0.04877	0.00000
"C20_D016"	0.38412	0.35000	0.05000	-0.05000	0.03412	0.00000
"C20_D011"	0.38138	0.35000	0.05000	-0.05000	0.03138	0.00000
"C20_D006"	0.37501	0.35000	0.05000	-0.05000	0.02501	0.00000
"C20_D001"	0.41591	0.35000	0.05000	-0.05000	0.06591	0.01591
"C18_CD001"	1.09416	1.09000	0.10000	-0.10000	0.00416	0.00000
"C11D"	37.45802	37.47000	0.13000	-0.13000	-0.01198	0.00000
"C21"	0.07592	0.00000	0.10000	0.00000	0.07592	0.00000
":END"
":BEGIN"	"09:09:26 10:52:25"
"PATTERN: ADM6-60-01.5[-L][-S][-SLT]-4[-0][-1][-2][-A][-TR][-FR]"
"DISPLAY: accelerate_M20"
"UNIT: "
"C20_A001"	0.37123	0.35000	0.05000	-0.05000	0.02123	0.00000
"C20_A006"	0.36870	0.35000	0.05000	-0.05000	0.01870	0.00000
"C20_A011"	0.38932	0.35000	0.05000	-0.05000	0.03932	0.00000
"C20_A016"	0.38215	0.35000	0.05000	-0.05000	0.03215	0.00000
"C20_A021"	0.38102	0.35000	0.05000	-0.05000	0.03102	0.00000
"C20_A026"	0.38080	0.35000	0.05000	-0.05000	0.03080	0.00000
"C20_A031"	0.38084	0.35000	0.05000	-0.05000	0.03084	0.00000
"C20_A036"	0.37536	0.35000	0.05000	-0.05000	0.02536	0.00000
"C20_A041"	0.37005	0.35000	0.05000	-0.05000	0.02005	0.00000
"C20_A046"	0.36732	0.35000	0.05000	-0.05000	0.01732	0.00000
"C20_A051"	0.38069	0.35000	0.05000	-0.05000	0.03069	0.00000
"C20_A056"	0.35606	0.35000	0.05000	-0.05000	0.00606	0.00000
"C20_A060"	0.34598	0.35000	0.05000	-0.05000	-0.00402	0.00000
"C11A"	37.46669	37.47000	0.13000	-0.13000	-0.00331	0.00000
"C20_B060"	0.35824	0.35000	0.05000	-0.05000	0.00824	0.00000
"C18_AB060"	1.09569	1.09000	0.10000	-0.10000	0.00569	0.00000
"C20_B056"	0.34922	0.35000	0.05000	-0.05000	-0.00078	0.00000
"C20_B051"	0.36176	0.35000	0.05000	-0.05000	0.01176	0.00000
"C20_B046"	0.35796	0.35000	0.05000	-0.05000	0.00796	0.00000
"C20_B041"	0.35248	0.35000	0.05000	-0.05000	0.00248	0.00000
"C20_B036"	0.36452	0.35000	0.05000	-0.05000	0.01452	0.00000
"C20_B031"	0.36340	0.35000	0.05000	-0.05000	0.01340	0.00000
"C20_B026"	0.36149	0.35000	0.05000	-0.05000	0.01149	0.00000
"C20_B021"	0.36833	0.35000	0.05000	-0.05000	0.01833	0.00000
"C20_B016"	0.35323	0.35000	0.05000	-0.05000	0.00323	0.00000
"C20_B011"	0.35374	0.35000	0.05000	-0.05000	0.00374	0.00000
"C20_B006"	0.34973	0.35000	0.05000	-0.05000	-0.00027	0.00000
"C20_B001"	0.35444	0.35000	0.05000	-0.05000	0.00444	0.00000
"C18_AB001"	1.11052	1.09000	0.10000	-0.10000	0.02052	0.00000
"C11B"	37.47624	37.47000	0.13000	-0.13000	0.00624	0.00000
"C20_C001"	0.35638	0.35000	0.05000	-0.05000	0.00638	0.00000
"C19_BC001"	1.42951	1.45000	0.10000	-0.10000	-0.02049	0.00000
"C20_C006"	0.34887	0.35000	0.05000	-0.05000	-0.00113	0.00000
"C20_C011"	0.35207	0.35000	0.05000	-0.05000	0.00207	0.00000
"C20_C016"	0.34428	0.35000	0.05000	-0.05000	-0.00572	0.00000
"C20_C021"	0.33989	0.35000	0.05000	-0.05000	-0.01011	0.00000
"C20_C026"	0.33499	0.35000	0.05000	-0.05000	-0.01501	0.00000
"C20_C031"	0.33781	0.35000	0.05000	-0.05000	-0.01219	0.00000
"C20_C036"	0.34104	0.35000	0.05000	-0.05000	-0.00896	0.00000
"C20_C041"	0.34185	0.35000	0.05000	-0.05000	-0.00815	0.00000
"C20_C046"	0.32586	0.35000	0.05000	-0.05000	-0.02414	0.00000
"C20_C051"	0.32547	0.35000	0.05000	-0.05000	-0.02453	0.00000
"C20_C056"	0.33958	0.35000	0.05000	-0.05000	-0.01042	0.00000
"C20_C060"	0.33953	0.35000	0.05000	-0.05000	-0.01047	0.00000
"C19_BC060"	1.43175	1.45000	0.10000	-0.10000	-0.01825	0.00000
"C11C"	37.47208	37.47000	0.13000	-0.13000	0.00208	0.00000
"C20_D060"	0.36616	0.35000	0.05000	-0.05000	0.01616	0.00000
"C18_CD060"	1.12124	1.09000	0.10000	-0.10000	0.03124	0.00000
"C20_D056"	0.37619	0.35000	0.05000	-0.05000	0.02619	0.00000
"C20_D051"	0.38243	0.35000	0.05000	-0.05000	0.03243	0.00000
"C20_D046"	0.39780	0.35000	0.05000	-0.05000	0.04780	0.00000
"C20_D041"	0.39704	0.35000	0.05000	-0.05000	0.04704	0.00000
"C20_D036"	0.37394	0.35000	0.05000	-0.05000	0.02394	0.00000
"C20_D031"	0.37906	0.35000	0.05000	-0.05000	0.02906	0.00000
"C20_D026"	0.37795	0.35000	0.05000	-0.05000	0.02795	0.00000
"C20_D021"	0.39852	0.35000	0.05000	-0.05000	0.04852	0.00000
"C20_D016"	0.38280	0.35000	0.05000	-0.05000	0.03280	0.00000
"C20_D011"	0.37993	0.35000	0.05000	-0.05000	0.02993	0.00000
"C20_D006"	0.37429	0.35000	0.05000	-0.05000	0.02429	0.00000
"C20_D001"	0.41077	0.35000	0.05000	-0.05000	0.06077	0.01077
"C18_CD001"	1.09412	1.09000	0.10000	-0.10000	0.00412	0.00000
"C11D"	37.45713	37.47000	0.13000	-0.13000	-0.01287	0.00000
"C21"	0.07291	0.00000	0.10000	0.00000	0.07291	0.00000
":END"
":BEGIN"	"09:09:26 11:05:46"
"PATTERN: ADM6-60-01.5[-L][-S][-SLT]-4[-0][-1][-2][-A][-TR][-FR]"
"DISPLAY: accelerate_M20"
"UNIT: "
"C20_A001"	0.36979	0.35000	0.05000	-0.05000	0.01979	0.00000
"C20_A006"	0.36877	0.35000	0.05000	-0.05000	0.01877	0.00000
"C20_A011"	0.38784	0.35000	0.05000	-0.05000	0.03784	0.00000
"C20_A016"	0.38235	0.35000	0.05000	-0.05000	0.03235	0.00000
"C20_A021"	0.38186	0.35000	0.05000	-0.05000	0.03186	0.00000
"C20_A026"	0.38056	0.35000	0.05000	-0.05000	0.03056	0.00000
"C20_A031"	0.37991	0.35000	0.05000	-0.05000	0.02991	0.00000
"C20_A036"	0.37560	0.35000	0.05000	-0.05000	0.02560	0.00000
"C20_A041"	0.37109	0.35000	0.05000	-0.05000	0.02109	0.00000
"C20_A046"	0.36706	0.35000	0.05000	-0.05000	0.01706	0.00000
"C20_A051"	0.38053	0.35000	0.05000	-0.05000	0.03053	0.00000
"C20_A056"	0.35498	0.35000	0.05000	-0.05000	0.00498	0.00000
"C20_A060"	0.34574	0.35000	0.05000	-0.05000	-0.00426	0.00000
"C11A"	37.46616	37.47000	0.13000	-0.13000	-0.00384	0.00000
"C20_B060"	0.35821	0.35000	0.05000	-0.05000	0.00821	0.00000
"C18_AB060"	1.09581	1.09000	0.10000	-0.10000	0.00581	0.00000
"C20_B056"	0.34982	0.35000	0.05000	-0.05000	-0.00018	0.00000
"C20_B051"	0.36208	0.35000	0.05000	-0.05000	0.01208	0.00000
"C20_B046"	0.35888	0.35000	0.05000	-0.05000	0.00888	0.00000
"C20_B041"	0.35265	0.35000	0.05000	-0.05000	0.00265	0.00000
"C20_B036"	0.36591	0.35000	0.05000	-0.05000	0.01591	0.00000
"C20_B031"	0.36466	0.35000	0.05000	-0.05000	0.01466	0.00000
"C20_B026"	0.36349	0.35000	0.05000	-0.05000	0.01349	0.00000
"C20_B021"	0.36705	0.35000	0.05000	-0.05000	0.01705	0.00000
"C20_B016"	0.35349	0.35000	0.05000	-0.05000	0.00349	0.00000
"C20_B011"	0.35410	0.35000	0.05000	-0.05000	0.00410	0.00000
"C20_B006"	0.35048	0.35000	0.05000	-0.05000	0.00048	0.00000
"C20_B001"	0.35514	0.35000	0.05000	-0.05000	0.00514	0.00000
"C18_AB001"	1.11035	1.09000	0.10000	-0.10000	0.02035	0.00000
"C11B"	37.47731	37.47000	0.13000	-0.13000	0.00731	0.00000
"C20_C001"	0.35574	0.35000	0.05000	-0.05000	0.00574	0.00000
"C19_BC001"	1.43001	1.45000	0.10000	-0.10000	-0.01999	0.00000
"C20_C006"	0.34791	0.35000	0.05000	-0.05000	-0.00209	0.00000
"C20_C011"	0.34552	0.35000	0.05000	-0.05000	-0.00448	0.00000
"C20_C016"	0.34461	0.35000	0.05000	-0.05000	-0.00539	0.00000
"C20_C021"	0.33951	0.35000	0.05000	-0.05000	-0.01049	0.00000
"C20_C026"	0.33515	0.35000	0.05000	-0.05000	-0.01485	0.00000
"C20_C031"	0.33736	0.35000	0.05000	-0.05000	-0.01264	0.00000
"C20_C036"	0.33982	0.35000	0.05000	-0.05000	-0.01018	0.00000
"C20_C041"	0.34194	0.35000	0.05000	-0.05000	-0.00806	0.00000
"C20_C046"	0.32045	0.35000	0.05000	-0.05000	-0.02955	0.00000
"C20_C051"	0.32409	0.35000	0.05000	-0.05000	-0.02591	0.00000
"C20_C056"	0.33771	0.35000	0.05000	-0.05000	-0.01229	0.00000
"C20_C060"	0.33942	0.35000	0.05000	-0.05000	-0.01058	0.00000
"C19_BC060"	1.43175	1.45000	0.10000	-0.10000	-0.01825	0.00000
"C11C"	37.47235	37.47000	0.13000	-0.13000	0.00235	0.00000
"C20_D060"	0.36585	0.35000	0.05000	-0.05000	0.01585	0.00000
"C18_CD060"	1.11489	1.09000	0.10000	-0.10000	0.02489	0.00000
"C20_D056"	0.37604	0.35000	0.05000	-0.05000	0.02604	0.00000
"C20_D051"	0.38299	0.35000	0.05000	-0.05000	0.03299	0.00000
"C20_D046"	0.39623	0.35000	0.05000	-0.05000	0.04623	0.00000
"C20_D041"	0.39777	0.35000	0.05000	-0.05000	0.04777	0.00000
"C20_D036"	0.37452	0.35000	0.05000	-0.05000	0.02452	0.00000
"C20_D031"	0.37968	0.35000	0.05000	-0.05000	0.02968	0.00000
"C20_D026"	0.37843	0.35000	0.05000	-0.05000	0.02843	0.00000
"C20_D021"	0.39840	0.35000	0.05000	-0.05000	0.04840	0.00000
"C20_D016"	0.38341	0.35000	0.05000	-0.05000	0.03341	0.00000
"C20_D011"	0.38040	0.35000	0.05000	-0.05000	0.03040	0.00000
"C20_D006"	0.37458	0.35000	0.05000	-0.05000	0.02458	0.00000
"C20_D001"	0.41316	0.35000	0.05000	-0.05000	0.06316	0.01316
"C18_CD001"	1.09606	1.09000	0.10000	-0.10000	0.00606	0.00000
"C11D"	37.45729	37.47000	0.13000	-0.13000	-0.01271	0.00000
"C21"	0.07961	0.00000	0.10000	0.00000	0.07961	0.00000
":END"
":BEGIN"	"09:09:26 11:19:07"
"PATTERN: ADM6-60-01.5[-L][-S][-SLT]-4[-0][-1][-2][-A][-TR][-FR]"
"DISPLAY: accelerate_M20"
"UNIT: "
"C20_A001"	0.37038	0.35000	0.05000	-0.05000	0.02038	0.00000
"C20_A006"	0.36880	0.35000	0.05000	-0.05000	0.01880	0.00000
"C20_A011"	0.38620	0.35000	0.05000	-0.05000	0.03620	0.00000
"C20_A016"	0.38137	0.35000	0.05000	-0.05000	0.03137	0.00000
"C20_A021"	0.38034	0.35000	0.05000	-0.05000	0.03034	0.00000
"C20_A026"	0.38041	0.35000	0.05000	-0.05000	0.03041	0.00000
"C20_A031"	0.37821	0.35000	0.05000	-0.05000	0.02821	0.00000
"C20_A036"	0.37652	0.35000	0.05000	-0.05000	0.02652	0.00000
"C20_A041"	0.37041	0.35000	0.05000	-0.05000	0.02041	0.00000
"C20_A046"	0.36740	0.35000	0.05000	-0.05000	0.01740	0.00000
"C20_A051"	0.37876	0.35000	0.05000	-0.05000	0.02876	0.00000
"C20_A056"	0.35493	0.35000	0.05000	-0.05000	0.00493	0.00000
"C20_A060"	0.34577	0.35000	0.05000	-0.05000	-0.00423	0.00000
"C11A"	37.46707	37.47000	0.13000	-0.13000	-0.00293	0.00000
"C20_B060"	0.35848	0.35000	0.05000	-0.05000	0.00848	0.00000
"C18_AB060"	1.09578	1.09000	0.10000	-0.10000	0.00578	0.00000
"C20_B056"	0.34917	0.35000	0.05000	-0.05000	-0.00083	0.00000
"C20_B051"	0.36246	0.35000	0.05000	-0.05000	0.01246	0.00000
"C20_B046"	0.35790	0.35000	0.05000	-0.05000	0.00790	0.00000
"C20_B041"	0.35276	0.35000	0.05000	-0.05000	0.00276	0.00000
"C20_B036"	0.36548	0.35000	0.05000	-0.05000	0.01548	0.00000
"C20_B031"	0.36502	0.35000	0.05000	-0.05000	0.01502	0.00000
"C20_B026"	0.36323	0.35000	0.05000	-0.05000	0.01323	0.00000
"C20_B021"	0.36764	0.35000	0.05000	-0.05000	0.01764	0.00000
"C20_B016"	0.35331	0.35000	0.05000	-0.05000	0.00331	0.00000
"C20_B011"	0.35421	0.35000	0.05000	-0.05000	0.00421	0.00000
"C20_B006"	0.35059	0.35000	0.05000	-0.05000	0.00059	0.00000
"C20_B001"	0.35615	0.35000	0.05000	-0.05000	0.00615	0.00000
"C18_AB001"	1.10979	1.09000	0.10000	-0.10000	0.01979	0.00000
"C11B"	37.47690	37.47000	0.13000	-0.13000	0.00690	0.00000
"C20_C001"	0.35694	0.35000	0.05000	-0.05000	0.00694	0.00000
"C19_BC001"	1.43020	1.45000	0.10000	-0.10000	-0.01980	0.00000
"C20_C006"	0.34767	0.35000	0.05000	-0.05000	-0.00233	0.00000
"C20_C011"	0.35265	0.35000	0.05000	-0.05000	0.00265	0.00000
"C20_C016"	0.34433	0.35000	0.05000	-0.05000	-0.00567	0.00000
"C20_C021"	0.34024	0.35000	0.05000	-0.05000	-0.00976	0.00000
"C20_C026"	0.33590	0.35000	0.05000	-0.05000	-0.01410	0.00000
"C20_C031"	0.33700	0.35000	0.05000	-0.05000	-0.01300	0.00000
"C20_C036"	0.34038	0.35000	0.05000	-0.05000	-0.00962	0.00000
"C20_C041"	0.34172	0.35000	0.05000	-0.05000	-0.00828	0.00000
"C20_C046"	0.32588	0.35000	0.05000	-0.05000	-0.02412	0.00000
"C20_C051"	0.32331	0.35000	0.05000	-0.05000	-0.02669	0.00000
"C20_C056"	0.33835	0.35000	0.05000	-0.05000	-0.01165	0.00000
"C20_C060"	0.33977	0.35000	0.05000	-0.05000	-0.01023	0.00000
"C19_BC060"	1.43150	1.45000	0.10000	-0.10000	-0.01850	0.00000
"C11C"	37.47214	37.47000	0.13000	-0.13000	0.00214	0.00000
"C20_D060"	0.36627	0.35000	0.05000	-0.05000	0.01627	0.00000
"C18_CD060"	1.11576	1.09000	0.10000	-0.10000	0.02576	0.00000
"C20_D056"	0.37658	0.35000	0.05000	-0.05000	0.02658	0.00000
"C20_D051"	0.38319	0.35000	0.05000	-0.05000	0.03319	0.00000
"C20_D046"	0.39594	0.35000	0.05000	-0.05000	0.04594	0.00000
"C20_D041"	0.39773	0.35000	0.05000	-0.05000	0.04773	0.00000
"C20_D036"	0.37533	0.35000	0.05000	-0.05000	0.02533	0.00000
"C20_D031"	0.37875	0.35000	0.05000	-0.05000	0.02875	0.00000
"C20_D026"	0.37999	0.35000	0.05000	-0.05000	0.02999	0.00000
"C20_D021"	0.39799	0.35000	0.05000	-0.05000	0.04799	0.00000
"C20_D016"	0.38338	0.35000	0.05000	-0.05000	0.03338	0.00000
"C20_D011"	0.38091	0.35000	0.05000	-0.05000	0.03091	0.00000
"C20_D006"	0.37379	0.35000	0.05000	-0.05000	0.02379	0.00000
"C20_D001"	0.41272	0.35000	0.05000	-0.05000	0.06272	0.01272
"C18_CD001"	1.09597	1.09000	0.10000	-0.10000	0.00597	0.00000
"C11D"	37.45758	37.47000	0.13000	-0.13000	-0.01242	0.00000
"C21"	0.07369	0.00000	0.10000	0.00000	0.07369	0.00000
":END"
":BEGIN"	"09:09:26 11:32:16"
"PATTERN: ADM6-60-01.5[-L][-S][-SLT]-4[-0][-1][-2][-A][-TR][-FR]"
"DISPLAY: accelerate_M20"
"UNIT: "
"C20_A001"	0.36935	0.35000	0.05000	-0.05000	0.01935	0.00000
"C20_A006"	0.36789	0.35000	0.05000	-0.05000	0.01789	0.00000
"C20_A011"	0.39367	0.35000	0.05000	-0.05000	0.04367	0.00000
"C20_A016"	0.38206	0.35000	0.05000	-0.05000	0.03206	0.00000
"C20_A021"	0.38071	0.35000	0.05000	-0.05000	0.03071	0.00000
"C20_A026"	0.38021	0.35000	0.05000	-0.05000	0.03021	0.00000
"C20_A031"	0.37934	0.35000	0.05000	-0.05000	0.02934	0.00000
"C20_A036"	0.37568	0.35000	0.05000	-0.05000	0.02568	0.00000
"C20_A041"	0.37053	0.35000	0.05000	-0.05000	0.02053	0.00000
"C20_A046"	0.36783	0.35000	0.05000	-0.05000	0.01783	0.00000
"C20_A051"	0.38009	0.35000	0.05000	-0.05000	0.03009	0.00000
"C20_A056"	0.35521	0.35000	0.05000	-0.05000	0.00521	0.00000
"C20_A060"	0.34573	0.35000	0.05000	-0.05000	-0.00427	0.00000
"C11A"	37.46620	37.47000	0.13000	-0.13000	-0.00380	0.00000
"C20_B060"	0.35853	0.35000	0.05000	-0.05000	0.00853	0.00000
"C18_AB060"	1.09565	1.09000	0.10000	-0.10000	0.00565	0.00000
"C20_B056"	0.34952	0.35000	0.05000	-0.05000	-0.00048	0.00000
"C20_B051"	0.36208	0.35000	0.05000	-0.05000	0.01208	0.00000
"C20_B046"	0.35847	0.35000	0.05000	-0.05000	0.00847	0.00000
"C20_B041"	0.35316	0.35000	0.05000	-0.05000	0.00316	0.00000
"C20_B036"	0.36691	0.35000	0.05000	-0.05000	0.01691	0.00000
"C20_B031"	0.36506	0.35000	0.05000	-0.05000	0.01506	0.00000
"C20_B026"	0.36282	0.35000	0.05000	-0.05000	0.01282	0.00000
"C20_B021"	0.36758	0.35000	0.05000	-0.05000	0.01758	0.00000
"C20_B016"	0.35346	0.35000	0.05000	-0.05000	0.00346	0.00000
"C20_B011"	0.35402	0.35000	0.05000	-0.05000	0.00402	0.00000
"C20_B006"	0.35023	0.35000	0.05000	-0.05000	0.00023	0.00000
"C20_B001"	0.35600	0.35000	0.05000	-0.05000	0.00600	0.00000
"C18_AB001"	1.12239	1.09000	0.10000	-0.10000	0.03239	0.00000
"C11B"	37.47666	37.47000	0.13000	-0.13000	0.00666	0.00000
"C20_C001"	0.35744	0.35000	0.05000	-0.05000	0.00744	0.00000
"C19_BC001"	1.41758	1.45000	0.10000	-0.10000	-0.03242	0.00000
"C20_C006"	0.34724	0.35000	0.05000	-0.05000	-0.00276	0.00000
"C20_C011"	0.34412	0.35000	0.05000	-0.05000	-0.00588	0.00000
"C20_C016"	0.34420	0.35000	0.05000	-0.05000	-0.00580	0.00000
"C20_C021"	0.34041	0.35000	0.05000	-0.05000	-0.00959	0.00000
"C20_C026"	0.33576	0.35000	0.05000	-0.05000	-0.01424	0.00000
"C20_C031"	0.33734	0.35000	0.05000	-0.05000	-0.01266	0.00000
"C20_C036"	0.34052	0.35000	0.05000	-0.05000	-0.00948	0.00000
"C20_C041"	0.33994	0.35000	0.05000	-0.05000	-0.01006	0.00000
"C20_C046"	0.32560	0.35000	0.05000	-0.05000	-0.02440	0.00000
"C20_C051"	0.32436	0.35000	0.05000	-0.05000	-0.02564	0.00000
"C20_C056"	0.33693	0.35000	0.05000	-0.05000	-0.01307	0.00000
"C20_C060"	0.34042	0.35000	0.05000	-0.05000	-0.00958	0.00000
"C19_BC060"	1.43185	1.45000	0.10000	-0.10000	-0.01815	0.00000
"C11C"	37.47224	37.47000	0.13000	-0.13000	0.00224	0.00000
"C20_D060"	0.36570	0.35000	0.05000	-0.05000	0.01570	0.00000
"C18_CD060"	1.12173	1.09000	0.10000	-0.10000	0.03173	0.00000
"C20_D056"	0.37589	0.35000	0.05000	-0.05000	0.02589	0.00000
"C20_D051"	0.38333	0.35000	0.05000	-0.05000	0.03333	0.00000
"C20_D046"	0.39698	0.35000	0.05000	-0.05000	0.04698	0.00000
"C20_D041"	0.39782	0.35000	0.05000	-0.05000	0.04782	0.00000
"C20_D036"	0.37569	0.35000	0.05000	-0.05000	0.02569	0.00000
"C20_D031"	0.38138	0.35000	0.05000	-0.05000	0.03138	0.00000
"C20_D026"	0.37936	0.35000	0.05000	-0.05000	0.02936	0.00000
"C20_D021"	0.39776	0.35000	0.05000	-0.05000	0.04776	0.00000
"C20_D016"	0.38325	0.35000	0.05000	-0.05000	0.03325	0.00000
"C20_D011"	0.38070	0.35000	0.05000	-0.05000	0.03070	0.00000
"C20_D006"	0.37447	0.35000	0.05000	-0.05000	0.02447	0.00000
"C20_D001"	0.41476	0.35000	0.05000	-0.05000	0.06476	0.01476
"C18_CD001"	1.09418	1.09000	0.10000	-0.10000	0.00418	0.00000
"C11D"	37.45704	37.47000	0.13000	-0.13000	-0.01296	0.00000
"C21"	0.07650	0.00000	0.10000	0.00000	0.07650	0.00000
":END"
":BEGIN"	"09:09:26 11:45:39"
"PATTERN: ADM6-60-01.5[-L][-S][-SLT]-4[-0][-1][-2][-A][-TR][-FR]"
"DISPLAY: accelerate_M20"
"UNIT: "
"C20_A001"	0.36961	0.35000	0.05000	-0.05000	0.01961	0.00000
"C20_A006"	0.36782	0.35000	0.05000	-0.05000	0.01782	0.00000
"C20_A011"	0.39300	0.35000	0.05000	-0.05000	0.04300	0.00000
"C20_A016"	0.38283	0.35000	0.05000	-0.05000	0.03283	0.00000
"C20_A021"	0.38131	0.35000	0.05000	-0.05000	0.03131	0.00000
"C20_A026"	0.38021	0.35000	0.05000	-0.05000	0.03021	0.00000
"C20_A031"	0.37927	0.35000	0.05000	-0.05000	0.02927	0.00000
"C20_A036"	0.37542	0.35000	0.05000	-0.05000	0.02542	0.00000
"C20_A041"	0.37147	0.35000	0.05000	-0.05000	0.02147	0.00000
"C20_A046"	0.36734	0.35000	0.05000	-0.05000	0.01734	0.00000
"C20_A051"	0.37863	0.35000	0.05000	-0.05000	0.02863	0.00000
"C20_A056"	0.35520	0.35000	0.05000	-0.05000	0.00520	0.00000
"C20_A060"	0.34633	0.35000	0.05000	-0.05000	-0.00367	0.00000
"C11A"	37.46663	37.47000	0.13000	-0.13000	-0.00337	0.00000
"C20_B060"	0.35966	0.35000	0.05000	-0.05000	0.00966	0.00000
"C18_AB060"	1.11273	1.09000	0.10000	-0.10000	0.02273	0.00000
"C20_B056"	0.35008	0.35000	0.05000	-0.05000	0.00008	0.00000
"C20_B051"	0.36161	0.35000	0.05000	-0.05000	0.01161	0.00000
"C20_B046"	0.35835	0.35000	0.05000	-0.05000	0.00835	0.00000
"C20_B041"	0.35348	0.35000	0.05000	-0.05000	0.00348	0.00000
"C20_B036"	0.36576	0.35000	0.05000	-0.05000	0.01576	0.00000
"C20_B031"	0.36552	0.35000	0.05000	-0.05000	0.01552	0.00000
"C20_B026"	0.36274	0.35000	0.05000	-0.05000	0.01274	0.00000
"C20_B021"	0.36726	0.35000	0.05000	-0.05000	0.01726	0.00000
"C20_B016"	0.35372	0.35000	0.05000	-0.05000	0.00372	0.00000
"C20_B011"	0.35376	0.35000	0.05000	-0.05000	0.00376	0.00000
"C20_B006"	0.35102	0.35000	0.05000	-0.05000	0.00102	0.00000
"C20_B001"	0.35607	0.35000	0.05000	-0.05000	0.00607	0.00000
"C18_AB001"	1.11019	1.09000	0.10000	-0.10000	0.02019	0.00000
"C11B"	37.47631	37.47000	0.13000	-0.13000	0.00631	0.00000
"C20_C001"	0.35788	0.35000	0.05000	-0.05000	0.00788	0.00000
"C19_BC001"	1.43028	1.45000	0.10000	-0.10000	-0.01972	0.00000
"C20_C006"	0.34809	0.35000	0.05000	-0.05000	-0.00191	0.00000
"C20_C011"	0.34269	0.35000	0.05000	-0.05000	-0.00731	0.00000
"C20_C016"	0.34397	0.35000	0.05000	-0.05000	-0.00603	0.00000
"C20_C021"	0.34070	0.35000	0.05000	-0.05000	-0.00930	0.00000
"C20_C026"	0.33551	0.35000	0.05000	-0.05000	-0.01449	0.00000
"C20_C031"	0.33689	0.35000	0.05000	-0.05000	-0.01311	0.00000
"C20_C036"	0.33993	0.35000	0.05000	-0.05000	-0.01007	0.00000
"C20_C041"	0.34187	0.35000	0.05000	-0.05000	-0.00813	0.00000
"C20_C046"	0.32545	0.35000	0.05000	-0.05000	-0.02455	0.00000
"C20_C051"	0.32456	0.35000	0.05000	-0.05000	-0.02544	0.00000
"C20_C056"	0.33808	0.35000	0.05000	-0.05000	-0.01192	0.00000
"C20_C060"	0.33966	0.35000	0.05000	-0.05000	-0.01034	0.00000
"C19_BC060"	1.42179	1.45000	0.10000	-0.10000	-0.02821	0.00000
"C11C"	37.47266	37.47000	0.13000	-0.13000	0.00266	0.00000
"C20_D060"	0.36506	0.35000	0.05000	-0.05000	0.01506	0.00000
"C18_CD060"	1.12653	1.09000	0.10000	-0.10000	0.03653	0.00000
"C20_D056"	0.37631	0.35000	0.05000	-0.05000	0.02631	0.00000
"C20_D051"	0.38357	0.35000	0.05000	-0.05000	0.03357	0.00000
"C20_D046"	0.39586	0.35000	0.05000	-0.05000	0.04586	0.00000
"C20_D041"	0.39912	0.35000	0.05000	-0.05000	0.04912	0.00000
"C20_D036"	0.37607	0.35000	0.05000	-0.05000	0.02607	0.00000
"C20_D031"	0.38028	0.35000	0.05000	-0.05000	0.03028	0.00000
"C20_D026"	0.37915	0.35000	0.05000	-0.05000	0.02915	0.00000
"C20_D021"	0.39774	0.35000	0.05000	-0.05000	0.04774	0.00000
"C20_D016"	0.38316	0.35000	0.05000	-0.05000	0.03316	0.00000
"C20_D011"	0.38078	0.35000	0.05000	-0.05000	0.03078	0.00000
"C20_D006"	0.37486	0.35000	0.05000	-0.05000	0.02486	0.00000
"C20_D001"	0.41380	0.35000	0.05000	-0.05000	0.06380	0.01380
"C18_CD001"	1.09389	1.09000	0.10000	-0.10000	0.00389	0.00000
"C11D"	37.45650	37.47000	0.13000	-0.13000	-0.01350	0.00000
"C21"	0.07476	0.00000	0.10000	0.00000	0.07476	0.00000
":END"
":BEGIN"	"09:09:26 11:59:04"
"PATTERN: ADM6-60-01.5[-L][-S][-SLT]-4[-0][-1][-2][-A][-TR][-FR]"
"DISPLAY: accelerate_M20"
"UNIT: "
"C20_A001"	0.36988	0.35000	0.05000	-0.05000	0.01988	0.00000
"C20_A006"	0.36763	0.35000	0.05000	-0.05000	0.01763	0.00000
"C20_A011"	0.38827	0.35000	0.05000	-0.05000	0.03827	0.00000
"C20_A016"	0.38218	0.35000	0.05000	-0.05000	0.03218	0.00000
"C20_A021"	0.38052	0.35000	0.05000	-0.05000	0.03052	0.00000
"C20_A026"	0.37951	0.35000	0.05000	-0.05000	0.02951	0.00000
"C20_A031"	0.37787	0.35000	0.05000	-0.05000	0.02787	0.00000
"C20_A036"	0.37492	0.35000	0.05000	-0.05000	0.02492	0.00000
"C20_A041"	0.37125	0.35000	0.05000	-0.05000	0.02125	0.00000
"C20_A046"	0.36747	0.35000	0.05000	-0.05000	0.01747	0.00000
"C20_A051"	0.37907	0.35000	0.05000	-0.05000	0.02907	0.00000
"C20_A056"	0.35485	0.35000	0.05000	-0.05000	0.00485	0.00000
"C20_A060"	0.34627	0.35000	0.05000	-0.05000	-0.00373	0.00000
"C11A"	37.46668	37.47000	0.13000	-0.13000	-0.00332	0.00000
"C20_B060"	0.35876	0.35000	0.05000	-0.05000	0.00876	0.00000
"C18_AB060"	1.09585	1.09000	0.10000	-0.10000	0.00585	0.00000
"C20_B056"	0.34992	0.35000	0.05000	-0.05000	-0.00008	0.00000
"C20_B051"	0.36178	0.35000	0.05000	-0.05000	0.01178	0.00000
"C20_B046"	0.35769	0.35000	0.05000	-0.05000	0.00769	0.00000
"C20_B041"	0.35267	0.35000	0.05000	-0.05000	0.00267	0.00000
"C20_B036"	0.36633	0.35000	0.05000	-0.05000	0.01633	0.00000
"C20_B031"	0.36448	0.35000	0.05000	-0.05000	0.01448	0.00000
"C20_B026"	0.36264	0.35000	0.05000	-0.05000	0.01264	0.00000
"C20_B021"	0.36811	0.35000	0.05000	-0.05000	0.01811	0.00000
"C20_B016"	0.35349	0.35000	0.05000	-0.05000	0.00349	0.00000
"C20_B011"	0.35370	0.35000	0.05000	-0.05000	0.00370	0.00000
"C20_B006"	0.35061	0.35000	0.05000	-0.05000	0.00061	0.00000
"C20_B001"	0.35606	0.35000	0.05000	-0.05000	0.00606	0.00000
"C18_AB001"	1.12256	1.09000	0.10000	-0.10000	0.03256	0.00000
"C11B"	37.47621	37.47000	0.13000	-0.13000	0.00621	0.00000
"C20_C001"	0.35767	0.35000	0.05000	-0.05000	0.00767	0.00000
"C19_BC001"	1.41809	1.45000	0.10000	-0.10000	-0.03191	0.00000
"C20_C006"	0.34747	0.35000	0.05000	-0.05000	-0.00253	0.00000
"C20_C011"	0.35150	0.35000	0.05000	-0.05000	0.00150	0.00000
"C20_C016"	0.34369	0.35000	0.05000	-0.05000	-0.00631	0.00000
"C20_C021"	0.33952	0.35000	0.05000	-0.05000	-0.01048	0.00000
"C20_C026"	0.33918	0.35000	0.05000	-0.05000	-0.01082	0.00000
"C20_C031"	0.33678	0.35000	0.05000	-0.05000	-0.01322	0.00000
"C20_C036"	0.33992	0.35000	0.05000	-0.05000	-0.01008	0.00000
"C20_C041"	0.34201	0.35000	0.05000	-0.05000	-0.00799	0.00000
"C20_C046"	0.32468	0.35000	0.05000	-0.05000	-0.02532	0.00000
"C20_C051"	0.32214	0.35000	0.05000	-0.05000	-0.02786	0.00000
"C20_C056"	0.33855	0.35000	0.05000	-0.05000	-0.01145	0.00000
"C20_C060"	0.33991	0.35000	0.05000	-0.05000	-0.01009	0.00000
"C19_BC060"	1.43175	1.45000	0.10000	-0.10000	-0.01825	0.00000
"C11C"	37.47178	37.47000	0.13000	-0.13000	0.00178	0.00000
"C20_D060"	0.36670	0.35000	0.05000	-0.05000	0.01670	0.00000
"C18_CD060"	1.12331	1.09000	0.10000	-0.10000	0.03331	0.00000
"C20_D056"	0.37585	0.35000	0.05000	-0.05000	0.02585	0.00000
"C20_D051"	0.38272	0.35000	0.05000	-0.05000	0.03272	0.00000
"C20_D046"	0.39175	0.35000	0.05000	-0.05000	0.04175	0.00000
"C20_D041"	0.39884	0.35000	0.05000	-0.05000	0.04884	0.00000
"C20_D036"	0.37563	0.35000	0.05000	-0.05000	0.02563	0.00000
"C20_D031"	0.38165	0.35000	0.05000	-0.05000	0.03165	0.00000
"C20_D026"	0.38013	0.35000	0.05000	-0.05000	0.03013	0.00000
"C20_D021"	0.39832	0.35000	0.05000	-0.05000	0.04832	0.00000
"C20_D016"	0.38375	0.35000	0.05000	-0.05000	0.03375	0.00000
"C20_D011"	0.38041	0.35000	0.05000	-0.05000	0.03041	0.00000
"C20_D006"	0.37384	0.35000	0.05000	-0.05000	0.02384	0.00000
"C20_D001"	0.41461	0.35000	0.05000	-0.05000	0.06461	0.01461
"C18_CD001"	1.09419	1.09000	0.10000	-0.10000	0.00419	0.00000
"C11D"	37.45734	37.47000	0.13000	-0.13000	-0.01266	0.00000
"C21"	0.07559	0.00000	0.10000	0.00000	0.07559	0.00000
":END"
":BEGIN"	"09:09:26 12:12:13"
"PATTERN: ADM6-60-01.5[-L][-S][-SLT]-4[-0][-1][-2][-A][-TR][-FR]"
"DISPLAY: accelerate_M20"
"UNIT: "
"C20_A001"	0.37006	0.35000	0.05000	-0.05000	0.02006	0.00000
"C20_A006"	0.36906	0.35000	0.05000	-0.05000	0.01906	0.00000
"C20_A011"	0.39361	0.35000	0.05000	-0.05000	0.04361	0.00000
"C20_A016"	0.38204	0.35000	0.05000	-0.05000	0.03204	0.00000
"C20_A021"	0.38156	0.35000	0.05000	-0.05000	0.03156	0.00000
"C20_A026"	0.38068	0.35000	0.05000	-0.05000	0.03068	0.00000
"C20_A031"	0.37850	0.35000	0.05000	-0.05000	0.02850	0.00000
"C20_A036"	0.37609	0.35000	0.05000	-0.05000	0.02609	0.00000
"C20_A041"	0.37069	0.35000	0.05000	-0.05000	0.02069	0.00000
"C20_A046"	0.36778	0.35000	0.05000	-0.05000	0.01778	0.00000
"C20_A051"	0.37984	0.35000	0.05000	-0.05000	0.02984	0.00000
"C20_A056"	0.35490	0.35000	0.05000	-0.05000	0.00490	0.00000
"C20_A060"	0.34680	0.35000	0.05000	-0.05000	-0.00320	0.00000
"C11A"	37.46813	37.47000	0.13000	-0.13000	-0.00187	0.00000
"C20_B060"	0.35804	0.35000	0.05000	-0.05000	0.00804	0.00000
"C18_AB060"	1.09592	1.09000	0.10000	-0.10000	0.00592	0.00000
"C20_B056"	0.34887	0.35000	0.05000	-0.05000	-0.00113	0.00000
"C20_B051"	0.36228	0.35000	0.05000	-0.05000	0.01228	0.00000
"C20_B046"	0.35790	0.35000	0.05000	-0.05000	0.00790	0.00000
"C20_B041"	0.35283	0.35000	0.05000	-0.05000	0.00283	0.00000
"C20_B036"	0.36556	0.35000	0.05000	-0.05000	0.01556	0.00000
"C20_B031"	0.36405	0.35000	0.05000	-0.05000	0.01405	0.00000
"C20_B026"	0.36210	0.35000	0.05000	-0.05000	0.01210	0.00000
"C20_B021"	0.36723	0.35000	0.05000	-0.05000	0.01723	0.00000
"C20_B016"	0.35295	0.35000	0.05000	-0.05000	0.00295	0.00000
"C20_B011"	0.35356	0.35000	0.05000	-0.05000	0.00356	0.00000
"C20_B006"	0.35010	0.35000	0.05000	-0.05000	0.00010	0.00000
"C20_B001"	0.35545	0.35000	0.05000	-0.05000	0.00545	0.00000
"C18_AB001"	1.10908	1.09000	0.10000	-0.10000	0.01908	0.00000
"C11B"	37.47581	37.47000	0.13000	-0.13000	0.00581	0.00000
"C20_C001"	0.35923	0.35000	0.05000	-0.05000	0.00923	0.00000
"C19_BC001"	1.43131	1.45000	0.10000	-0.10000	-0.01869	0.00000
"C20_C006"	0.34816	0.35000	0.05000	-0.05000	-0.00184	0.00000
"C20_C011"	0.34652	0.35000	0.05000	-0.05000	-0.00348	0.00000
"C20_C016"	0.34503	0.35000	0.05000	-0.05000	-0.00497	0.00000
"C20_C021"	0.34074	0.35000	0.05000	-0.05000	-0.00926	0.00000
"C20_C026"	0.33592	0.35000	0.05000	-0.05000	-0.01408	0.00000
"C20_C031"	0.33650	0.35000	0.05000	-0.05000	-0.01350	0.00000
"C20_C036"	0.34077	0.35000	0.05000	-0.05000	-0.00923	0.00000
"C20_C041"	0.34186	0.35000	0.05000	-0.05000	-0.00814	0.00000
"C20_C046"	0.32581	0.35000	0.05000	-0.05000	-0.02419	0.00000
"C20_C051"	0.32482	0.35000	0.05000	-0.05000	-0.02518	0.00000
"C20_C056"	0.33966	0.35000	0.05000	-0.05000	-0.01034	0.00000
"C20_C060"	0.33955	0.35000	0.05000	-0.05000	-0.01045	0.00000
"C19_BC060"	1.43192	1.45000	0.10000	-0.10000	-0.01808	0.00000
"C11C"	37.47137	37.47000	0.13000	-0.13000	0.00137	0.00000
"C20_D060"	0.36513	0.35000	0.05000	-0.05000	0.01513	0.00000
"C18_CD060"	1.12348	1.09000	0.10000	-0.10000	0.03348	0.00000
"C20_D056"	0.37708	0.35000	0.05000	-0.05000	0.02708	0.00000
"C20_D051"	0.38320	0.35000	0.05000	-0.05000	0.03320	0.00000
"C20_D046"	0.39651	0.35000	0.05000	-0.05000	0.04651	0.00000
"C20_D041"	0.39744	0.35000	0.05000	-0.05000	0.04744	0.00000
"C20_D036"	0.37531	0.35000	0.05000	-0.05000	0.02531	0.00000
"C20_D031"	0.38351	0.35000	0.05000	-0.05000	0.03351	0.00000
"C20_D026"	0.37944	0.35000	0.05000	-0.05000	0.02944	0.00000
"C20_D021"	0.39817	0.35000	0.05000	-0.05000	0.04817	0.00000
"C20_D016"	0.38272	0.35000	0.05000	-0.05000	0.03272	0.00000
"C20_D011"	0.38085	0.35000	0.05000	-0.05000	0.03085	0.00000
"C20_D006"	0.37296	0.35000	0.05000	-0.05000	0.02296	0.00000
"C20_D001"	0.41443	0.35000	0.05000	-0.05000	0.06443	0.01443
"C18_CD001"	1.09662	1.09000	0.10000	-0.10000	0.00662	0.00000
"C11D"	37.45747	37.47000	0.13000	-0.13000	-0.01253	0.00000
"C21"	0.07437	0.00000	0.10000	0.00000	0.07437	0.00000
":END"
":BEGIN"	"09:09:26 12:40:32"
"PATTERN: ADM6-60-01.5[-L][-S][-SLT]-4[-0][-1][-2][-A][-TR][-FR]"
"DISPLAY: accelerate_M20"
"UNIT: "
"C20_A001"	0.37798	0.35000	0.05000	-0.05000	0.02798	0.00000
"C20_A006"	0.37727	0.35000	0.05000	-0.05000	0.02727	0.00000
"C20_A011"	0.38185	0.35000	0.05000	-0.05000	0.03185	0.00000
"C20_A016"	0.37783	0.35000	0.05000	-0.05000	0.02783	0.00000
"C20_A021"	0.36847	0.35000	0.05000	-0.05000	0.01847	0.00000
"C20_A026"	0.37885	0.35000	0.05000	-0.05000	0.02885	0.00000
"C20_A031"	0.37288	0.35000	0.05000	-0.05000	0.02288	0.00000
"C20_A036"	0.35215	0.35000	0.05000	-0.05000	0.00215	0.00000
"C20_A041"	0.35803	0.35000	0.05000	-0.05000	0.00803	0.00000
"C20_A046"	0.35048	0.35000	0.05000	-0.05000	0.00048	0.00000
"C20_A051"	0.33878	0.35000	0.05000	-0.05000	-0.01122	0.00000
"C20_A056"	0.34351	0.35000	0.05000	-0.05000	-0.00649	0.00000
"C20_A060"	0.35014	0.35000	0.05000	-0.05000	0.00014	0.00000
"C11A"	37.46383	37.47000	0.13000	-0.13000	-0.00617	0.00000
"C20_B060"	0.34937	0.35000	0.05000	-0.05000	-0.00063	0.00000
"C18_AB060"	1.10711	1.09000	0.10000	-0.10000	0.01711	0.00000
"C20_B056"	0.34289	0.35000	0.05000	-0.05000	-0.00711	0.00000
"C20_B051"	0.34550	0.35000	0.05000	-0.05000	-0.00450	0.00000
"C20_B046"	0.35726	0.35000	0.05000	-0.05000	0.00726	0.00000
"C20_B041"	0.35396	0.35000	0.05000	-0.05000	0.00396	0.00000
"C20_B036"	0.34564	0.35000	0.05000	-0.05000	-0.00436	0.00000
"C20_B031"	0.36017	0.35000	0.05000	-0.05000	0.01017	0.00000
"C20_B026"	0.34865	0.35000	0.05000	-0.05000	-0.00135	0.00000
"C20_B021"	0.35084	0.35000	0.05000	-0.05000	0.00084	0.00000
"C20_B016"	0.35435	0.35000	0.05000	-0.05000	0.00435	0.00000
"C20_B011"	0.36073	0.35000	0.05000	-0.05000	0.01073	0.00000
"C20_B006"	0.34718	0.35000	0.05000	-0.05000	-0.00282	0.00000
"C20_B001"	0.35415	0.35000	0.05000	-0.05000	0.00415	0.00000
"C18_AB001"	1.13534	1.09000	0.10000	-0.10000	0.04534	0.00000
"C11B"	37.47450	37.47000	0.13000	-0.13000	0.00450	0.00000
"C20_C001"	0.35137	0.35000	0.05000	-0.05000	0.00137	0.00000
"C19_BC001"	1.39353	1.45000	0.10000	-0.10000	-0.05647	0.00000
"C20_C006"	0.34054	0.35000	0.05000	-0.05000	-0.00946	0.00000
"C20_C011"	0.34729	0.35000	0.05000	-0.05000	-0.00271	0.00000
"C20_C016"	0.33575	0.35000	0.05000	-0.05000	-0.01425	0.00000
"C20_C021"	0.34994	0.35000	0.05000	-0.05000	-0.00006	0.00000
"C20_C026"	0.32302	0.35000	0.05000	-0.05000	-0.02698	0.00000
"C20_C031"	0.33183	0.35000	0.05000	-0.05000	-0.01817	0.00000
"C20_C036"	0.34455	0.35000	0.05000	-0.05000	-0.00545	0.00000
"C20_C041"	0.32346	0.35000	0.05000	-0.05000	-0.02654	0.00000
"C20_C046"	0.32739	0.35000	0.05000	-0.05000	-0.02261	0.00000
"C20_C051"	0.33628	0.35000	0.05000	-0.05000	-0.01372	0.00000
"C20_C056"	0.32461	0.35000	0.05000	-0.05000	-0.02539	0.00000
"C20_C060"	0.32415	0.35000	0.05000	-0.05000	-0.02585	0.00000
"C19_BC060"	1.40793	1.45000	0.10000	-0.10000	-0.04207	0.00000
"C11C"	37.47001	37.47000	0.13000	-0.13000	0.00001	0.00000
"C20_D060"	0.38185	0.35000	0.05000	-0.05000	0.03185	0.00000
"C18_CD060"	1.12712	1.09000	0.10000	-0.10000	0.03712	0.00000
"C20_D056"	0.37568	0.35000	0.05000	-0.05000	0.02568	0.00000
"C20_D051"	0.37430	0.35000	0.05000	-0.05000	0.02430	0.00000
"C20_D046"	0.37107	0.35000	0.05000	-0.05000	0.02107	0.00000
"C20_D041"	0.37908	0.35000	0.05000	-0.05000	0.02908	0.00000
"C20_D036"	0.36553	0.35000	0.05000	-0.05000	0.01553	0.00000
"C20_D031"	0.36325	0.35000	0.05000	-0.05000	0.01325	0.00000
"C20_D026"	0.36114	0.35000	0.05000	-0.05000	0.01114	0.00000
"C20_D021"	0.38026	0.35000	0.05000	-0.05000	0.03026	0.00000
"C20_D016"	0.36693	0.35000	0.05000	-0.05000	0.01693	0.00000
"C20_D011"	0.38003	0.35000	0.05000	-0.05000	0.03003	0.00000
"C20_D006"	0.36937	0.35000	0.05000	-0.05000	0.01937	0.00000
"C20_D001"	0.38552	0.35000	0.05000	-0.05000	0.03552	0.00000
"C18_CD001"	1.12446	1.09000	0.10000	-0.10000	0.03446	0.00000
"C11D"	37.45726	37.47000	0.13000	-0.13000	-0.01274	0.00000
"C21"	0.06495	0.00000	0.10000	0.00000	0.06495	0.00000
":END"
":BEGIN"	"09:09:26 12:58:25"
"PATTERN: ADM6-60-01.5[-L][-S][-SLT]-4[-0][-1][-2][-A][-TR][-FR]"
"DISPLAY: accelerate_M20"
"UNIT: "
"C20_A001"	0.37828	0.35000	0.05000	-0.05000	0.02828	0.00000
"C20_A006"	0.37665	0.35000	0.05000	-0.05000	0.02665	0.00000
"C20_A011"	0.38167	0.35000	0.05000	-0.05000	0.03167	0.00000
"C20_A016"	0.37813	0.35000	0.05000	-0.05000	0.02813	0.00000
"C20_A021"	0.36797	0.35000	0.05000	-0.05000	0.01797	0.00000
"C20_A026"	0.37809	0.35000	0.05000	-0.05000	0.02809	0.00000
"C20_A031"	0.37239	0.35000	0.05000	-0.05000	0.02239	0.00000
"C20_A036"	0.35134	0.35000	0.05000	-0.05000	0.00134	0.00000
"C20_A041"	0.35650	0.35000	0.05000	-0.05000	0.00650	0.00000
"C20_A046"	0.34621	0.35000	0.05000	-0.05000	-0.00379	0.00000
"C20_A051"	0.33818	0.35000	0.05000	-0.05000	-0.01182	0.00000
"C20_A056"	0.34259	0.35000	0.05000	-0.05000	-0.00741	0.00000
"C20_A060"	0.34874	0.35000	0.05000	-0.05000	-0.00126	0.00000
"C11A"	37.46233	37.47000	0.13000	-0.13000	-0.00767	0.00000
"C20_B060"	0.35080	0.35000	0.05000	-0.05000	0.00080	0.00000
"C18_AB060"	1.10599	1.09000	0.10000	-0.10000	0.01599	0.00000
"C20_B056"	0.34384	0.35000	0.05000	-0.05000	-0.00616	0.00000
"C20_B051"	0.34577	0.35000	0.05000	-0.05000	-0.00423	0.00000
"C20_B046"	0.35630	0.35000	0.05000	-0.05000	0.00630	0.00000
"C20_B041"	0.35373	0.35000	0.05000	-0.05000	0.00373	0.00000
"C20_B036"	0.34459	0.35000	0.05000	-0.05000	-0.00541	0.00000
"C20_B031"	0.36113	0.35000	0.05000	-0.05000	0.01113	0.00000
"C20_B026"	0.34924	0.35000	0.05000	-0.05000	-0.00076	0.00000
"C20_B021"	0.35134	0.35000	0.05000	-0.05000	0.00134	0.00000
"C20_B016"	0.35370	0.35000	0.05000	-0.05000	0.00370	0.00000
"C20_B011"	0.36141	0.35000	0.05000	-0.05000	0.01141	0.00000
"C20_B006"	0.34805	0.35000	0.05000	-0.05000	-0.00195	0.00000
"C20_B001"	0.35637	0.35000	0.05000	-0.05000	0.00637	0.00000
"C18_AB001"	1.13657	1.09000	0.10000	-0.10000	0.04657	0.00000
"C11B"	37.47541	37.47000	0.13000	-0.13000	0.00541	0.00000
"C20_C001"	0.35114	0.35000	0.05000	-0.05000	0.00114	0.00000
"C19_BC001"	1.39335	1.45000	0.10000	-0.10000	-0.05665	0.00000
"C20_C006"	0.34100	0.35000	0.05000	-0.05000	-0.00900	0.00000
"C20_C011"	0.34617	0.35000	0.05000	-0.05000	-0.00383	0.00000
"C20_C016"	0.33595	0.35000	0.05000	-0.05000	-0.01405	0.00000
"C20_C021"	0.34994	0.35000	0.05000	-0.05000	-0.00006	0.00000
"C20_C026"	0.32695	0.35000	0.05000	-0.05000	-0.02305	0.00000
"C20_C031"	0.33190	0.35000	0.05000	-0.05000	-0.01810	0.00000
"C20_C036"	0.34333	0.35000	0.05000	-0.05000	-0.00667	0.00000
"C20_C041"	0.32277	0.35000	0.05000	-0.05000	-0.02723	0.00000
"C20_C046"	0.32633	0.35000	0.05000	-0.05000	-0.02367	0.00000
"C20_C051"	0.33454	0.35000	0.05000	-0.05000	-0.01546	0.00000
"C20_C056"	0.32536	0.35000	0.05000	-0.05000	-0.02464	0.00000
"C20_C060"	0.32270	0.35000	0.05000	-0.05000	-0.02730	0.00000
"C19_BC060"	1.40817	1.45000	0.10000	-0.10000	-0.04183	0.00000
"C11C"	37.46979	37.47000	0.13000	-0.13000	-0.00021	0.00000
"C20_D060"	0.38274	0.35000	0.05000	-0.05000	0.03274	0.00000
"C18_CD060"	1.12731	1.09000	0.10000	-0.10000	0.03731	0.00000
"C20_D056"	0.37620	0.35000	0.05000	-0.05000	0.02620	0.00000
"C20_D051"	0.37632	0.35000	0.05000	-0.05000	0.02632	0.00000
"C20_D046"	0.37101	0.35000	0.05000	-0.05000	0.02101	0.00000
"C20_D041"	0.38051	0.35000	0.05000	-0.05000	0.03051	0.00000
"C20_D036"	0.36517	0.35000	0.05000	-0.05000	0.01517	0.00000
"C20_D031"	0.36278	0.35000	0.05000	-0.05000	0.01278	0.00000
"C20_D026"	0.36146	0.35000	0.05000	-0.05000	0.01146	0.00000
"C20_D021"	0.38079	0.35000	0.05000	-0.05000	0.03079	0.00000
"C20_D016"	0.36741	0.35000	0.05000	-0.05000	0.01741	0.00000
"C20_D011"	0.37984	0.35000	0.05000	-0.05000	0.02984	0.00000
"C20_D006"	0.37026	0.35000	0.05000	-0.05000	0.02026	0.00000
"C20_D001"	0.38618	0.35000	0.05000	-0.05000	0.03618	0.00000
"C18_CD001"	1.12704	1.09000	0.10000	-0.10000	0.03703	0.00000
"C11D"	37.45712	37.47000	0.13000	-0.13000	-0.01288	0.00000
"C21"	0.06354	0.00000	0.10000	0.00000	0.06354	0.00000
":END"
":BEGIN"	"09:09:26 13:11:49"
"PATTERN: ADM6-60-01.5[-L][-S][-SLT]-4[-0][-1][-2][-A][-TR][-FR]"
"DISPLAY: accelerate_M20"
"UNIT: "
"C20_A001"	0.37826	0.35000	0.05000	-0.05000	0.02826	0.00000
"C20_A006"	0.37548	0.35000	0.05000	-0.05000	0.02548	0.00000
"C20_A011"	0.38146	0.35000	0.05000	-0.05000	0.03146	0.00000
"C20_A016"	0.37720	0.35000	0.05000	-0.05000	0.02720	0.00000
"C20_A021"	0.36834	0.35000	0.05000	-0.05000	0.01834	0.00000
"C20_A026"	0.37737	0.35000	0.05000	-0.05000	0.02737	0.00000
"C20_A031"	0.37155	0.35000	0.05000	-0.05000	0.02155	0.00000
"C20_A036"	0.35102	0.35000	0.05000	-0.05000	0.00102	0.00000
"C20_A041"	0.35687	0.35000	0.05000	-0.05000	0.00687	0.00000
"C20_A046"	0.34951	0.35000	0.05000	-0.05000	-0.00049	0.00000
"C20_A051"	0.33980	0.35000	0.05000	-0.05000	-0.01020	0.00000
"C20_A056"	0.34125	0.35000	0.05000	-0.05000	-0.00875	0.00000
"C20_A060"	0.34831	0.35000	0.05000	-0.05000	-0.00169	0.00000
"C11A"	37.46235	37.47000	0.13000	-0.13000	-0.00765	0.00000
"C20_B060"	0.35046	0.35000	0.05000	-0.05000	0.00046	0.00000
"C18_AB060"	1.11170	1.09000	0.10000	-0.10000	0.02170	0.00000
"C20_B056"	0.34500	0.35000	0.05000	-0.05000	-0.00500	0.00000
"C20_B051"	0.34624	0.35000	0.05000	-0.05000	-0.00376	0.00000
"C20_B046"	0.35684	0.35000	0.05000	-0.05000	0.00684	0.00000
"C20_B041"	0.35415	0.35000	0.05000	-0.05000	0.00415	0.00000
"C20_B036"	0.34603	0.35000	0.05000	-0.05000	-0.00397	0.00000
"C20_B031"	0.36099	0.35000	0.05000	-0.05000	0.01099	0.00000
"C20_B026"	0.34973	0.35000	0.05000	-0.05000	-0.00027	0.00000
"C20_B021"	0.35203	0.35000	0.05000	-0.05000	0.00203	0.00000
"C20_B016"	0.35356	0.35000	0.05000	-0.05000	0.00356	0.00000
"C20_B011"	0.36157	0.35000	0.05000	-0.05000	0.01157	0.00000
"C20_B006"	0.34826	0.35000	0.05000	-0.05000	-0.00174	0.00000
"C20_B001"	0.35611	0.35000	0.05000	-0.05000	0.00611	0.00000
"C18_AB001"	1.13541	1.09000	0.10000	-0.10000	0.04541	0.00000
"C11B"	37.47551	37.47000	0.13000	-0.13000	0.00551	0.00000
"C20_C001"	0.35092	0.35000	0.05000	-0.05000	0.00092	0.00000
"C19_BC001"	1.41027	1.45000	0.10000	-0.10000	-0.03973	0.00000
"C20_C006"	0.34087	0.35000	0.05000	-0.05000	-0.00913	0.00000
"C20_C011"	0.34736	0.35000	0.05000	-0.05000	-0.00264	0.00000
"C20_C016"	0.33704	0.35000	0.05000	-0.05000	-0.01296	0.00000
"C20_C021"	0.34869	0.35000	0.05000	-0.05000	-0.00131	0.00000
"C20_C026"	0.32452	0.35000	0.05000	-0.05000	-0.02548	0.00000
"C20_C031"	0.33223	0.35000	0.05000	-0.05000	-0.01777	0.00000
"C20_C036"	0.34054	0.35000	0.05000	-0.05000	-0.00946	0.00000
"C20_C041"	0.32509	0.35000	0.05000	-0.05000	-0.02491	0.00000
"C20_C046"	0.32672	0.35000	0.05000	-0.05000	-0.02328	0.00000
"C20_C051"	0.33436	0.35000	0.05000	-0.05000	-0.01564	0.00000
"C20_C056"	0.32505	0.35000	0.05000	-0.05000	-0.02495	0.00000
"C20_C060"	0.32380	0.35000	0.05000	-0.05000	-0.02620	0.00000
"C19_BC060"	1.42568	1.45000	0.10000	-0.10000	-0.02432	0.00000
"C11C"	37.46942	37.47000	0.13000	-0.13000	-0.00058	0.00000
"C20_D060"	0.38250	0.35000	0.05000	-0.05000	0.03250	0.00000
"C18_CD060"	1.11203	1.09000	0.10000	-0.10000	0.02203	0.00000
"C20_D056"	0.37638	0.35000	0.05000	-0.05000	0.02638	0.00000
"C20_D051"	0.37648	0.35000	0.05000	-0.05000	0.02648	0.00000
"C20_D046"	0.37178	0.35000	0.05000	-0.05000	0.02178	0.00000
"C20_D041"	0.38023	0.35000	0.05000	-0.05000	0.03023	0.00000
"C20_D036"	0.36564	0.35000	0.05000	-0.05000	0.01564	0.00000
"C20_D031"	0.36304	0.35000	0.05000	-0.05000	0.01304	0.00000
"C20_D026"	0.36146	0.35000	0.05000	-0.05000	0.01146	0.00000
"C20_D021"	0.38120	0.35000	0.05000	-0.05000	0.03120	0.00000
"C20_D016"	0.36753	0.35000	0.05000	-0.05000	0.01753	0.00000
"C20_D011"	0.38159	0.35000	0.05000	-0.05000	0.03159	0.00000
"C20_D006"	0.36963	0.35000	0.05000	-0.05000	0.01963	0.00000
"C20_D001"	0.38648	0.35000	0.05000	-0.05000	0.03648	0.00000
"C18_CD001"	1.11026	1.09000	0.10000	-0.10000	0.02026	0.00000
"C11D"	37.45646	37.47000	0.13000	-0.13000	-0.01354	0.00000
"C21"	0.06316	0.00000	0.10000	0.00000	0.06316	0.00000
":END"
":BEGIN"	"09:09:26 13:25:13"
"PATTERN: ADM6-60-01.5[-L][-S][-SLT]-4[-0][-1][-2][-A][-TR][-FR]"
"DISPLAY: accelerate_M20"
"UNIT: "
"C20_A001"	0.37837	0.35000	0.05000	-0.05000	0.02837	0.00000
"C20_A006"	0.37669	0.35000	0.05000	-0.05000	0.02669	0.00000
"C20_A011"	0.38122	0.35000	0.05000	-0.05000	0.03122	0.00000
"C20_A016"	0.37633	0.35000	0.05000	-0.05000	0.02633	0.00000
"C20_A021"	0.36814	0.35000	0.05000	-0.05000	0.01814	0.00000
"C20_A026"	0.37793	0.35000	0.05000	-0.05000	0.02793	0.00000
"C20_A031"	0.37168	0.35000	0.05000	-0.05000	0.02168	0.00000
"C20_A036"	0.35074	0.35000	0.05000	-0.05000	0.00074	0.00000
"C20_A041"	0.35711	0.35000	0.05000	-0.05000	0.00711	0.00000
"C20_A046"	0.34951	0.35000	0.05000	-0.05000	-0.00049	0.00000
"C20_A051"	0.33817	0.35000	0.05000	-0.05000	-0.01183	0.00000
"C20_A056"	0.34264	0.35000	0.05000	-0.05000	-0.00736	0.00000
"C20_A060"	0.34970	0.35000	0.05000	-0.05000	-0.00030	0.00000
"C11A"	37.46261	37.47000	0.13000	-0.13000	-0.00739	0.00000
"C20_B060"	0.35124	0.35000	0.05000	-0.05000	0.00124	0.00000
"C18_AB060"	1.10370	1.09000	0.10000	-0.10000	0.01370	0.00000
"C20_B056"	0.34343	0.35000	0.05000	-0.05000	-0.00657	0.00000
"C20_B051"	0.34554	0.35000	0.05000	-0.05000	-0.00446	0.00000
"C20_B046"	0.35511	0.35000	0.05000	-0.05000	0.00511	0.00000
"C20_B041"	0.35267	0.35000	0.05000	-0.05000	0.00267	0.00000
"C20_B036"	0.34512	0.35000	0.05000	-0.05000	-0.00488	0.00000
"C20_B031"	0.36100	0.35000	0.05000	-0.05000	0.01100	0.00000
"C20_B026"	0.34905	0.35000	0.05000	-0.05000	-0.00095	0.00000
"C20_B021"	0.35184	0.35000	0.05000	-0.05000	0.00184	0.00000
"C20_B016"	0.35414	0.35000	0.05000	-0.05000	0.00414	0.00000
"C20_B011"	0.36133	0.35000	0.05000	-0.05000	0.01133	0.00000
"C20_B006"	0.34762	0.35000	0.05000	-0.05000	-0.00238	0.00000
"C20_B001"	0.35670	0.35000	0.05000	-0.05000	0.00670	0.00000
"C18_AB001"	1.13536	1.09000	0.10000	-0.10000	0.04536	0.00000
"C11B"	37.47489	37.47000	0.13000	-0.13000	0.00489	0.00000
"C20_C001"	0.35120	0.35000	0.05000	-0.05000	0.00120	0.00000
"C19_BC001"	1.39622	1.45000	0.10000	-0.10000	-0.05378	0.00000
"C20_C006"	0.34072	0.35000	0.05000	-0.05000	-0.00928	0.00000
"C20_C011"	0.34673	0.35000	0.05000	-0.05000	-0.00327	0.00000
"C20_C016"	0.33700	0.35000	0.05000	-0.05000	-0.01300	0.00000
"C20_C021"	0.34966	0.35000	0.05000	-0.05000	-0.00034	0.00000
"C20_C026"	0.32690	0.35000	0.05000	-0.05000	-0.02310	0.00000
"C20_C031"	0.33198	0.35000	0.05000	-0.05000	-0.01802	0.00000
"C20_C036"	0.34332	0.35000	0.05000	-0.05000	-0.00668	0.00000
"C20_C041"	0.32394	0.35000	0.05000	-0.05000	-0.02606	0.00000
"C20_C046"	0.32655	0.35000	0.05000	-0.05000	-0.02345	0.00000
"C20_C051"	0.33529	0.35000	0.05000	-0.05000	-0.01471	0.00000
"C20_C056"	0.32516	0.35000	0.05000	-0.05000	-0.02484	0.00000
"C20_C060"	0.32403	0.35000	0.05000	-0.05000	-0.02597	0.00000
"C19_BC060"	1.41066	1.45000	0.10000	-0.10000	-0.03934	0.00000
"C11C"	37.46957	37.47000	0.13000	-0.13000	-0.00043	0.00000
"C20_D060"	0.38269	0.35000	0.05000	-0.05000	0.03269	0.00000
"C18_CD060"	1.12722	1.09000	0.10000	-0.10000	0.03722	0.00000
"C20_D056"	0.37657	0.35000	0.05000	-0.05000	0.02657	0.00000
"C20_D051"	0.37504	0.35000	0.05000	-0.05000	0.02504	0.00000
"C20_D046"	0.37021	0.35000	0.05000	-0.05000	0.02021	0.00000
"C20_D041"	0.38086	0.35000	0.05000	-0.05000	0.03086	0.00000
"C20_D036"	0.36506	0.35000	0.05000	-0.05000	0.01506	0.00000
"C20_D031"	0.36396	0.35000	0.05000	-0.05000	0.01396	0.00000
"C20_D026"	0.36124	0.35000	0.05000	-0.05000	0.01124	0.00000
"C20_D021"	0.38131	0.35000	0.05000	-0.05000	0.03131	0.00000
"C20_D016"	0.36705	0.35000	0.05000	-0.05000	0.01705	0.00000
"C20_D011"	0.38145	0.35000	0.05000	-0.05000	0.03145	0.00000
"C20_D006"	0.37036	0.35000	0.05000	-0.05000	0.02036	0.00000
"C20_D001"	0.38653	0.35000	0.05000	-0.05000	0.03653	0.00000
"C18_CD001"	1.12300	1.09000	0.10000	-0.10000	0.03300	0.00000
"C11D"	37.45666	37.47000	0.13000	-0.13000	-0.01334	0.00000
"C21"	0.06315	0.00000	0.10000	0.00000	0.06315	0.00000
":END"
":BEGIN"	"09:09:26 13:38:38"
"PATTERN: ADM6-60-01.5[-L][-S][-SLT]-4[-0][-1][-2][-A][-TR][-FR]"
"DISPLAY: accelerate_M20"
"UNIT: "
"C20_A001"	0.37808	0.35000	0.05000	-0.05000	0.02808	0.00000
"C20_A006"	0.37659	0.35000	0.05000	-0.05000	0.02659	0.00000
"C20_A011"	0.38178	0.35000	0.05000	-0.05000	0.03178	0.00000
"C20_A016"	0.37688	0.35000	0.05000	-0.05000	0.02688	0.00000
"C20_A021"	0.36735	0.35000	0.05000	-0.05000	0.01735	0.00000
"C20_A026"	0.37749	0.35000	0.05000	-0.05000	0.02749	0.00000
"C20_A031"	0.37203	0.35000	0.05000	-0.05000	0.02203	0.00000
"C20_A036"	0.35091	0.35000	0.05000	-0.05000	0.00091	0.00000
"C20_A041"	0.35655	0.35000	0.05000	-0.05000	0.00655	0.00000
"C20_A046"	0.34926	0.35000	0.05000	-0.05000	-0.00074	0.00000
"C20_A051"	0.33827	0.35000	0.05000	-0.05000	-0.01173	0.00000
"C20_A056"	0.34254	0.35000	0.05000	-0.05000	-0.00746	0.00000
"C20_A060"	0.34924	0.35000	0.05000	-0.05000	-0.00076	0.00000
"C11A"	37.46250	37.47000	0.13000	-0.13000	-0.00750	0.00000
"C20_B060"	0.34933	0.35000	0.05000	-0.05000	-0.00067	0.00000
"C18_AB060"	1.10552	1.09000	0.10000	-0.10000	0.01552	0.00000
"C20_B056"	0.34526	0.35000	0.05000	-0.05000	-0.00474	0.00000
"C20_B051"	0.34524	0.35000	0.05000	-0.05000	-0.00476	0.00000
"C20_B046"	0.35510	0.35000	0.05000	-0.05000	0.00510	0.00000
"C20_B041"	0.35310	0.35000	0.05000	-0.05000	0.00310	0.00000
"C20_B036"	0.34453	0.35000	0.05000	-0.05000	-0.00547	0.00000
"C20_B031"	0.36087	0.35000	0.05000	-0.05000	0.01087	0.00000
"C20_B026"	0.34817	0.35000	0.05000	-0.05000	-0.00183	0.00000
"C20_B021"	0.35068	0.35000	0.05000	-0.05000	0.00068	0.00000
"C20_B016"	0.35365	0.35000	0.05000	-0.05000	0.00365	0.00000
"C20_B011"	0.36111	0.35000	0.05000	-0.05000	0.01111	0.00000
"C20_B006"	0.34740	0.35000	0.05000	-0.05000	-0.00260	0.00000
"C20_B001"	0.35588	0.35000	0.05000	-0.05000	0.00588	0.00000
"C18_AB001"	1.13790	1.09000	0.10000	-0.10000	0.04790	0.00000
"C11B"	37.47629	37.47000	0.13000	-0.13000	0.00629	0.00000
"C20_C001"	0.35122	0.35000	0.05000	-0.05000	0.00122	0.00000
"C19_BC001"	1.39302	1.45000	0.10000	-0.10000	-0.05698	0.00000
"C20_C006"	0.34064	0.35000	0.05000	-0.05000	-0.00936	0.00000
"C20_C011"	0.34717	0.35000	0.05000	-0.05000	-0.00283	0.00000
"C20_C016"	0.33642	0.35000	0.05000	-0.05000	-0.01358	0.00000
"C20_C021"	0.34985	0.35000	0.05000	-0.05000	-0.00015	0.00000
"C20_C026"	0.32614	0.35000	0.05000	-0.05000	-0.02386	0.00000
"C20_C031"	0.33192	0.35000	0.05000	-0.05000	-0.01808	0.00000
"C20_C036"	0.34172	0.35000	0.05000	-0.05000	-0.00828	0.00000
"C20_C041"	0.32412	0.35000	0.05000	-0.05000	-0.02588	0.00000
"C20_C046"	0.32688	0.35000	0.05000	-0.05000	-0.02312	0.00000
"C20_C051"	0.33490	0.35000	0.05000	-0.05000	-0.01510	0.00000
"C20_C056"	0.32532	0.35000	0.05000	-0.05000	-0.02468	0.00000
"C20_C060"	0.32560	0.35000	0.05000	-0.05000	-0.02440	0.00000
"C19_BC060"	1.42292	1.45000	0.10000	-0.10000	-0.02708	0.00000
"C11C"	37.47076	37.47000	0.13000	-0.13000	0.00076	0.00000
"C20_D060"	0.38207	0.35000	0.05000	-0.05000	0.03207	0.00000
"C18_CD060"	1.11211	1.09000	0.10000	-0.10000	0.02211	0.00000
"C20_D056"	0.37510	0.35000	0.05000	-0.05000	0.02510	0.00000
"C20_D051"	0.37495	0.35000	0.05000	-0.05000	0.02495	0.00000
"C20_D046"	0.37095	0.35000	0.05000	-0.05000	0.02095	0.00000
"C20_D041"	0.37932	0.35000	0.05000	-0.05000	0.02932	0.00000
"C20_D036"	0.36443	0.35000	0.05000	-0.05000	0.01443	0.00000
"C20_D031"	0.36286	0.35000	0.05000	-0.05000	0.01286	0.00000
"C20_D026"	0.36078	0.35000	0.05000	-0.05000	0.01078	0.00000
"C20_D021"	0.38093	0.35000	0.05000	-0.05000	0.03093	0.00000
"C20_D016"	0.36653	0.35000	0.05000	-0.05000	0.01653	0.00000
"C20_D011"	0.38179	0.35000	0.05000	-0.05000	0.03179	0.00000
"C20_D006"	0.37045	0.35000	0.05000	-0.05000	0.02045	0.00000
"C20_D001"	0.38634	0.35000	0.05000	-0.05000	0.03634	0.00000
"C18_CD001"	1.12724	1.09000	0.10000	-0.10000	0.03724	0.00000
"C11D"	37.45692	37.47000	0.13000	-0.13000	-0.01308	0.00000
"C21"	0.06313	0.00000	0.10000	0.00000	0.06313	0.00000
":END"
":BEGIN"	"09:09:26 13:52:01"
"PATTERN: ADM6-60-01.5[-L][-S][-SLT]-4[-0][-1][-2][-A][-TR][-FR]"
"DISPLAY: accelerate_M20"
"UNIT: "
"C20_A001"	0.37799	0.35000	0.05000	-0.05000	0.02799	0.00000
"C20_A006"	0.37662	0.35000	0.05000	-0.05000	0.02662	0.00000
"C20_A011"	0.38216	0.35000	0.05000	-0.05000	0.03216	0.00000
"C20_A016"	0.37812	0.35000	0.05000	-0.05000	0.02812	0.00000
"C20_A021"	0.36936	0.35000	0.05000	-0.05000	0.01936	0.00000
"C20_A026"	0.37518	0.35000	0.05000	-0.05000	0.02518	0.00000
"C20_A031"	0.37228	0.35000	0.05000	-0.05000	0.02228	0.00000
"C20_A036"	0.35134	0.35000	0.05000	-0.05000	0.00134	0.00000
"C20_A041"	0.35657	0.35000	0.05000	-0.05000	0.00657	0.00000
"C20_A046"	0.34745	0.35000	0.05000	-0.05000	-0.00255	0.00000
"C20_A051"	0.33832	0.35000	0.05000	-0.05000	-0.01168	0.00000
"C20_A056"	0.33992	0.35000	0.05000	-0.05000	-0.01008	0.00000
"C20_A060"	0.34841	0.35000	0.05000	-0.05000	-0.00159	0.00000
"C11A"	37.46435	37.47000	0.13000	-0.13000	-0.00565	0.00000
"C20_B060"	0.34966	0.35000	0.05000	-0.05000	-0.00034	0.00000
"C18_AB060"	1.10429	1.09000	0.10000	-0.10000	0.01429	0.00000
"C20_B056"	0.34226	0.35000	0.05000	-0.05000	-0.00774	0.00000
"C20_B051"	0.34513	0.35000	0.05000	-0.05000	-0.00487	0.00000
"C20_B046"	0.35733	0.35000	0.05000	-0.05000	0.00733	0.00000
"C20_B041"	0.35339	0.35000	0.05000	-0.05000	0.00339	0.00000
"C20_B036"	0.34395	0.35000	0.05000	-0.05000	-0.00605	0.00000
"C20_B031"	0.36083	0.35000	0.05000	-0.05000	0.01083	0.00000
"C20_B026"	0.34862	0.35000	0.05000	-0.05000	-0.00138	0.00000
"C20_B021"	0.35178	0.35000	0.05000	-0.05000	0.00178	0.00000
"C20_B016"	0.35405	0.35000	0.05000	-0.05000	0.00405	0.00000
"C20_B011"	0.36125	0.35000	0.05000	-0.05000	0.01125	0.00000
"C20_B006"	0.34762	0.35000	0.05000	-0.05000	-0.00238	0.00000
"C20_B001"	0.35740	0.35000	0.05000	-0.05000	0.00740	0.00000
"C18_AB001"	1.13796	1.09000	0.10000	-0.10000	0.04796	0.00000
"C11B"	37.47487	37.47000	0.13000	-0.13000	0.00487	0.00000
"C20_C001"	0.35175	0.35000	0.05000	-0.05000	0.00175	0.00000
"C19_BC001"	1.39308	1.45000	0.10000	-0.10000	-0.05692	0.00000
"C20_C006"	0.34083	0.35000	0.05000	-0.05000	-0.00917	0.00000
"C20_C011"	0.34667	0.35000	0.05000	-0.05000	-0.00333	0.00000
"C20_C016"	0.33694	0.35000	0.05000	-0.05000	-0.01306	0.00000
"C20_C021"	0.34849	0.35000	0.05000	-0.05000	-0.00151	0.00000
"C20_C026"	0.33756	0.35000	0.05000	-0.05000	-0.01244	0.00000
"C20_C031"	0.33198	0.35000	0.05000	-0.05000	-0.01802	0.00000
"C20_C036"	0.34209	0.35000	0.05000	-0.05000	-0.00791	0.00000
"C20_C041"	0.32387	0.35000	0.05000	-0.05000	-0.02613	0.00000
"C20_C046"	0.32645	0.35000	0.05000	-0.05000	-0.02355	0.00000
"C20_C051"	0.33465	0.35000	0.05000	-0.05000	-0.01535	0.00000
"C20_C056"	0.32561	0.35000	0.05000	-0.05000	-0.02439	0.00000
"C20_C060"	0.32335	0.35000	0.05000	-0.05000	-0.02665	0.00000
"C19_BC060"	1.42591	1.45000	0.10000	-0.10000	-0.02409	0.00000
"C11C"	37.46906	37.47000	0.13000	-0.13000	-0.00094	0.00000
"C20_D060"	0.38225	0.35000	0.05000	-0.05000	0.03225	0.00000
"C18_CD060"	1.11189	1.09000	0.10000	-0.10000	0.02189	0.00000
"C20_D056"	0.37610	0.35000	0.05000	-0.05000	0.02610	0.00000
"C20_D051"	0.37708	0.35000	0.05000	-0.05000	0.02708	0.00000
"C20_D046"	0.37112	0.35000	0.05000	-0.05000	0.02112	0.00000
"C20_D041"	0.37934	0.35000	0.05000	-0.05000	0.02934	0.00000
"C20_D036"	0.36418	0.35000	0.05000	-0.05000	0.01418	0.00000
"C20_D031"	0.36279	0.35000	0.05000	-0.05000	0.01279	0.00000
"C20_D026"	0.36107	0.35000	0.05000	-0.05000	0.01107	0.00000
"C20_D021"	0.38166	0.35000	0.05000	-0.05000	0.03166	0.00000
"C20_D016"	0.36701	0.35000	0.05000	-0.05000	0.01701	0.00000
"C20_D011"	0.38193	0.35000	0.05000	-0.05000	0.03193	0.00000
"C20_D006"	0.36949	0.35000	0.05000	-0.05000	0.01949	0.00000
"C20_D001"	0.38631	0.35000	0.05000	-0.05000	0.03631	0.00000
"C18_CD001"	1.12696	1.09000	0.10000	-0.10000	0.03696	0.00000
"C11D"	37.45749	37.47000	0.13000	-0.13000	-0.01251	0.00000
"C21"	0.06310	0.00000	0.10000	0.00000	0.06310	0.00000
":END"
":BEGIN"	"09:09:26 14:05:27"
"PATTERN: ADM6-60-01.5[-L][-S][-SLT]-4[-0][-1][-2][-A][-TR][-FR]"
"DISPLAY: accelerate_M20"
"UNIT: "
"C20_A001"	0.37726	0.35000	0.05000	-0.05000	0.02726	0.00000
"C20_A006"	0.37673	0.35000	0.05000	-0.05000	0.02673	0.00000
"C20_A011"	0.38133	0.35000	0.05000	-0.05000	0.03133	0.00000
"C20_A016"	0.37812	0.35000	0.05000	-0.05000	0.02812	0.00000
"C20_A021"	0.36839	0.35000	0.05000	-0.05000	0.01839	0.00000
"C20_A026"	0.37753	0.35000	0.05000	-0.05000	0.02753	0.00000
"C20_A031"	0.37285	0.35000	0.05000	-0.05000	0.02285	0.00000
"C20_A036"	0.35223	0.35000	0.05000	-0.05000	0.00223	0.00000
"C20_A041"	0.35800	0.35000	0.05000	-0.05000	0.00800	0.00000
"C20_A046"	0.34852	0.35000	0.05000	-0.05000	-0.00148	0.00000
"C20_A051"	0.33851	0.35000	0.05000	-0.05000	-0.01149	0.00000
"C20_A056"	0.34008	0.35000	0.05000	-0.05000	-0.00992	0.00000
"C20_A060"	0.34809	0.35000	0.05000	-0.05000	-0.00191	0.00000
"C11A"	37.46463	37.47000	0.13000	-0.13000	-0.00537	0.00000
"C20_B060"	0.35043	0.35000	0.05000	-0.05000	0.00043	0.00000
"C18_AB060"	1.10165	1.09000	0.10000	-0.10000	0.01165	0.00000
"C20_B056"	0.34340	0.35000	0.05000	-0.05000	-0.00660	0.00000
"C20_B051"	0.34497	0.35000	0.05000	-0.05000	-0.00503	0.00000
"C20_B046"	0.35647	0.35000	0.05000	-0.05000	0.00647	0.00000
"C20_B041"	0.35267	0.35000	0.05000	-0.05000	0.00267	0.00000
"C20_B036"	0.34386	0.35000	0.05000	-0.05000	-0.00614	0.00000
"C20_B031"	0.36137	0.35000	0.05000	-0.05000	0.01137	0.00000
"C20_B026"	0.34798	0.35000	0.05000	-0.05000	-0.00202	0.00000
"C20_B021"	0.35112	0.35000	0.05000	-0.05000	0.00112	0.00000
"C20_B016"	0.35489	0.35000	0.05000	-0.05000	0.00489	0.00000
"C20_B011"	0.36115	0.35000	0.05000	-0.05000	0.01115	0.00000
"C20_B006"	0.34788	0.35000	0.05000	-0.05000	-0.00212	0.00000
"C20_B001"	0.35559	0.35000	0.05000	-0.05000	0.00559	0.00000
"C18_AB001"	1.13609	1.09000	0.10000	-0.10000	0.04609	0.00000
"C11B"	37.47483	37.47000	0.13000	-0.13000	0.00483	0.00000
"C20_C001"	0.35260	0.35000	0.05000	-0.05000	0.00260	0.00000
"C19_BC001"	1.39411	1.45000	0.10000	-0.10000	-0.05589	0.00000
"C20_C006"	0.34096	0.35000	0.05000	-0.05000	-0.00904	0.00000
"C20_C011"	0.34648	0.35000	0.05000	-0.05000	-0.00352	0.00000
"C20_C016"	0.33681	0.35000	0.05000	-0.05000	-0.01319	0.00000
"C20_C021"	0.34882	0.35000	0.05000	-0.05000	-0.00118	0.00000
"C20_C026"	0.32516	0.35000	0.05000	-0.05000	-0.02484	0.00000
"C20_C031"	0.33194	0.35000	0.05000	-0.05000	-0.01806	0.00000
"C20_C036"	0.34284	0.35000	0.05000	-0.05000	-0.00716	0.00000
"C20_C041"	0.32240	0.35000	0.05000	-0.05000	-0.02760	0.00000
"C20_C046"	0.32622	0.35000	0.05000	-0.05000	-0.02378	0.00000
"C20_C051"	0.33520	0.35000	0.05000	-0.05000	-0.01480	0.00000
"C20_C056"	0.32554	0.35000	0.05000	-0.05000	-0.02446	0.00000
"C20_C060"	0.32505	0.35000	0.05000	-0.05000	-0.02495	0.00000
"C19_BC060"	1.41223	1.45000	0.10000	-0.10000	-0.03777	0.00000
"C11C"	37.46989	37.47000	0.13000	-0.13000	-0.00011	0.00000
"C20_D060"	0.38234	0.35000	0.05000	-0.05000	0.03234	0.00000
"C18_CD060"	1.12690	1.09000	0.10000	-0.10000	0.03690	0.00000
"C20_D056"	0.37547	0.35000	0.05000	-0.05000	0.02547	0.00000
"C20_D051"	0.37669	0.35000	0.05000	-0.05000	0.02669	0.00000
"C20_D046"	0.37089	0.35000	0.05000	-0.05000	0.02089	0.00000
"C20_D041"	0.37886	0.35000	0.05000	-0.05000	0.02886	0.00000
"C20_D036"	0.36393	0.35000	0.05000	-0.05000	0.01393	0.00000
"C20_D031"	0.36285	0.35000	0.05000	-0.05000	0.01285	0.00000
"C20_D026"	0.36067	0.35000	0.05000	-0.05000	0.01067	0.00000
"C20_D021"	0.38136	0.35000	0.05000	-0.05000	0.03136	0.00000
"C20_D016"	0.36687	0.35000	0.05000	-0.05000	0.01687	0.00000
"C20_D011"	0.38044	0.35000	0.05000	-0.05000	0.03044	0.00000
"C20_D006"	0.36984	0.35000	0.05000	-0.05000	0.01984	0.00000
"C20_D001"	0.38657	0.35000	0.05000	-0.05000	0.03657	0.00000
"C18_CD001"	1.12680	1.09000	0.10000	-0.10000	0.03680	0.00000
"C11D"	37.45641	37.47000	0.13000	-0.13000	-0.01359	0.00000
"C21"	0.06361	0.00000	0.10000	0.00000	0.06361	0.00000
":END"
":BEGIN"	"09:09:26 14:18:50"
"PATTERN: ADM6-60-01.5[-L][-S][-SLT]-4[-0][-1][-2][-A][-TR][-FR]"
"DISPLAY: accelerate_M20"
"UNIT: "
"C20_A001"	0.37929	0.35000	0.05000	-0.05000	0.02929	0.00000
"C20_A006"	0.37618	0.35000	0.05000	-0.05000	0.02618	0.00000
"C20_A011"	0.38062	0.35000	0.05000	-0.05000	0.03062	0.00000
"C20_A016"	0.37708	0.35000	0.05000	-0.05000	0.02708	0.00000
"C20_A021"	0.36756	0.35000	0.05000	-0.05000	0.01756	0.00000
"C20_A026"	0.37797	0.35000	0.05000	-0.05000	0.02797	0.00000
"C20_A031"	0.37242	0.35000	0.05000	-0.05000	0.02242	0.00000
"C20_A036"	0.35076	0.35000	0.05000	-0.05000	0.00076	0.00000
"C20_A041"	0.35789	0.35000	0.05000	-0.05000	0.00789	0.00000
"C20_A046"	0.35001	0.35000	0.05000	-0.05000	0.00001	0.00000
"C20_A051"	0.33737	0.35000	0.05000	-0.05000	-0.01263	0.00000
"C20_A056"	0.33895	0.35000	0.05000	-0.05000	-0.01105	0.00000
"C20_A060"	0.34753	0.35000	0.05000	-0.05000	-0.00247	0.00000
"C11A"	37.46275	37.47000	0.13000	-0.13000	-0.00725	0.00000
"C20_B060"	0.34990	0.35000	0.05000	-0.05000	-0.00010	0.00000
"C18_AB060"	1.11531	1.09000	0.10000	-0.10000	0.02531	0.00000
"C20_B056"	0.34222	0.35000	0.05000	-0.05000	-0.00778	0.00000
"C20_B051"	0.34440	0.35000	0.05000	-0.05000	-0.00560	0.00000
"C20_B046"	0.35744	0.35000	0.05000	-0.05000	0.00744	0.00000
"C20_B041"	0.35309	0.35000	0.05000	-0.05000	0.00309	0.00000
"C20_B036"	0.34453	0.35000	0.05000	-0.05000	-0.00547	0.00000
"C20_B031"	0.36110	0.35000	0.05000	-0.05000	0.01110	0.00000
"C20_B026"	0.34860	0.35000	0.05000	-0.05000	-0.00140	0.00000
"C20_B021"	0.35156	0.35000	0.05000	-0.05000	0.00156	0.00000
"C20_B016"	0.35468	0.35000	0.05000	-0.05000	0.00468	0.00000
"C20_B011"	0.36130	0.35000	0.05000	-0.05000	0.01130	0.00000
"C20_B006"	0.34801	0.35000	0.05000	-0.05000	-0.00199	0.00000
"C20_B001"	0.35602	0.35000	0.05000	-0.05000	0.00602	0.00000
"C18_AB001"	1.13552	1.09000	0.10000	-0.10000	0.04552	0.00000
"C11B"	37.47471	37.47000	0.13000	-0.13000	0.00471	0.00000
"C20_C001"	0.35176	0.35000	0.05000	-0.05000	0.00176	0.00000
"C19_BC001"	1.39884	1.45000	0.10000	-0.10000	-0.05116	0.00000
"C20_C006"	0.34103	0.35000	0.05000	-0.05000	-0.00897	0.00000
"C20_C011"	0.34658	0.35000	0.05000	-0.05000	-0.00342	0.00000
"C20_C016"	0.33717	0.35000	0.05000	-0.05000	-0.01283	0.00000
"C20_C021"	0.34939	0.35000	0.05000	-0.05000	-0.00061	0.00000
"C20_C026"	0.32523	0.35000	0.05000	-0.05000	-0.02477	0.00000
"C20_C031"	0.33176	0.35000	0.05000	-0.05000	-0.01824	0.00000
"C20_C036"	0.34172	0.35000	0.05000	-0.05000	-0.00828	0.00000
"C20_C041"	0.32308	0.35000	0.05000	-0.05000	-0.02692	0.00000
"C20_C046"	0.32658	0.35000	0.05000	-0.05000	-0.02342	0.00000
"C20_C051"	0.33495	0.35000	0.05000	-0.05000	-0.01505	0.00000
"C20_C056"	0.32471	0.35000	0.05000	-0.05000	-0.02529	0.00000
"C20_C060"	0.32375	0.35000	0.05000	-0.05000	-0.02625	0.00000
"C19_BC060"	1.41047	1.45000	0.10000	-0.10000	-0.03953	0.00000
"C11C"	37.46954	37.47000	0.13000	-0.13000	-0.00046	0.00000
"C20_D060"	0.38229	0.35000	0.05000	-0.05000	0.03229	0.00000
"C18_CD060"	1.12688	1.09000	0.10000	-0.10000	0.03688	0.00000
"C20_D056"	0.37610	0.35000	0.05000	-0.05000	0.02610	0.00000
"C20_D051"	0.37661	0.35000	0.05000	-0.05000	0.02661	0.00000
"C20_D046"	0.37075	0.35000	0.05000	-0.05000	0.02075	0.00000
"C20_D041"	0.38030	0.35000	0.05000	-0.05000	0.03030	0.00000
"C20_D036"	0.36490	0.35000	0.05000	-0.05000	0.01490	0.00000
"C20_D031"	0.36324	0.35000	0.05000	-0.05000	0.01324	0.00000
"C20_D026"	0.36076	0.35000	0.05000	-0.05000	0.01076	0.00000
"C20_D021"	0.38075	0.35000	0.05000	-0.05000	0.03075	0.00000
"C20_D016"	0.36725	0.35000	0.05000	-0.05000	0.01725	0.00000
"C20_D011"	0.38066	0.35000	0.05000	-0.05000	0.03066	0.00000
"C20_D006"	0.37097	0.35000	0.05000	-0.05000	0.02097	0.00000
"C20_D001"	0.38663	0.35000	0.05000	-0.05000	0.03663	0.00000
"C18_CD001"	1.12449	1.09000	0.10000	-0.10000	0.03449	0.00000
"C11D"	37.45691	37.47000	0.13000	-0.13000	-0.01309	0.00000
"C21"	0.06294	0.00000	0.10000	0.00000	0.06294	0.00000
":END"
":BEGIN"	"09:09:26 14:32:02"
"PATTERN: ADM6-60-01.5[-L][-S][-SLT]-4[-0][-1][-2][-A][-TR][-FR]"
"DISPLAY: accelerate_M20"
"UNIT: "
"C20_A001"	0.37854	0.35000	0.05000	-0.05000	0.02854	0.00000
"C20_A006"	0.37717	0.35000	0.05000	-0.05000	0.02717	0.00000
"C20_A011"	0.38160	0.35000	0.05000	-0.05000	0.03160	0.00000
"C20_A016"	0.37736	0.35000	0.05000	-0.05000	0.02736	0.00000
"C20_A021"	0.36722	0.35000	0.05000	-0.05000	0.01722	0.00000
"C20_A026"	0.37676	0.35000	0.05000	-0.05000	0.02676	0.00000
"C20_A031"	0.37230	0.35000	0.05000	-0.05000	0.02230	0.00000
"C20_A036"	0.35181	0.35000	0.05000	-0.05000	0.00181	0.00000
"C20_A041"	0.35882	0.35000	0.05000	-0.05000	0.00882	0.00000
"C20_A046"	0.35112	0.35000	0.05000	-0.05000	0.00112	0.00000
"C20_A051"	0.33865	0.35000	0.05000	-0.05000	-0.01135	0.00000
"C20_A056"	0.34053	0.35000	0.05000	-0.05000	-0.00947	0.00000
"C20_A060"	0.34890	0.35000	0.05000	-0.05000	-0.00110	0.00000
"C11A"	37.46375	37.47000	0.13000	-0.13000	-0.00625	0.00000
"C20_B060"	0.34995	0.35000	0.05000	-0.05000	-0.00005	0.00000
"C18_AB060"	1.10260	1.09000	0.10000	-0.10000	0.01260	0.00000
"C20_B056"	0.34226	0.35000	0.05000	-0.05000	-0.00774	0.00000
"C20_B051"	0.34521	0.35000	0.05000	-0.05000	-0.00479	0.00000
"C20_B046"	0.35756	0.35000	0.05000	-0.05000	0.00756	0.00000
"C20_B041"	0.35313	0.35000	0.05000	-0.05000	0.00313	0.00000
"C20_B036"	0.34428	0.35000	0.05000	-0.05000	-0.00572	0.00000
"C20_B031"	0.36053	0.35000	0.05000	-0.05000	0.01053	0.00000
"C20_B026"	0.34873	0.35000	0.05000	-0.05000	-0.00127	0.00000
"C20_B021"	0.35105	0.35000	0.05000	-0.05000	0.00105	0.00000
"C20_B016"	0.35458	0.35000	0.05000	-0.05000	0.00458	0.00000
"C20_B011"	0.36106	0.35000	0.05000	-0.05000	0.01106	0.00000
"C20_B006"	0.34810	0.35000	0.05000	-0.05000	-0.00190	0.00000
"C20_B001"	0.35626	0.35000	0.05000	-0.05000	0.00626	0.00000
"C18_AB001"	1.13614	1.09000	0.10000	-0.10000	0.04614	0.00000
"C11B"	37.47609	37.47000	0.13000	-0.13000	0.00609	0.00000
"C20_C001"	0.35185	0.35000	0.05000	-0.05000	0.00185	0.00000
"C19_BC001"	1.39384	1.45000	0.10000	-0.10000	-0.05616	0.00000
"C20_C006"	0.34143	0.35000	0.05000	-0.05000	-0.00857	0.00000
"C20_C011"	0.34738	0.35000	0.05000	-0.05000	-0.00262	0.00000
"C20_C016"	0.33604	0.35000	0.05000	-0.05000	-0.01396	0.00000
"C20_C021"	0.34961	0.35000	0.05000	-0.05000	-0.00039	0.00000
"C20_C026"	0.32631	0.35000	0.05000	-0.05000	-0.02369	0.00000
"C20_C031"	0.33152	0.35000	0.05000	-0.05000	-0.01848	0.00000
"C20_C036"	0.34189	0.35000	0.05000	-0.05000	-0.00811	0.00000
"C20_C041"	0.32359	0.35000	0.05000	-0.05000	-0.02641	0.00000
"C20_C046"	0.32625	0.35000	0.05000	-0.05000	-0.02375	0.00000
"C20_C051"	0.33515	0.35000	0.05000	-0.05000	-0.01485	0.00000
"C20_C056"	0.32443	0.35000	0.05000	-0.05000	-0.02557	0.00000
"C20_C060"	0.32384	0.35000	0.05000	-0.05000	-0.02616	0.00000
"C19_BC060"	1.41047	1.45000	0.10000	-0.10000	-0.03953	0.00000
"C11C"	37.47017	37.47000	0.13000	-0.13000	0.00017	0.00000
"C20_D060"	0.38256	0.35000	0.05000	-0.05000	0.03256	0.00000
"C18_CD060"	1.12714	1.09000	0.10000	-0.10000	0.03714	0.00000
"C20_D056"	0.37647	0.35000	0.05000	-0.05000	0.02647	0.00000
"C20_D051"	0.37582	0.35000	0.05000	-0.05000	0.02582	0.00000
"C20_D046"	0.37042	0.35000	0.05000	-0.05000	0.02042	0.00000
"C20_D041"	0.38003	0.35000	0.05000	-0.05000	0.03003	0.00000
"C20_D036"	0.36358	0.35000	0.05000	-0.05000	0.01358	0.00000
"C20_D031"	0.36295	0.35000	0.05000	-0.05000	0.01295	0.00000
"C20_D026"	0.36086	0.35000	0.05000	-0.05000	0.01086	0.00000
"C20_D021"	0.38173	0.35000	0.05000	-0.05000	0.03173	0.00000
"C20_D016"	0.36655	0.35000	0.05000	-0.05000	0.01655	0.00000
"C20_D011"	0.38111	0.35000	0.05000	-0.05000	0.03111	0.00000
"C20_D006"	0.37022	0.35000	0.05000	-0.05000	0.02022	0.00000
"C20_D001"	0.38651	0.35000	0.05000	-0.05000	0.03651	0.00000
"C18_CD001"	1.12679	1.09000	0.10000	-0.10000	0.03679	0.00000
"C11D"	37.45640	37.47000	0.13000	-0.13000	-0.01360	0.00000
"C21"	0.06368	0.00000	0.10000	0.00000	0.06368	0.00000
":END"
":BEGIN"	"09:09:26 14:53:56"
"PATTERN: ADM6-60-01.5[-L][-S][-SLT]-4[-0][-1][-2][-A][-TR][-FR]"
"DISPLAY: accelerate_M20"
"UNIT: "
"C20_A001"	0.36831	0.35000	0.05000	-0.05000	0.01831	0.00000
"C20_A006"	0.36875	0.35000	0.05000	-0.05000	0.01875	0.00000
"C20_A011"	0.36097	0.35000	0.05000	-0.05000	0.01097	0.00000
"C20_A016"	0.36126	0.35000	0.05000	-0.05000	0.01126	0.00000
"C20_A021"	0.37719	0.35000	0.05000	-0.05000	0.02719	0.00000
"C20_A026"	0.36439	0.35000	0.05000	-0.05000	0.01439	0.00000
"C20_A031"	0.37670	0.35000	0.05000	-0.05000	0.02670	0.00000
"C20_A036"	0.35651	0.35000	0.05000	-0.05000	0.00651	0.00000
"C20_A041"	0.35687	0.35000	0.05000	-0.05000	0.00687	0.00000
"C20_A046"	0.35488	0.35000	0.05000	-0.05000	0.00488	0.00000
"C20_A051"	0.34555	0.35000	0.05000	-0.05000	-0.00445	0.00000
"C20_A056"	0.34671	0.35000	0.05000	-0.05000	-0.00329	0.00000
"C20_A060"	0.35024	0.35000	0.05000	-0.05000	0.00024	0.00000
"C11A"	37.46421	37.47000	0.13000	-0.13000	-0.00579	0.00000
"C20_B060"	0.35171	0.35000	0.05000	-0.05000	0.00171	0.00000
"C18_AB060"	1.13290	1.09000	0.10000	-0.10000	0.04290	0.00000
"C20_B056"	0.34955	0.35000	0.05000	-0.05000	-0.00045	0.00000
"C20_B051"	0.34707	0.35000	0.05000	-0.05000	-0.00293	0.00000
"C20_B046"	0.36004	0.35000	0.05000	-0.05000	0.01004	0.00000
"C20_B041"	0.35749	0.35000	0.05000	-0.05000	0.00749	0.00000
"C20_B036"	0.34909	0.35000	0.05000	-0.05000	-0.00091	0.00000
"C20_B031"	0.36916	0.35000	0.05000	-0.05000	0.01916	0.00000
"C20_B026"	0.35512	0.35000	0.05000	-0.05000	0.00512	0.00000
"C20_B021"	0.35955	0.35000	0.05000	-0.05000	0.00955	0.00000
"C20_B016"	0.34823	0.35000	0.05000	-0.05000	-0.00177	0.00000
"C20_B011"	0.34705	0.35000	0.05000	-0.05000	-0.00295	0.00000
"C20_B006"	0.35457	0.35000	0.05000	-0.05000	0.00457	0.00000
"C20_B001"	0.35713	0.35000	0.05000	-0.05000	0.00713	0.00000
"C18_AB001"	1.12523	1.09000	0.10000	-0.10000	0.03523	0.00000
"C11B"	37.47330	37.47000	0.13000	-0.13000	0.00330	0.00000
"C20_C001"	0.34587	0.35000	0.05000	-0.05000	-0.00413	0.00000
"C19_BC001"	1.40706	1.45000	0.10000	-0.10000	-0.04294	0.00000
"C20_C006"	0.33798	0.35000	0.05000	-0.05000	-0.01202	0.00000
"C20_C011"	0.33307	0.35000	0.05000	-0.05000	-0.01693	0.00000
"C20_C016"	0.33425	0.35000	0.05000	-0.05000	-0.01575	0.00000
"C20_C021"	0.33635	0.35000	0.05000	-0.05000	-0.01365	0.00000
"C20_C026"	0.33529	0.35000	0.05000	-0.05000	-0.01471	0.00000
"C20_C031"	0.33564	0.35000	0.05000	-0.05000	-0.01436	0.00000
"C20_C036"	0.32921	0.35000	0.05000	-0.05000	-0.02079	0.00000
"C20_C041"	0.32635	0.35000	0.05000	-0.05000	-0.02365	0.00000
"C20_C046"	0.32524	0.35000	0.05000	-0.05000	-0.02476	0.00000
"C20_C051"	0.32901	0.35000	0.05000	-0.05000	-0.02099	0.00000
"C20_C056"	0.32119	0.35000	0.05000	-0.05000	-0.02881	0.00000
"C20_C060"	0.32316	0.35000	0.05000	-0.05000	-0.02684	0.00000
"C19_BC060"	1.40533	1.45000	0.10000	-0.10000	-0.04467	0.00000
"C11C"	37.46412	37.47000	0.13000	-0.13000	-0.00588	0.00000
"C20_D060"	0.36207	0.35000	0.05000	-0.05000	0.01207	0.00000
"C18_CD060"	1.13284	1.09000	0.10000	-0.10000	0.04284	0.00000
"C20_D056"	0.36483	0.35000	0.05000	-0.05000	0.01483	0.00000
"C20_D051"	0.37320	0.35000	0.05000	-0.05000	0.02320	0.00000
"C20_D046"	0.36781	0.35000	0.05000	-0.05000	0.01781	0.00000
"C20_D041"	0.37785	0.35000	0.05000	-0.05000	0.02785	0.00000
"C20_D036"	0.37352	0.35000	0.05000	-0.05000	0.02352	0.00000
"C20_D031"	0.37534	0.35000	0.05000	-0.05000	0.02534	0.00000
"C20_D026"	0.38158	0.35000	0.05000	-0.05000	0.03158	0.00000
"C20_D021"	0.37695	0.35000	0.05000	-0.05000	0.02695	0.00000
"C20_D016"	0.38145	0.35000	0.05000	-0.05000	0.03145	0.00000
"C20_D011"	0.36762	0.35000	0.05000	-0.05000	0.01762	0.00000
"C20_D006"	0.37186	0.35000	0.05000	-0.05000	0.02186	0.00000
"C20_D001"	0.38429	0.35000	0.05000	-0.05000	0.03429	0.00000
"C18_CD001"	1.11276	1.09000	0.10000	-0.10000	0.02276	0.00000
"C11D"	37.46000	37.47000	0.13000	-0.13000	-0.01000	0.00000
"C21"	0.06324	0.00000	0.10000	0.00000	0.06324	0.00000
":END"
":BEGIN"	"09:09:26 15:10:07"
"PATTERN: ADM6-60-01.5[-L][-S][-SLT]-4[-0][-1][-2][-A][-TR][-FR]"
"DISPLAY: accelerate_M20"
"UNIT: "
"C20_A001"	0.36623	0.35000	0.05000	-0.05000	0.01623	0.00000
"C20_A006"	0.36694	0.35000	0.05000	-0.05000	0.01694	0.00000
"C20_A011"	0.36072	0.35000	0.05000	-0.05000	0.01072	0.00000
"C20_A016"	0.36134	0.35000	0.05000	-0.05000	0.01134	0.00000
"C20_A021"	0.37676	0.35000	0.05000	-0.05000	0.02676	0.00000
"C20_A026"	0.36420	0.35000	0.05000	-0.05000	0.01420	0.00000
"C20_A031"	0.37652	0.35000	0.05000	-0.05000	0.02652	0.00000
"C20_A036"	0.35680	0.35000	0.05000	-0.05000	0.00680	0.00000
"C20_A041"	0.35853	0.35000	0.05000	-0.05000	0.00853	0.00000
"C20_A046"	0.35535	0.35000	0.05000	-0.05000	0.00535	0.00000
"C20_A051"	0.34523	0.35000	0.05000	-0.05000	-0.00477	0.00000
"C20_A056"	0.34691	0.35000	0.05000	-0.05000	-0.00309	0.00000
"C20_A060"	0.34876	0.35000	0.05000	-0.05000	-0.00124	0.00000
"C11A"	37.46289	37.47000	0.13000	-0.13000	-0.00711	0.00000
"C20_B060"	0.35098	0.35000	0.05000	-0.05000	0.00098	0.00000
"C18_AB060"	1.13223	1.09000	0.10000	-0.10000	0.04223	0.00000
"C20_B056"	0.34876	0.35000	0.05000	-0.05000	-0.00124	0.00000
"C20_B051"	0.34651	0.35000	0.05000	-0.05000	-0.00349	0.00000
"C20_B046"	0.35912	0.35000	0.05000	-0.05000	0.00912	0.00000
"C20_B041"	0.35619	0.35000	0.05000	-0.05000	0.00619	0.00000
"C20_B036"	0.34948	0.35000	0.05000	-0.05000	-0.00052	0.00000
"C20_B031"	0.36784	0.35000	0.05000	-0.05000	0.01784	0.00000
"C20_B026"	0.35453	0.35000	0.05000	-0.05000	0.00453	0.00000
"C20_B021"	0.36001	0.35000	0.05000	-0.05000	0.01001	0.00000
"C20_B016"	0.34749	0.35000	0.05000	-0.05000	-0.00251	0.00000
"C20_B011"	0.34580	0.35000	0.05000	-0.05000	-0.00420	0.00000
"C20_B006"	0.35438	0.35000	0.05000	-0.05000	0.00438	0.00000
"C20_B001"	0.35515	0.35000	0.05000	-0.05000	0.00515	0.00000
"C18_AB001"	1.12582	1.09000	0.10000	-0.10000	0.03582	0.00000
"C11B"	37.47325	37.47000	0.13000	-0.13000	0.00325	0.00000
"C20_C001"	0.34687	0.35000	0.05000	-0.05000	-0.00313	0.00000
"C19_BC001"	1.41861	1.45000	0.10000	-0.10000	-0.03139	0.00000
"C20_C006"	0.33793	0.35000	0.05000	-0.05000	-0.01207	0.00000
"C20_C011"	0.33347	0.35000	0.05000	-0.05000	-0.01653	0.00000
"C20_C016"	0.33520	0.35000	0.05000	-0.05000	-0.01480	0.00000
"C20_C021"	0.33739	0.35000	0.05000	-0.05000	-0.01261	0.00000
"C20_C026"	0.33450	0.35000	0.05000	-0.05000	-0.01550	0.00000
"C20_C031"	0.33516	0.35000	0.05000	-0.05000	-0.01484	0.00000
"C20_C036"	0.32881	0.35000	0.05000	-0.05000	-0.02119	0.00000
"C20_C041"	0.32672	0.35000	0.05000	-0.05000	-0.02328	0.00000
"C20_C046"	0.32645	0.35000	0.05000	-0.05000	-0.02355	0.00000
"C20_C051"	0.33005	0.35000	0.05000	-0.05000	-0.01995	0.00000
"C20_C056"	0.32160	0.35000	0.05000	-0.05000	-0.02840	0.00000
"C20_C060"	0.32362	0.35000	0.05000	-0.05000	-0.02638	0.00000
"C19_BC060"	1.40533	1.45000	0.10000	-0.10000	-0.04467	0.00000
"C11C"	37.46469	37.47000	0.13000	-0.13000	-0.00531	0.00000
"C20_D060"	0.36194	0.35000	0.05000	-0.05000	0.01194	0.00000
"C18_CD060"	1.13344	1.09000	0.10000	-0.10000	0.04344	0.00000
"C20_D056"	0.36506	0.35000	0.05000	-0.05000	0.01506	0.00000
"C20_D051"	0.37209	0.35000	0.05000	-0.05000	0.02209	0.00000
"C20_D046"	0.36733	0.35000	0.05000	-0.05000	0.01733	0.00000
"C20_D041"	0.37705	0.35000	0.05000	-0.05000	0.02705	0.00000
"C20_D036"	0.37210	0.35000	0.05000	-0.05000	0.02210	0.00000
"C20_D031"	0.37400	0.35000	0.05000	-0.05000	0.02400	0.00000
"C20_D026"	0.38054	0.35000	0.05000	-0.05000	0.03054	0.00000
"C20_D021"	0.37731	0.35000	0.05000	-0.05000	0.02731	0.00000
"C20_D016"	0.38106	0.35000	0.05000	-0.05000	0.03106	0.00000
"C20_D011"	0.36746	0.35000	0.05000	-0.05000	0.01746	0.00000
"C20_D006"	0.37091	0.35000	0.05000	-0.05000	0.02091	0.00000
"C20_D001"	0.38378	0.35000	0.05000	-0.05000	0.03378	0.00000
"C18_CD001"	1.10905	1.09000	0.10000	-0.10000	0.01905	0.00000
"C11D"	37.46010	37.47000	0.13000	-0.13000	-0.00990	0.00000
"C21"	0.06350	0.00000	0.10000	0.00000	0.06350	0.00000
":END"
":BEGIN"	"09:09:26 15:23:03"
"PATTERN: ADM6-60-01.5[-L][-S][-SLT]-4[-0][-1][-2][-A][-TR][-FR]"
"DISPLAY: accelerate_M20"
"UNIT: "
"C20_A001"	0.36809	0.35000	0.05000	-0.05000	0.01809	0.00000
"C20_A006"	0.36650	0.35000	0.05000	-0.05000	0.01650	0.00000
"C20_A011"	0.35967	0.35000	0.05000	-0.05000	0.00967	0.00000
"C20_A016"	0.36049	0.35000	0.05000	-0.05000	0.01049	0.00000
"C20_A021"	0.37689	0.35000	0.05000	-0.05000	0.02689	0.00000
"C20_A026"	0.36279	0.35000	0.05000	-0.05000	0.01279	0.00000
"C20_A031"	0.37627	0.35000	0.05000	-0.05000	0.02627	0.00000
"C20_A036"	0.35549	0.35000	0.05000	-0.05000	0.00549	0.00000
"C20_A041"	0.35744	0.35000	0.05000	-0.05000	0.00744	0.00000
"C20_A046"	0.35415	0.35000	0.05000	-0.05000	0.00415	0.00000
"C20_A051"	0.34475	0.35000	0.05000	-0.05000	-0.00525	0.00000
"C20_A056"	0.34751	0.35000	0.05000	-0.05000	-0.00249	0.00000
"C20_A060"	0.34752	0.35000	0.05000	-0.05000	-0.00248	0.00000
"C11A"	37.46285	37.47000	0.13000	-0.13000	-0.00715	0.00000
"C20_B060"	0.35287	0.35000	0.05000	-0.05000	0.00287	0.00000
"C18_AB060"	1.13244	1.09000	0.10000	-0.10000	0.04244	0.00000
"C20_B056"	0.34952	0.35000	0.05000	-0.05000	-0.00048	0.00000
"C20_B051"	0.34724	0.35000	0.05000	-0.05000	-0.00276	0.00000
"C20_B046"	0.36004	0.35000	0.05000	-0.05000	0.01004	0.00000
"C20_B041"	0.35644	0.35000	0.05000	-0.05000	0.00644	0.00000
"C20_B036"	0.35017	0.35000	0.05000	-0.05000	0.00017	0.00000
"C20_B031"	0.36825	0.35000	0.05000	-0.05000	0.01825	0.00000
"C20_B026"	0.35507	0.35000	0.05000	-0.05000	0.00507	0.00000
"C20_B021"	0.35952	0.35000	0.05000	-0.05000	0.00952	0.00000
"C20_B016"	0.34836	0.35000	0.05000	-0.05000	-0.00164	0.00000
"C20_B011"	0.34694	0.35000	0.05000	-0.05000	-0.00306	0.00000
"C20_B006"	0.35540	0.35000	0.05000	-0.05000	0.00540	0.00000
"C20_B001"	0.35597	0.35000	0.05000	-0.05000	0.00597	0.00000
"C18_AB001"	1.12537	1.09000	0.10000	-0.10000	0.03537	0.00000
"C11B"	37.47265	37.47000	0.13000	-0.13000	0.00265	0.00000
"C20_C001"	0.34636	0.35000	0.05000	-0.05000	-0.00364	0.00000
"C19_BC001"	1.40683	1.45000	0.10000	-0.10000	-0.04317	0.00000
"C20_C006"	0.33732	0.35000	0.05000	-0.05000	-0.01268	0.00000
"C20_C011"	0.33335	0.35000	0.05000	-0.05000	-0.01665	0.00000
"C20_C016"	0.33552	0.35000	0.05000	-0.05000	-0.01448	0.00000
"C20_C021"	0.33660	0.35000	0.05000	-0.05000	-0.01340	0.00000
"C20_C026"	0.33407	0.35000	0.05000	-0.05000	-0.01593	0.00000
"C20_C031"	0.33440	0.35000	0.05000	-0.05000	-0.01560	0.00000
"C20_C036"	0.32832	0.35000	0.05000	-0.05000	-0.02168	0.00000
"C20_C041"	0.32650	0.35000	0.05000	-0.05000	-0.02350	0.00000
"C20_C046"	0.32526	0.35000	0.05000	-0.05000	-0.02474	0.00000
"C20_C051"	0.32861	0.35000	0.05000	-0.05000	-0.02139	0.00000
"C20_C056"	0.32059	0.35000	0.05000	-0.05000	-0.02941	0.00000
"C20_C060"	0.32320	0.35000	0.05000	-0.05000	-0.02680	0.00000
"C19_BC060"	1.40575	1.45000	0.10000	-0.10000	-0.04425	0.00000
"C11C"	37.46380	37.47000	0.13000	-0.13000	-0.00620	0.00000
"C20_D060"	0.36230	0.35000	0.05000	-0.05000	0.01230	0.00000
"C18_CD060"	1.13442	1.09000	0.10000	-0.10000	0.04442	0.00000
"C20_D056"	0.36578	0.35000	0.05000	-0.05000	0.01578	0.00000
"C20_D051"	0.37339	0.35000	0.05000	-0.05000	0.02339	0.00000
"C20_D046"	0.36820	0.35000	0.05000	-0.05000	0.01820	0.00000
"C20_D041"	0.37742	0.35000	0.05000	-0.05000	0.02742	0.00000
"C20_D036"	0.37373	0.35000	0.05000	-0.05000	0.02373	0.00000
"C20_D031"	0.37222	0.35000	0.05000	-0.05000	0.02222	0.00000
"C20_D026"	0.38079	0.35000	0.05000	-0.05000	0.03079	0.00000
"C20_D021"	0.37741	0.35000	0.05000	-0.05000	0.02741	0.00000
"C20_D016"	0.38187	0.35000	0.05000	-0.05000	0.03187	0.00000
"C20_D011"	0.36862	0.35000	0.05000	-0.05000	0.01862	0.00000
"C20_D006"	0.37276	0.35000	0.05000	-0.05000	0.02276	0.00000
"C20_D001"	0.38409	0.35000	0.05000	-0.05000	0.03409	0.00000
"C18_CD001"	1.11930	1.09000	0.10000	-0.10000	0.02930	0.00000
"C11D"	37.45900	37.47000	0.13000	-0.13000	-0.01100	0.00000
"C21"	0.06286	0.00000	0.10000	0.00000	0.06286	0.00000
":END"
":BEGIN"	"09:09:26 15:35:58"
"PATTERN: ADM6-60-01.5[-L][-S][-SLT]-4[-0][-1][-2][-A][-TR][-FR]"
"DISPLAY: accelerate_M20"
"UNIT: "
"C20_A001"	0.36882	0.35000	0.05000	-0.05000	0.01882	0.00000
"C20_A006"	0.36699	0.35000	0.05000	-0.05000	0.01699	0.00000
"C20_A011"	0.36023	0.35000	0.05000	-0.05000	0.01023	0.00000
"C20_A016"	0.36185	0.35000	0.05000	-0.05000	0.01185	0.00000
"C20_A021"	0.37795	0.35000	0.05000	-0.05000	0.02795	0.00000
"C20_A026"	0.36548	0.35000	0.05000	-0.05000	0.01548	0.00000
"C20_A031"	0.37725	0.35000	0.05000	-0.05000	0.02725	0.00000
"C20_A036"	0.35604	0.35000	0.05000	-0.05000	0.00604	0.00000
"C20_A041"	0.35859	0.35000	0.05000	-0.05000	0.00859	0.00000
"C20_A046"	0.35493	0.35000	0.05000	-0.05000	0.00493	0.00000
"C20_A051"	0.34529	0.35000	0.05000	-0.05000	-0.00471	0.00000
"C20_A056"	0.34644	0.35000	0.05000	-0.05000	-0.00356	0.00000
"C20_A060"	0.35048	0.35000	0.05000	-0.05000	0.00048	0.00000
"C11A"	37.46463	37.47000	0.13000	-0.13000	-0.00537	0.00000
"C20_B060"	0.35119	0.35000	0.05000	-0.05000	0.00119	0.00000
"C18_AB060"	1.13194	1.09000	0.10000	-0.10000	0.04194	0.00000
"C20_B056"	0.34894	0.35000	0.05000	-0.05000	-0.00106	0.00000
"C20_B051"	0.34649	0.35000	0.05000	-0.05000	-0.00351	0.00000
"C20_B046"	0.35875	0.35000	0.05000	-0.05000	0.00875	0.00000
"C20_B041"	0.35611	0.35000	0.05000	-0.05000	0.00611	0.00000
"C20_B036"	0.34885	0.35000	0.05000	-0.05000	-0.00115	0.00000
"C20_B031"	0.36758	0.35000	0.05000	-0.05000	0.01758	0.00000
"C20_B026"	0.35432	0.35000	0.05000	-0.05000	0.00432	0.00000
"C20_B021"	0.35991	0.35000	0.05000	-0.05000	0.00991	0.00000
"C20_B016"	0.34768	0.35000	0.05000	-0.05000	-0.00232	0.00000
"C20_B011"	0.34694	0.35000	0.05000	-0.05000	-0.00306	0.00000
"C20_B006"	0.35546	0.35000	0.05000	-0.05000	0.00546	0.00000
"C20_B001"	0.35460	0.35000	0.05000	-0.05000	0.00460	0.00000
"C18_AB001"	1.12552	1.09000	0.10000	-0.10000	0.03552	0.00000
"C11B"	37.47436	37.47000	0.13000	-0.13000	0.00436	0.00000
"C20_C001"	0.34559	0.35000	0.05000	-0.05000	-0.00441	0.00000
"C19_BC001"	1.40700	1.45000	0.10000	-0.10000	-0.04300	0.00000
"C20_C006"	0.33807	0.35000	0.05000	-0.05000	-0.01193	0.00000
"C20_C011"	0.33353	0.35000	0.05000	-0.05000	-0.01647	0.00000
"C20_C016"	0.33478	0.35000	0.05000	-0.05000	-0.01522	0.00000
"C20_C021"	0.33686	0.35000	0.05000	-0.05000	-0.01314	0.00000
"C20_C026"	0.33464	0.35000	0.05000	-0.05000	-0.01536	0.00000
"C20_C031"	0.33513	0.35000	0.05000	-0.05000	-0.01487	0.00000
"C20_C036"	0.32795	0.35000	0.05000	-0.05000	-0.02205	0.00000
"C20_C041"	0.32646	0.35000	0.05000	-0.05000	-0.02354	0.00000
"C20_C046"	0.32587	0.35000	0.05000	-0.05000	-0.02413	0.00000
"C20_C051"	0.32920	0.35000	0.05000	-0.05000	-0.02080	0.00000
"C20_C056"	0.32111	0.35000	0.05000	-0.05000	-0.02889	0.00000
"C20_C060"	0.32336	0.35000	0.05000	-0.05000	-0.02664	0.00000
"C19_BC060"	1.40585	1.45000	0.10000	-0.10000	-0.04415	0.00000
"C11C"	37.46432	37.47000	0.13000	-0.13000	-0.00568	0.00000
"C20_D060"	0.36146	0.35000	0.05000	-0.05000	0.01146	0.00000
"C18_CD060"	1.13424	1.09000	0.10000	-0.10000	0.04424	0.00000
"C20_D056"	0.36476	0.35000	0.05000	-0.05000	0.01476	0.00000
"C20_D051"	0.37177	0.35000	0.05000	-0.05000	0.02177	0.00000
"C20_D046"	0.36728	0.35000	0.05000	-0.05000	0.01728	0.00000
"C20_D041"	0.37628	0.35000	0.05000	-0.05000	0.02628	0.00000
"C20_D036"	0.37232	0.35000	0.05000	-0.05000	0.02232	0.00000
"C20_D031"	0.37394	0.35000	0.05000	-0.05000	0.02394	0.00000
"C20_D026"	0.37945	0.35000	0.05000	-0.05000	0.02945	0.00000
"C20_D021"	0.37725	0.35000	0.05000	-0.05000	0.02725	0.00000
"C20_D016"	0.38062	0.35000	0.05000	-0.05000	0.03062	0.00000
"C20_D011"	0.36770	0.35000	0.05000	-0.05000	0.01770	0.00000
"C20_D006"	0.37149	0.35000	0.05000	-0.05000	0.02149	0.00000
"C20_D001"	0.38391	0.35000	0.05000	-0.05000	0.03391	0.00000
"C18_CD001"	1.12075	1.09000	0.10000	-0.10000	0.03075	0.00000
"C11D"	37.45889	37.47000	0.13000	-0.13000	-0.01111	0.00000
"C21"	0.06404	0.00000	0.10000	0.00000	0.06404	0.00000
":END"
":BEGIN"	"09:09:26 15:48:57"
"PATTERN: ADM6-60-01.5[-L][-S][-SLT]-4[-0][-1][-2][-A][-TR][-FR]"
"DISPLAY: accelerate_M20"
"UNIT: "
"C20_A001"	0.36911	0.35000	0.05000	-0.05000	0.01911	0.00000
"C20_A006"	0.36750	0.35000	0.05000	-0.05000	0.01750	0.00000
"C20_A011"	0.36162	0.35000	0.05000	-0.05000	0.01162	0.00000
"C20_A016"	0.36160	0.35000	0.05000	-0.05000	0.01160	0.00000
"C20_A021"	0.37739	0.35000	0.05000	-0.05000	0.02739	0.00000
"C20_A026"	0.36513	0.35000	0.05000	-0.05000	0.01513	0.00000
"C20_A031"	0.37763	0.35000	0.05000	-0.05000	0.02763	0.00000
"C20_A036"	0.35671	0.35000	0.05000	-0.05000	0.00671	0.00000
"C20_A041"	0.35806	0.35000	0.05000	-0.05000	0.00806	0.00000
"C20_A046"	0.35537	0.35000	0.05000	-0.05000	0.00537	0.00000
"C20_A051"	0.34577	0.35000	0.05000	-0.05000	-0.00423	0.00000
"C20_A056"	0.34763	0.35000	0.05000	-0.05000	-0.00237	0.00000
"C20_A060"	0.34924	0.35000	0.05000	-0.05000	-0.00076	0.00000
"C11A"	37.46418	37.47000	0.13000	-0.13000	-0.00582	0.00000
"C20_B060"	0.35139	0.35000	0.05000	-0.05000	0.00139	0.00000
"C18_AB060"	1.13247	1.09000	0.10000	-0.10000	0.04247	0.00000
"C20_B056"	0.34958	0.35000	0.05000	-0.05000	-0.00042	0.00000
"C20_B051"	0.34699	0.35000	0.05000	-0.05000	-0.00301	0.00000
"C20_B046"	0.35899	0.35000	0.05000	-0.05000	0.00899	0.00000
"C20_B041"	0.35676	0.35000	0.05000	-0.05000	0.00676	0.00000
"C20_B036"	0.34905	0.35000	0.05000	-0.05000	-0.00095	0.00000
"C20_B031"	0.36727	0.35000	0.05000	-0.05000	0.01727	0.00000
"C20_B026"	0.35483	0.35000	0.05000	-0.05000	0.00483	0.00000
"C20_B021"	0.35997	0.35000	0.05000	-0.05000	0.00997	0.00000
"C20_B016"	0.34740	0.35000	0.05000	-0.05000	-0.00260	0.00000
"C20_B011"	0.34590	0.35000	0.05000	-0.05000	-0.00410	0.00000
"C20_B006"	0.35572	0.35000	0.05000	-0.05000	0.00572	0.00000
"C20_B001"	0.35561	0.35000	0.05000	-0.05000	0.00561	0.00000
"C18_AB001"	1.12568	1.09000	0.10000	-0.10000	0.03568	0.00000
"C11B"	37.47388	37.47000	0.13000	-0.13000	0.00388	0.00000
"C20_C001"	0.34595	0.35000	0.05000	-0.05000	-0.00405	0.00000
"C19_BC001"	1.40676	1.45000	0.10000	-0.10000	-0.04324	0.00000
"C20_C006"	0.33796	0.35000	0.05000	-0.05000	-0.01204	0.00000
"C20_C011"	0.33351	0.35000	0.05000	-0.05000	-0.01649	0.00000
"C20_C016"	0.33396	0.35000	0.05000	-0.05000	-0.01604	0.00000
"C20_C021"	0.33705	0.35000	0.05000	-0.05000	-0.01295	0.00000
"C20_C026"	0.33407	0.35000	0.05000	-0.05000	-0.01593	0.00000
"C20_C031"	0.33545	0.35000	0.05000	-0.05000	-0.01455	0.00000
"C20_C036"	0.32742	0.35000	0.05000	-0.05000	-0.02258	0.00000
"C20_C041"	0.32705	0.35000	0.05000	-0.05000	-0.02295	0.00000
"C20_C046"	0.32679	0.35000	0.05000	-0.05000	-0.02321	0.00000
"C20_C051"	0.32914	0.35000	0.05000	-0.05000	-0.02086	0.00000
"C20_C056"	0.32162	0.35000	0.05000	-0.05000	-0.02838	0.00000
"C20_C060"	0.32380	0.35000	0.05000	-0.05000	-0.02620	0.00000
"C19_BC060"	1.40577	1.45000	0.10000	-0.10000	-0.04423	0.00000
"C11C"	37.46471	37.47000	0.13000	-0.13000	-0.00529	0.00000
"C20_D060"	0.36157	0.35000	0.05000	-0.05000	0.01157	0.00000
"C18_CD060"	1.13431	1.09000	0.10000	-0.10000	0.04431	0.00000
"C20_D056"	0.36514	0.35000	0.05000	-0.05000	0.01514	0.00000
"C20_D051"	0.37189	0.35000	0.05000	-0.05000	0.02189	0.00000
"C20_D046"	0.36812	0.35000	0.05000	-0.05000	0.01812	0.00000
"C20_D041"	0.37726	0.35000	0.05000	-0.05000	0.02726	0.00000
"C20_D036"	0.37252	0.35000	0.05000	-0.05000	0.02252	0.00000
"C20_D031"	0.37380	0.35000	0.05000	-0.05000	0.02380	0.00000
"C20_D026"	0.38084	0.35000	0.05000	-0.05000	0.03084	0.00000
"C20_D021"	0.37820	0.35000	0.05000	-0.05000	0.02820	0.00000
"C20_D016"	0.38068	0.35000	0.05000	-0.05000	0.03068	0.00000
"C20_D011"	0.36741	0.35000	0.05000	-0.05000	0.01741	0.00000
"C20_D006"	0.37158	0.35000	0.05000	-0.05000	0.02158	0.00000
"C20_D001"	0.38336	0.35000	0.05000	-0.05000	0.03336	0.00000
"C18_CD001"	1.12105	1.09000	0.10000	-0.10000	0.03105	0.00000
"C11D"	37.45867	37.47000	0.13000	-0.13000	-0.01133	0.00000
"C21"	0.06472	0.00000	0.10000	0.00000	0.06472	0.00000
":END"
":BEGIN"	"09:09:26 16:01:57"
"PATTERN: ADM6-60-01.5[-L][-S][-SLT]-4[-0][-1][-2][-A][-TR][-FR]"
"DISPLAY: accelerate_M20"
"UNIT: "
"C20_A001"	0.36938	0.35000	0.05000	-0.05000	0.01938	0.00000
"C20_A006"	0.36632	0.35000	0.05000	-0.05000	0.01632	0.00000
"C20_A011"	0.36146	0.35000	0.05000	-0.05000	0.01146	0.00000
"C20_A016"	0.36166	0.35000	0.05000	-0.05000	0.01166	0.00000
"C20_A021"	0.37825	0.35000	0.05000	-0.05000	0.02825	0.00000
"C20_A026"	0.36514	0.35000	0.05000	-0.05000	0.01514	0.00000
"C20_A031"	0.37755	0.35000	0.05000	-0.05000	0.02755	0.00000
"C20_A036"	0.35591	0.35000	0.05000	-0.05000	0.00591	0.00000
"C20_A041"	0.35915	0.35000	0.05000	-0.05000	0.00915	0.00000
"C20_A046"	0.35534	0.35000	0.05000	-0.05000	0.00534	0.00000
"C20_A051"	0.34603	0.35000	0.05000	-0.05000	-0.00397	0.00000
"C20_A056"	0.34789	0.35000	0.05000	-0.05000	-0.00211	0.00000
"C20_A060"	0.34949	0.35000	0.05000	-0.05000	-0.00051	0.00000
"C11A"	37.46322	37.47000	0.13000	-0.13000	-0.00678	0.00000
"C20_B060"	0.35171	0.35000	0.05000	-0.05000	0.00171	0.00000
"C18_AB060"	1.13226	1.09000	0.10000	-0.10000	0.04226	0.00000
"C20_B056"	0.34913	0.35000	0.05000	-0.05000	-0.00087	0.00000
"C20_B051"	0.34725	0.35000	0.05000	-0.05000	-0.00275	0.00000
"C20_B046"	0.35909	0.35000	0.05000	-0.05000	0.00909	0.00000
"C20_B041"	0.35681	0.35000	0.05000	-0.05000	0.00681	0.00000
"C20_B036"	0.34865	0.35000	0.05000	-0.05000	-0.00135	0.00000
"C20_B031"	0.36766	0.35000	0.05000	-0.05000	0.01766	0.00000
"C20_B026"	0.35504	0.35000	0.05000	-0.05000	0.00504	0.00000
"C20_B021"	0.35959	0.35000	0.05000	-0.05000	0.00959	0.00000
"C20_B016"	0.34813	0.35000	0.05000	-0.05000	-0.00187	0.00000
"C20_B011"	0.34610	0.35000	0.05000	-0.05000	-0.00390	0.00000
"C20_B006"	0.35515	0.35000	0.05000	-0.05000	0.00515	0.00000
"C20_B001"	0.35624	0.35000	0.05000	-0.05000	0.00624	0.00000
"C18_AB001"	1.12549	1.09000	0.10000	-0.10000	0.03549	0.00000
"C11B"	37.47407	37.47000	0.13000	-0.13000	0.00407	0.00000
"C20_C001"	0.34599	0.35000	0.05000	-0.05000	-0.00401	0.00000
"C19_BC001"	1.41832	1.45000	0.10000	-0.10000	-0.03168	0.00000
"C20_C006"	0.33810	0.35000	0.05000	-0.05000	-0.01190	0.00000
"C20_C011"	0.33285	0.35000	0.05000	-0.05000	-0.01715	0.00000
"C20_C016"	0.33280	0.35000	0.05000	-0.05000	-0.01720	0.00000
"C20_C021"	0.33711	0.35000	0.05000	-0.05000	-0.01289	0.00000
"C20_C026"	0.33384	0.35000	0.05000	-0.05000	-0.01616	0.00000
"C20_C031"	0.33463	0.35000	0.05000	-0.05000	-0.01537	0.00000
"C20_C036"	0.32814	0.35000	0.05000	-0.05000	-0.02186	0.00000
"C20_C041"	0.32684	0.35000	0.05000	-0.05000	-0.02316	0.00000
"C20_C046"	0.32591	0.35000	0.05000	-0.05000	-0.02409	0.00000
"C20_C051"	0.32874	0.35000	0.05000	-0.05000	-0.02126	0.00000
"C20_C056"	0.32106	0.35000	0.05000	-0.05000	-0.02894	0.00000
"C20_C060"	0.32355	0.35000	0.05000	-0.05000	-0.02645	0.00000
"C19_BC060"	1.40485	1.45000	0.10000	-0.10000	-0.04515	0.00000
"C11C"	37.46378	37.47000	0.13000	-0.13000	-0.00622	0.00000
"C20_D060"	0.36220	0.35000	0.05000	-0.05000	0.01220	0.00000
"C18_CD060"	1.13542	1.09000	0.10000	-0.10000	0.04542	0.00000
"C20_D056"	0.36492	0.35000	0.05000	-0.05000	0.01492	0.00000
"C20_D051"	0.37283	0.35000	0.05000	-0.05000	0.02283	0.00000
"C20_D046"	0.36800	0.35000	0.05000	-0.05000	0.01800	0.00000
"C20_D041"	0.37733	0.35000	0.05000	-0.05000	0.02733	0.00000
"C20_D036"	0.37373	0.35000	0.05000	-0.05000	0.02373	0.00000
"C20_D031"	0.37525	0.35000	0.05000	-0.05000	0.02525	0.00000
"C20_D026"	0.38099	0.35000	0.05000	-0.05000	0.03099	0.00000
"C20_D021"	0.37685	0.35000	0.05000	-0.05000	0.02685	0.00000
"C20_D016"	0.38151	0.35000	0.05000	-0.05000	0.03151	0.00000
"C20_D011"	0.36765	0.35000	0.05000	-0.05000	0.01765	0.00000
"C20_D006"	0.37185	0.35000	0.05000	-0.05000	0.02185	0.00000
"C20_D001"	0.38346	0.35000	0.05000	-0.05000	0.03346	0.00000
"C18_CD001"	1.10935	1.09000	0.10000	-0.10000	0.01935	0.00000
"C11D"	37.46019	37.47000	0.13000	-0.13000	-0.00981	0.00000
"C21"	0.06429	0.00000	0.10000	0.00000	0.06429	0.00000
":END"
":BEGIN"	"09:09:26 16:14:59"
"PATTERN: ADM6-60-01.5[-L][-S][-SLT]-4[-0][-1][-2][-A][-TR][-FR]"
"DISPLAY: accelerate_M20"
"UNIT: "
"C20_A001"	0.36849	0.35000	0.05000	-0.05000	0.01849	0.00000
"C20_A006"	0.36658	0.35000	0.05000	-0.05000	0.01658	0.00000
"C20_A011"	0.36046	0.35000	0.05000	-0.05000	0.01046	0.00000
"C20_A016"	0.36216	0.35000	0.05000	-0.05000	0.01216	0.00000
"C20_A021"	0.37701	0.35000	0.05000	-0.05000	0.02701	0.00000
"C20_A026"	0.36609	0.35000	0.05000	-0.05000	0.01609	0.00000
"C20_A031"	0.37733	0.35000	0.05000	-0.05000	0.02733	0.00000
"C20_A036"	0.35684	0.35000	0.05000	-0.05000	0.00684	0.00000
"C20_A041"	0.35916	0.35000	0.05000	-0.05000	0.00916	0.00000
"C20_A046"	0.35496	0.35000	0.05000	-0.05000	0.00496	0.00000
"C20_A051"	0.34647	0.35000	0.05000	-0.05000	-0.00353	0.00000
"C20_A056"	0.34823	0.35000	0.05000	-0.05000	-0.00177	0.00000
"C20_A060"	0.35117	0.35000	0.05000	-0.05000	0.00117	0.00000
"C11A"	37.46502	37.47000	0.13000	-0.13000	-0.00498	0.00000
"C20_B060"	0.35138	0.35000	0.05000	-0.05000	0.00138	0.00000
"C18_AB060"	1.13254	1.09000	0.10000	-0.10000	0.04254	0.00000
"C20_B056"	0.34881	0.35000	0.05000	-0.05000	-0.00119	0.00000
"C20_B051"	0.34650	0.35000	0.05000	-0.05000	-0.00350	0.00000
"C20_B046"	0.35942	0.35000	0.05000	-0.05000	0.00942	0.00000
"C20_B041"	0.35652	0.35000	0.05000	-0.05000	0.00652	0.00000
"C20_B036"	0.34903	0.35000	0.05000	-0.05000	-0.00097	0.00000
"C20_B031"	0.36753	0.35000	0.05000	-0.05000	0.01753	0.00000
"C20_B026"	0.35444	0.35000	0.05000	-0.05000	0.00444	0.00000
"C20_B021"	0.35913	0.35000	0.05000	-0.05000	0.00913	0.00000
"C20_B016"	0.34775	0.35000	0.05000	-0.05000	-0.00225	0.00000
"C20_B011"	0.34611	0.35000	0.05000	-0.05000	-0.00389	0.00000
"C20_B006"	0.35437	0.35000	0.05000	-0.05000	0.00437	0.00000
"C20_B001"	0.35476	0.35000	0.05000	-0.05000	0.00476	0.00000
"C18_AB001"	1.12839	1.09000	0.10000	-0.10000	0.03839	0.00000
"C11B"	37.47424	37.47000	0.13000	-0.13000	0.00424	0.00000
"C20_C001"	0.34414	0.35000	0.05000	-0.05000	-0.00586	0.00000
"C19_BC001"	1.41644	1.45000	0.10000	-0.10000	-0.03356	0.00000
"C20_C006"	0.33808	0.35000	0.05000	-0.05000	-0.01192	0.00000
"C20_C011"	0.33369	0.35000	0.05000	-0.05000	-0.01631	0.00000
"C20_C016"	0.33462	0.35000	0.05000	-0.05000	-0.01538	0.00000
"C20_C021"	0.33734	0.35000	0.05000	-0.05000	-0.01266	0.00000
"C20_C026"	0.33306	0.35000	0.05000	-0.05000	-0.01694	0.00000
"C20_C031"	0.33437	0.35000	0.05000	-0.05000	-0.01563	0.00000
"C20_C036"	0.32727	0.35000	0.05000	-0.05000	-0.02273	0.00000
"C20_C041"	0.32655	0.35000	0.05000	-0.05000	-0.02345	0.00000
"C20_C046"	0.32633	0.35000	0.05000	-0.05000	-0.02367	0.00000
"C20_C051"	0.32901	0.35000	0.05000	-0.05000	-0.02099	0.00000
"C20_C056"	0.32145	0.35000	0.05000	-0.05000	-0.02855	0.00000
"C20_C060"	0.32367	0.35000	0.05000	-0.05000	-0.02633	0.00000
"C19_BC060"	1.40289	1.45000	0.10000	-0.10000	-0.04711	0.00000
"C11C"	37.46584	37.47000	0.13000	-0.13000	-0.00416	0.00000
"C20_D060"	0.36206	0.35000	0.05000	-0.05000	0.01206	0.00000
"C18_CD060"	1.13644	1.09000	0.10000	-0.10000	0.04644	0.00000
"C20_D056"	0.36491	0.35000	0.05000	-0.05000	0.01491	0.00000
"C20_D051"	0.37285	0.35000	0.05000	-0.05000	0.02285	0.00000
"C20_D046"	0.36753	0.35000	0.05000	-0.05000	0.01753	0.00000
"C20_D041"	0.37721	0.35000	0.05000	-0.05000	0.02721	0.00000
"C20_D036"	0.37277	0.35000	0.05000	-0.05000	0.02277	0.00000
"C20_D031"	0.37454	0.35000	0.05000	-0.05000	0.02454	0.00000
"C20_D026"	0.38068	0.35000	0.05000	-0.05000	0.03068	0.00000
"C20_D021"	0.37790	0.35000	0.05000	-0.05000	0.02790	0.00000
"C20_D016"	0.38073	0.35000	0.05000	-0.05000	0.03073	0.00000
"C20_D011"	0.36767	0.35000	0.05000	-0.05000	0.01767	0.00000
"C20_D006"	0.37187	0.35000	0.05000	-0.05000	0.02187	0.00000
"C20_D001"	0.38344	0.35000	0.05000	-0.05000	0.03344	0.00000
"C18_CD001"	1.10751	1.09000	0.10000	-0.10000	0.01751	0.00000
"C11D"	37.45954	37.47000	0.13000	-0.13000	-0.01046	0.00000
"C21"	0.06516	0.00000	0.10000	0.00000	0.06516	0.00000
":END"
":BEGIN"	"09:09:26 16:27:58"
"PATTERN: ADM6-60-01.5[-L][-S][-SLT]-4[-0][-1][-2][-A][-TR][-FR]"
"DISPLAY: accelerate_M20"
"UNIT: "
"C20_A001"	0.36938	0.35000	0.05000	-0.05000	0.01938	0.00000
"C20_A006"	0.36649	0.35000	0.05000	-0.05000	0.01649	0.00000
"C20_A011"	0.36147	0.35000	0.05000	-0.05000	0.01147	0.00000
"C20_A016"	0.36157	0.35000	0.05000	-0.05000	0.01157	0.00000
"C20_A021"	0.37701	0.35000	0.05000	-0.05000	0.02701	0.00000
"C20_A026"	0.36413	0.35000	0.05000	-0.05000	0.01413	0.00000
"C20_A031"	0.37654	0.35000	0.05000	-0.05000	0.02654	0.00000
"C20_A036"	0.35585	0.35000	0.05000	-0.05000	0.00585	0.00000
"C20_A041"	0.35709	0.35000	0.05000	-0.05000	0.00709	0.00000
"C20_A046"	0.35554	0.35000	0.05000	-0.05000	0.00554	0.00000
"C20_A051"	0.34590	0.35000	0.05000	-0.05000	-0.00410	0.00000
"C20_A056"	0.34752	0.35000	0.05000	-0.05000	-0.00248	0.00000
"C20_A060"	0.35112	0.35000	0.05000	-0.05000	0.00112	0.00000
"C11A"	37.46528	37.47000	0.13000	-0.13000	-0.00472	0.00000
"C20_B060"	0.35144	0.35000	0.05000	-0.05000	0.00144	0.00000
"C18_AB060"	1.13198	1.09000	0.10000	-0.10000	0.04198	0.00000
"C20_B056"	0.34980	0.35000	0.05000	-0.05000	-0.00020	0.00000
"C20_B051"	0.34669	0.35000	0.05000	-0.05000	-0.00331	0.00000
"C20_B046"	0.35958	0.35000	0.05000	-0.05000	0.00958	0.00000
"C20_B041"	0.35671	0.35000	0.05000	-0.05000	0.00671	0.00000
"C20_B036"	0.34984	0.35000	0.05000	-0.05000	-0.00016	0.00000
"C20_B031"	0.36750	0.35000	0.05000	-0.05000	0.01750	0.00000
"C20_B026"	0.35489	0.35000	0.05000	-0.05000	0.00489	0.00000
"C20_B021"	0.35861	0.35000	0.05000	-0.05000	0.00861	0.00000
"C20_B016"	0.34776	0.35000	0.05000	-0.05000	-0.00224	0.00000
"C20_B011"	0.34684	0.35000	0.05000	-0.05000	-0.00316	0.00000
"C20_B006"	0.35419	0.35000	0.05000	-0.05000	0.00419	0.00000
"C20_B001"	0.35659	0.35000	0.05000	-0.05000	0.00659	0.00000
"C18_AB001"	1.12603	1.09000	0.10000	-0.10000	0.03603	0.00000
"C11B"	37.47391	37.47000	0.13000	-0.13000	0.00391	0.00000
"C20_C001"	0.34463	0.35000	0.05000	-0.05000	-0.00537	0.00000
"C19_BC001"	1.41874	1.45000	0.10000	-0.10000	-0.03126	0.00000
"C20_C006"	0.33780	0.35000	0.05000	-0.05000	-0.01220	0.00000
"C20_C011"	0.33320	0.35000	0.05000	-0.05000	-0.01680	0.00000
"C20_C016"	0.33453	0.35000	0.05000	-0.05000	-0.01547	0.00000
"C20_C021"	0.33730	0.35000	0.05000	-0.05000	-0.01270	0.00000
"C20_C026"	0.33398	0.35000	0.05000	-0.05000	-0.01602	0.00000
"C20_C031"	0.33588	0.35000	0.05000	-0.05000	-0.01412	0.00000
"C20_C036"	0.32673	0.35000	0.05000	-0.05000	-0.02327	0.00000
"C20_C041"	0.32586	0.35000	0.05000	-0.05000	-0.02414	0.00000
"C20_C046"	0.32548	0.35000	0.05000	-0.05000	-0.02452	0.00000
"C20_C051"	0.32900	0.35000	0.05000	-0.05000	-0.02100	0.00000
"C20_C056"	0.32082	0.35000	0.05000	-0.05000	-0.02918	0.00000
"C20_C060"	0.32313	0.35000	0.05000	-0.05000	-0.02687	0.00000
"C19_BC060"	1.40304	1.45000	0.10000	-0.10000	-0.04696	0.00000
"C11C"	37.46465	37.47000	0.13000	-0.13000	-0.00535	0.00000
"C20_D060"	0.36201	0.35000	0.05000	-0.05000	0.01201	0.00000
"C18_CD060"	1.13713	1.09000	0.10000	-0.10000	0.04713	0.00000
"C20_D056"	0.36564	0.35000	0.05000	-0.05000	0.01564	0.00000
"C20_D051"	0.37293	0.35000	0.05000	-0.05000	0.02293	0.00000
"C20_D046"	0.36845	0.35000	0.05000	-0.05000	0.01845	0.00000
"C20_D041"	0.37748	0.35000	0.05000	-0.05000	0.02748	0.00000
"C20_D036"	0.37397	0.35000	0.05000	-0.05000	0.02397	0.00000
"C20_D031"	0.37555	0.35000	0.05000	-0.05000	0.02555	0.00000
"C20_D026"	0.38096	0.35000	0.05000	-0.05000	0.03096	0.00000
"C20_D021"	0.37878	0.35000	0.05000	-0.05000	0.02878	0.00000
"C20_D016"	0.38071	0.35000	0.05000	-0.05000	0.03071	0.00000
"C20_D011"	0.36813	0.35000	0.05000	-0.05000	0.01813	0.00000
"C20_D006"	0.37155	0.35000	0.05000	-0.05000	0.02155	0.00000
"C20_D001"	0.38395	0.35000	0.05000	-0.05000	0.03395	0.00000
"C18_CD001"	1.10907	1.09000	0.10000	-0.10000	0.01907	0.00000
"C11D"	37.45985	37.47000	0.13000	-0.13000	-0.01015	0.00000
"C21"	0.06514	0.00000	0.10000	0.00000	0.06514	0.00000
":END"
":BEGIN"	"09:09:26 16:40:59"
"PATTERN: ADM6-60-01.5[-L][-S][-SLT]-4[-0][-1][-2][-A][-TR][-FR]"
"DISPLAY: accelerate_M20"
"UNIT: "
"C20_A001"	0.37043	0.35000	0.05000	-0.05000	0.02043	0.00000
"C20_A006"	0.36776	0.35000	0.05000	-0.05000	0.01776	0.00000
"C20_A011"	0.36085	0.35000	0.05000	-0.05000	0.01085	0.00000
"C20_A016"	0.36119	0.35000	0.05000	-0.05000	0.01119	0.00000
"C20_A021"	0.37723	0.35000	0.05000	-0.05000	0.02723	0.00000
"C20_A026"	0.36381	0.35000	0.05000	-0.05000	0.01381	0.00000
"C20_A031"	0.37686	0.35000	0.05000	-0.05000	0.02686	0.00000
"C20_A036"	0.35620	0.35000	0.05000	-0.05000	0.00620	0.00000
"C20_A041"	0.35730	0.35000	0.05000	-0.05000	0.00730	0.00000
"C20_A046"	0.35478	0.35000	0.05000	-0.05000	0.00478	0.00000
"C20_A051"	0.34527	0.35000	0.05000	-0.05000	-0.00473	0.00000
"C20_A056"	0.34790	0.35000	0.05000	-0.05000	-0.00210	0.00000
"C20_A060"	0.34972	0.35000	0.05000	-0.05000	-0.00028	0.00000
"C11A"	37.46371	37.47000	0.13000	-0.13000	-0.00629	0.00000
"C20_B060"	0.35176	0.35000	0.05000	-0.05000	0.00176	0.00000
"C18_AB060"	1.13264	1.09000	0.10000	-0.10000	0.04264	0.00000
"C20_B056"	0.35015	0.35000	0.05000	-0.05000	0.00015	0.00000
"C20_B051"	0.34720	0.35000	0.05000	-0.05000	-0.00280	0.00000
"C20_B046"	0.35940	0.35000	0.05000	-0.05000	0.00940	0.00000
"C20_B041"	0.35693	0.35000	0.05000	-0.05000	0.00693	0.00000
"C20_B036"	0.34914	0.35000	0.05000	-0.05000	-0.00086	0.00000
"C20_B031"	0.36728	0.35000	0.05000	-0.05000	0.01728	0.00000
"C20_B026"	0.35423	0.35000	0.05000	-0.05000	0.00423	0.00000
"C20_B021"	0.35975	0.35000	0.05000	-0.05000	0.00975	0.00000
"C20_B016"	0.34840	0.35000	0.05000	-0.05000	-0.00160	0.00000
"C20_B011"	0.34773	0.35000	0.05000	-0.05000	-0.00227	0.00000
"C20_B006"	0.35587	0.35000	0.05000	-0.05000	0.00587	0.00000
"C20_B001"	0.35645	0.35000	0.05000	-0.05000	0.00645	0.00000
"C18_AB001"	1.12602	1.09000	0.10000	-0.10000	0.03602	0.00000
"C11B"	37.47358	37.47000	0.13000	-0.13000	0.00358	0.00000
"C20_C001"	0.34468	0.35000	0.05000	-0.05000	-0.00532	0.00000
"C19_BC001"	1.41873	1.45000	0.10000	-0.10000	-0.03127	0.00000
"C20_C006"	0.33787	0.35000	0.05000	-0.05000	-0.01213	0.00000
"C20_C011"	0.33358	0.35000	0.05000	-0.05000	-0.01642	0.00000
"C20_C016"	0.33447	0.35000	0.05000	-0.05000	-0.01553	0.00000
"C20_C021"	0.33654	0.35000	0.05000	-0.05000	-0.01346	0.00000
"C20_C026"	0.33396	0.35000	0.05000	-0.05000	-0.01604	0.00000
"C20_C031"	0.33471	0.35000	0.05000	-0.05000	-0.01529	0.00000
"C20_C036"	0.32718	0.35000	0.05000	-0.05000	-0.02282	0.00000
"C20_C041"	0.32630	0.35000	0.05000	-0.05000	-0.02370	0.00000
"C20_C046"	0.32667	0.35000	0.05000	-0.05000	-0.02333	0.00000
"C20_C051"	0.32859	0.35000	0.05000	-0.05000	-0.02141	0.00000
"C20_C056"	0.32095	0.35000	0.05000	-0.05000	-0.02905	0.00000
"C20_C060"	0.32351	0.35000	0.05000	-0.05000	-0.02649	0.00000
"C19_BC060"	1.40549	1.45000	0.10000	-0.10000	-0.04451	0.00000
"C11C"	37.46407	37.47000	0.13000	-0.13000	-0.00593	0.00000
"C20_D060"	0.36186	0.35000	0.05000	-0.05000	0.01186	0.00000
"C18_CD060"	1.13273	1.09000	0.10000	-0.10000	0.04273	0.00000
"C20_D056"	0.36527	0.35000	0.05000	-0.05000	0.01527	0.00000
"C20_D051"	0.37288	0.35000	0.05000	-0.05000	0.02288	0.00000
"C20_D046"	0.36779	0.35000	0.05000	-0.05000	0.01779	0.00000
"C20_D041"	0.37714	0.35000	0.05000	-0.05000	0.02714	0.00000
"C20_D036"	0.37395	0.35000	0.05000	-0.05000	0.02395	0.00000
"C20_D031"	0.37432	0.35000	0.05000	-0.05000	0.02432	0.00000
"C20_D026"	0.38114	0.35000	0.05000	-0.05000	0.03114	0.00000
"C20_D021"	0.37825	0.35000	0.05000	-0.05000	0.02825	0.00000
"C20_D016"	0.38126	0.35000	0.05000	-0.05000	0.03126	0.00000
"C20_D011"	0.36718	0.35000	0.05000	-0.05000	0.01718	0.00000
"C20_D006"	0.37216	0.35000	0.05000	-0.05000	0.02216	0.00000
"C20_D001"	0.38321	0.35000	0.05000	-0.05000	0.03321	0.00000
"C18_CD001"	1.10279	1.09000	0.10000	-0.10000	0.01279	0.00000
"C11D"	37.45911	37.47000	0.13000	-0.13000	-0.01089	0.00000
"C21"	0.06476	0.00000	0.10000	0.00000	0.06476	0.00000
":END"
":BEGIN"	"09:11:26 06:49:49"
"PATTERN: ADM6-60-01.5[-L][-S][-SLT]-4[-0][-1][-2][-A][-TR][-FR]"
"DISPLAY: accelerate_M20_V14"
"UNIT: "
"C20_A001"	0.36447	0.35000	0.05000	-0.05000	0.01447	0.00000
"C20_A006"	0.35102	0.35000	0.05000	-0.05000	0.00102	0.00000
"C20_A011"	0.35696	0.35000	0.05000	-0.05000	0.00696	0.00000
"C20_A016"	0.35223	0.35000	0.05000	-0.05000	0.00223	0.00000
"C20_A021"	0.36938	0.35000	0.05000	-0.05000	0.01938	0.00000
"C20_A026"	0.35373	0.35000	0.05000	-0.05000	0.00373	0.00000
"C20_A031"	0.35792	0.35000	0.05000	-0.05000	0.00792	0.00000
"C20_A036"	0.35256	0.35000	0.05000	-0.05000	0.00256	0.00000
"C20_A041"	0.34741	0.35000	0.05000	-0.05000	-0.00259	0.00000
"C20_A046"	0.34375	0.35000	0.05000	-0.05000	-0.00625	0.00000
"C20_A051"	0.34331	0.35000	0.05000	-0.05000	-0.00669	0.00000
"C20_A056"	0.33510	0.35000	0.05000	-0.05000	-0.01490	0.00000
"C20_A060"	0.32706	0.35000	0.05000	-0.05000	-0.02294	0.00000
"C11A"	37.45702	37.47000	0.13000	-0.13000	-0.01298	0.00000
"C20_B060"	0.35154	0.35000	0.05000	-0.05000	0.00154	0.00000
"C18_AB060"	1.11479	1.09000	0.10000	-0.10000	0.02479	0.00000
"C20_B056"	0.35007	0.35000	0.05000	-0.05000	0.00007	0.00000
"C20_B051"	0.36020	0.35000	0.05000	-0.05000	0.01020	0.00000
"C20_B046"	0.35690	0.35000	0.05000	-0.05000	0.00690	0.00000
"C20_B041"	0.35350	0.35000	0.05000	-0.05000	0.00350	0.00000
"C20_B036"	0.35933	0.35000	0.05000	-0.05000	0.00933	0.00000
"C20_B031"	0.36596	0.35000	0.05000	-0.05000	0.01596	0.00000
"C20_B026"	0.35109	0.35000	0.05000	-0.05000	0.00109	0.00000
"C20_B021"	0.36064	0.35000	0.05000	-0.05000	0.01064	0.00000
"C20_B016"	0.35160	0.35000	0.05000	-0.05000	0.00160	0.00000
"C20_B011"	0.35226	0.35000	0.05000	-0.05000	0.00226	0.00000
"C20_B006"	0.35198	0.35000	0.05000	-0.05000	0.00198	0.00000
"C20_B001"	0.35683	0.35000	0.05000	-0.05000	0.00683	0.00000
"C18_AB001"	1.11088	1.09000	0.10000	-0.10000	0.02088	0.00000
"C11B"	37.47969	37.47000	0.13000	-0.13000	0.00969	0.00000
"C20_C001"	0.33537	0.35000	0.05000	-0.05000	-0.01463	0.00000
"C19_BC001"	1.42114	1.45000	0.10000	-0.10000	-0.02886	0.00000
"C20_C006"	0.33263	0.35000	0.05000	-0.05000	-0.01737	0.00000
"C20_C011"	0.33267	0.35000	0.05000	-0.05000	-0.01733	0.00000
"C20_C016"	0.32214	0.35000	0.05000	-0.05000	-0.02786	0.00000
"C20_C021"	0.33328	0.35000	0.05000	-0.05000	-0.01672	0.00000
"C20_C026"	0.32635	0.35000	0.05000	-0.05000	-0.02365	0.00000
"C20_C031"	0.32801	0.35000	0.05000	-0.05000	-0.02199	0.00000
"C20_C036"	0.33366	0.35000	0.05000	-0.05000	-0.01634	0.00000
"C20_C041"	0.31939	0.35000	0.05000	-0.05000	-0.03061	0.00000
"C20_C046"	0.31742	0.35000	0.05000	-0.05000	-0.03258	0.00000
"C20_C051"	0.31727	0.35000	0.05000	-0.05000	-0.03273	0.00000
"C20_C056"	0.31835	0.35000	0.05000	-0.05000	-0.03165	0.00000
"C20_C060"	0.30538	0.35000	0.05000	-0.05000	-0.04462	0.00000
"C19_BC060"	1.41751	1.45000	0.10000	-0.10000	-0.03249	0.00000
"C11C"	37.47389	37.47000	0.13000	-0.13000	0.00389	0.00000
"C20_D060"	0.35447	0.35000	0.05000	-0.05000	0.00447	0.00000
"C18_CD060"	1.12351	1.09000	0.10000	-0.10000	0.03351	0.00000
"C20_D056"	0.36347	0.35000	0.05000	-0.05000	0.01347	0.00000
"C20_D051"	0.36736	0.35000	0.05000	-0.05000	0.01736	0.00000
"C20_D046"	0.37036	0.35000	0.05000	-0.05000	0.02036	0.00000
"C20_D041"	0.37327	0.35000	0.05000	-0.05000	0.02327	0.00000
"C20_D036"	0.38462	0.35000	0.05000	-0.05000	0.03462	0.00000
"C20_D031"	0.37527	0.35000	0.05000	-0.05000	0.02527	0.00000
"C20_D026"	0.37034	0.35000	0.05000	-0.05000	0.02034	0.00000
"C20_D021"	0.37731	0.35000	0.05000	-0.05000	0.02731	0.00000
"C20_D016"	0.36391	0.35000	0.05000	-0.05000	0.01391	0.00000
"C20_D011"	0.37422	0.35000	0.05000	-0.05000	0.02422	0.00000
"C20_D006"	0.36881	0.35000	0.05000	-0.05000	0.01881	0.00000
"C20_D001"	0.37864	0.35000	0.05000	-0.05000	0.02864	0.00000
"C18_CD001"	1.11879	1.09000	0.10000	-0.10000	0.02879	0.00000
"C11D"	37.46150	37.47000	0.13000	-0.13000	-0.00850	0.00000
"C21"	0.05435	0.00000	0.10000	0.00000	0.05435	0.00000
":END"
":BEGIN"	"09:11:26 07:03:10"
"PATTERN: ADM6-60-01.5[-L][-S][-SLT]-4[-0][-1][-2][-A][-TR][-FR]"
"DISPLAY: accelerate_M20_V14"
"UNIT: "
"C20_A001"	0.36453	0.35000	0.05000	-0.05000	0.01453	0.00000
"C20_A006"	0.35105	0.35000	0.05000	-0.05000	0.00105	0.00000
"C20_A011"	0.35763	0.35000	0.05000	-0.05000	0.00763	0.00000
"C20_A016"	0.35171	0.35000	0.05000	-0.05000	0.00171	0.00000
"C20_A021"	0.36733	0.35000	0.05000	-0.05000	0.01733	0.00000
"C20_A026"	0.35335	0.35000	0.05000	-0.05000	0.00335	0.00000
"C20_A031"	0.35664	0.35000	0.05000	-0.05000	0.00664	0.00000
"C20_A036"	0.35238	0.35000	0.05000	-0.05000	0.00238	0.00000
"C20_A041"	0.34801	0.35000	0.05000	-0.05000	-0.00199	0.00000
"C20_A046"	0.34333	0.35000	0.05000	-0.05000	-0.00667	0.00000
"C20_A051"	0.34248	0.35000	0.05000	-0.05000	-0.00752	0.00000
"C20_A056"	0.33524	0.35000	0.05000	-0.05000	-0.01476	0.00000
"C20_A060"	0.32803	0.35000	0.05000	-0.05000	-0.02197	0.00000
"C11A"	37.45775	37.47000	0.13000	-0.13000	-0.01225	0.00000
"C20_B060"	0.35095	0.35000	0.05000	-0.05000	0.00095	0.00000
"C18_AB060"	1.11455	1.09000	0.10000	-0.10000	0.02455	0.00000
"C20_B056"	0.34855	0.35000	0.05000	-0.05000	-0.00145	0.00000
"C20_B051"	0.36072	0.35000	0.05000	-0.05000	0.01072	0.00000
"C20_B046"	0.35623	0.35000	0.05000	-0.05000	0.00623	0.00000
"C20_B041"	0.35375	0.35000	0.05000	-0.05000	0.00375	0.00000
"C20_B036"	0.35952	0.35000	0.05000	-0.05000	0.00952	0.00000
"C20_B031"	0.36661	0.35000	0.05000	-0.05000	0.01661	0.00000
"C20_B026"	0.35142	0.35000	0.05000	-0.05000	0.00142	0.00000
"C20_B021"	0.36067	0.35000	0.05000	-0.05000	0.01067	0.00000
"C20_B016"	0.35215	0.35000	0.05000	-0.05000	0.00215	0.00000
"C20_B011"	0.35288	0.35000	0.05000	-0.05000	0.00288	0.00000
"C20_B006"	0.35240	0.35000	0.05000	-0.05000	0.00240	0.00000
"C20_B001"	0.35577	0.35000	0.05000	-0.05000	0.00577	0.00000
"C18_AB001"	1.12400	1.09000	0.10000	-0.10000	0.03400	0.00000
"C11B"	37.48083	37.47000	0.13000	-0.13000	0.01083	0.00000
"C20_C001"	0.33484	0.35000	0.05000	-0.05000	-0.01516	0.00000
"C19_BC001"	1.41653	1.45000	0.10000	-0.10000	-0.03347	0.00000
"C20_C006"	0.33527	0.35000	0.05000	-0.05000	-0.01473	0.00000
"C20_C011"	0.33297	0.35000	0.05000	-0.05000	-0.01703	0.00000
"C20_C016"	0.32251	0.35000	0.05000	-0.05000	-0.02749	0.00000
"C20_C021"	0.33259	0.35000	0.05000	-0.05000	-0.01741	0.00000
"C20_C026"	0.32618	0.35000	0.05000	-0.05000	-0.02382	0.00000
"C20_C031"	0.32788	0.35000	0.05000	-0.05000	-0.02212	0.00000
"C20_C036"	0.33294	0.35000	0.05000	-0.05000	-0.01706	0.00000
"C20_C041"	0.31928	0.35000	0.05000	-0.05000	-0.03072	0.00000
"C20_C046"	0.31707	0.35000	0.05000	-0.05000	-0.03293	0.00000
"C20_C051"	0.31686	0.35000	0.05000	-0.05000	-0.03314	0.00000
"C20_C056"	0.31758	0.35000	0.05000	-0.05000	-0.03242	0.00000
"C20_C060"	0.30489	0.35000	0.05000	-0.05000	-0.04511	0.00000
"C19_BC060"	1.41609	1.45000	0.10000	-0.10000	-0.03391	0.00000
"C11C"	37.47394	37.47000	0.13000	-0.13000	0.00394	0.00000
"C20_D060"	0.35508	0.35000	0.05000	-0.05000	0.00508	0.00000
"C18_CD060"	1.12408	1.09000	0.10000	-0.10000	0.03408	0.00000
"C20_D056"	0.36426	0.35000	0.05000	-0.05000	0.01426	0.00000
"C20_D051"	0.36639	0.35000	0.05000	-0.05000	0.01639	0.00000
"C20_D046"	0.37015	0.35000	0.05000	-0.05000	0.02015	0.00000
"C20_D041"	0.37418	0.35000	0.05000	-0.05000	0.02418	0.00000
"C20_D036"	0.38566	0.35000	0.05000	-0.05000	0.03566	0.00000
"C20_D031"	0.37594	0.35000	0.05000	-0.05000	0.02594	0.00000
"C20_D026"	0.37118	0.35000	0.05000	-0.05000	0.02118	0.00000
"C20_D021"	0.37774	0.35000	0.05000	-0.05000	0.02774	0.00000
"C20_D016"	0.36372	0.35000	0.05000	-0.05000	0.01372	0.00000
"C20_D011"	0.37437	0.35000	0.05000	-0.05000	0.02437	0.00000
"C20_D006"	0.37017	0.35000	0.05000	-0.05000	0.02017	0.00000
"C20_D001"	0.37859	0.35000	0.05000	-0.05000	0.02859	0.00000
"C18_CD001"	1.11870	1.09000	0.10000	-0.10000	0.02870	0.00000
"C11D"	37.46195	37.47000	0.13000	-0.13000	-0.00805	0.00000
"C21"	0.05408	0.00000	0.10000	0.00000	0.05408	0.00000
":END"
":BEGIN"	"09:11:26 07:16:26"
"PATTERN: ADM6-60-01.5[-L][-S][-SLT]-4[-0][-1][-2][-A][-TR][-FR]"
"DISPLAY: accelerate_M20_V14"
"UNIT: "
"C20_A001"	0.36375	0.35000	0.05000	-0.05000	0.01375	0.00000
"C20_A006"	0.35239	0.35000	0.05000	-0.05000	0.00239	0.00000
"C20_A011"	0.35512	0.35000	0.05000	-0.05000	0.00512	0.00000
"C20_A016"	0.35138	0.35000	0.05000	-0.05000	0.00138	0.00000
"C20_A021"	0.36745	0.35000	0.05000	-0.05000	0.01745	0.00000
"C20_A026"	0.35281	0.35000	0.05000	-0.05000	0.00281	0.00000
"C20_A031"	0.35652	0.35000	0.05000	-0.05000	0.00652	0.00000
"C20_A036"	0.35202	0.35000	0.05000	-0.05000	0.00202	0.00000
"C20_A041"	0.34756	0.35000	0.05000	-0.05000	-0.00244	0.00000
"C20_A046"	0.34370	0.35000	0.05000	-0.05000	-0.00630	0.00000
"C20_A051"	0.34251	0.35000	0.05000	-0.05000	-0.00749	0.00000
"C20_A056"	0.33496	0.35000	0.05000	-0.05000	-0.01504	0.00000
"C20_A060"	0.32755	0.35000	0.05000	-0.05000	-0.02245	0.00000
"C11A"	37.45765	37.47000	0.13000	-0.13000	-0.01235	0.00000
"C20_B060"	0.35073	0.35000	0.05000	-0.05000	0.00073	0.00000
"C18_AB060"	1.10920	1.09000	0.10000	-0.10000	0.01920	0.00000
"C20_B056"	0.34970	0.35000	0.05000	-0.05000	-0.00030	0.00000
"C20_B051"	0.36032	0.35000	0.05000	-0.05000	0.01032	0.00000
"C20_B046"	0.35730	0.35000	0.05000	-0.05000	0.00730	0.00000
"C20_B041"	0.35366	0.35000	0.05000	-0.05000	0.00366	0.00000
"C20_B036"	0.35950	0.35000	0.05000	-0.05000	0.00950	0.00000
"C20_B031"	0.36748	0.35000	0.05000	-0.05000	0.01748	0.00000
"C20_B026"	0.35133	0.35000	0.05000	-0.05000	0.00133	0.00000
"C20_B021"	0.36032	0.35000	0.05000	-0.05000	0.01032	0.00000
"C20_B016"	0.35233	0.35000	0.05000	-0.05000	0.00233	0.00000
"C20_B011"	0.35195	0.35000	0.05000	-0.05000	0.00195	0.00000
"C20_B006"	0.35222	0.35000	0.05000	-0.05000	0.00222	0.00000
"C20_B001"	0.35705	0.35000	0.05000	-0.05000	0.00705	0.00000
"C18_AB001"	1.11069	1.09000	0.10000	-0.10000	0.02069	0.00000
"C11B"	37.48119	37.47000	0.13000	-0.13000	0.01119	0.00000
"C20_C001"	0.33461	0.35000	0.05000	-0.05000	-0.01539	0.00000
"C19_BC001"	1.42150	1.45000	0.10000	-0.10000	-0.02850	0.00000
"C20_C006"	0.33306	0.35000	0.05000	-0.05000	-0.01694	0.00000
"C20_C011"	0.33334	0.35000	0.05000	-0.05000	-0.01666	0.00000
"C20_C016"	0.32325	0.35000	0.05000	-0.05000	-0.02675	0.00000
"C20_C021"	0.33230	0.35000	0.05000	-0.05000	-0.01770	0.00000
"C20_C026"	0.32614	0.35000	0.05000	-0.05000	-0.02386	0.00000
"C20_C031"	0.32740	0.35000	0.05000	-0.05000	-0.02260	0.00000
"C20_C036"	0.33276	0.35000	0.05000	-0.05000	-0.01724	0.00000
"C20_C041"	0.31903	0.35000	0.05000	-0.05000	-0.03097	0.00000
"C20_C046"	0.31603	0.35000	0.05000	-0.05000	-0.03397	0.00000
"C20_C051"	0.31630	0.35000	0.05000	-0.05000	-0.03370	0.00000
"C20_C056"	0.31647	0.35000	0.05000	-0.05000	-0.03353	0.00000
"C20_C060"	0.30527	0.35000	0.05000	-0.05000	-0.04473	0.00000
"C19_BC060"	1.42090	1.45000	0.10000	-0.10000	-0.02910	0.00000
"C11C"	37.47452	37.47000	0.13000	-0.13000	0.00452	0.00000
"C20_D060"	0.35525	0.35000	0.05000	-0.05000	0.00525	0.00000
"C18_CD060"	1.12365	1.09000	0.10000	-0.10000	0.03365	0.00000
"C20_D056"	0.36442	0.35000	0.05000	-0.05000	0.01442	0.00000
"C20_D051"	0.36661	0.35000	0.05000	-0.05000	0.01661	0.00000
"C20_D046"	0.37037	0.35000	0.05000	-0.05000	0.02037	0.00000
"C20_D041"	0.37386	0.35000	0.05000	-0.05000	0.02386	0.00000
"C20_D036"	0.38619	0.35000	0.05000	-0.05000	0.03619	0.00000
"C20_D031"	0.37609	0.35000	0.05000	-0.05000	0.02609	0.00000
"C20_D026"	0.37098	0.35000	0.05000	-0.05000	0.02098	0.00000
"C20_D021"	0.37756	0.35000	0.05000	-0.05000	0.02756	0.00000
"C20_D016"	0.36453	0.35000	0.05000	-0.05000	0.01453	0.00000
"C20_D011"	0.37372	0.35000	0.05000	-0.05000	0.02372	0.00000
"C20_D006"	0.36930	0.35000	0.05000	-0.05000	0.01930	0.00000
"C20_D001"	0.37806	0.35000	0.05000	-0.05000	0.02806	0.00000
"C18_CD001"	1.11738	1.09000	0.10000	-0.10000	0.02738	0.00000
"C11D"	37.46244	37.47000	0.13000	-0.13000	-0.00756	0.00000
"C21"	0.05378	0.00000	0.10000	0.00000	0.05378	0.00000
":END"
":BEGIN"	"09:11:26 07:29:25"
"PATTERN: ADM6-60-01.5[-L][-S][-SLT]-4[-0][-1][-2][-A][-TR][-FR]"
"DISPLAY: accelerate_M20_V14"
"UNIT: "
"C20_A001"	0.36468	0.35000	0.05000	-0.05000	0.01468	0.00000
"C20_A006"	0.35143	0.35000	0.05000	-0.05000	0.00143	0.00000
"C20_A011"	0.35554	0.35000	0.05000	-0.05000	0.00554	0.00000
"C20_A016"	0.35128	0.35000	0.05000	-0.05000	0.00128	0.00000
"C20_A021"	0.36692	0.35000	0.05000	-0.05000	0.01692	0.00000
"C20_A026"	0.35259	0.35000	0.05000	-0.05000	0.00259	0.00000
"C20_A031"	0.35677	0.35000	0.05000	-0.05000	0.00677	0.00000
"C20_A036"	0.35203	0.35000	0.05000	-0.05000	0.00203	0.00000
"C20_A041"	0.34837	0.35000	0.05000	-0.05000	-0.00163	0.00000
"C20_A046"	0.34349	0.35000	0.05000	-0.05000	-0.00651	0.00000
"C20_A051"	0.34270	0.35000	0.05000	-0.05000	-0.00730	0.00000
"C20_A056"	0.33446	0.35000	0.05000	-0.05000	-0.01554	0.00000
"C20_A060"	0.32736	0.35000	0.05000	-0.05000	-0.02264	0.00000
"C11A"	37.45633	37.47000	0.13000	-0.13000	-0.01367	0.00000
"C20_B060"	0.35089	0.35000	0.05000	-0.05000	0.00089	0.00000
"C18_AB060"	1.10888	1.09000	0.10000	-0.10000	0.01888	0.00000
"C20_B056"	0.34922	0.35000	0.05000	-0.05000	-0.00078	0.00000
"C20_B051"	0.36014	0.35000	0.05000	-0.05000	0.01014	0.00000
"C20_B046"	0.35688	0.35000	0.05000	-0.05000	0.00688	0.00000
"C20_B041"	0.35449	0.35000	0.05000	-0.05000	0.00449	0.00000
"C20_B036"	0.35871	0.35000	0.05000	-0.05000	0.00871	0.00000
"C20_B031"	0.36717	0.35000	0.05000	-0.05000	0.01717	0.00000
"C20_B026"	0.35222	0.35000	0.05000	-0.05000	0.00222	0.00000
"C20_B021"	0.36148	0.35000	0.05000	-0.05000	0.01148	0.00000
"C20_B016"	0.35186	0.35000	0.05000	-0.05000	0.00186	0.00000
"C20_B011"	0.35257	0.35000	0.05000	-0.05000	0.00257	0.00000
"C20_B006"	0.35229	0.35000	0.05000	-0.05000	0.00229	0.00000
"C20_B001"	0.35587	0.35000	0.05000	-0.05000	0.00587	0.00000
"C18_AB001"	1.12375	1.09000	0.10000	-0.10000	0.03375	0.00000
"C11B"	37.48187	37.47000	0.13000	-0.13000	0.01187	0.00000
"C20_C001"	0.33530	0.35000	0.05000	-0.05000	-0.01470	0.00000
"C19_BC001"	1.41442	1.45000	0.10000	-0.10000	-0.03558	0.00000
"C20_C006"	0.33404	0.35000	0.05000	-0.05000	-0.01596	0.00000
"C20_C011"	0.33279	0.35000	0.05000	-0.05000	-0.01721	0.00000
"C20_C016"	0.32303	0.35000	0.05000	-0.05000	-0.02697	0.00000
"C20_C021"	0.33253	0.35000	0.05000	-0.05000	-0.01747	0.00000
"C20_C026"	0.32613	0.35000	0.05000	-0.05000	-0.02387	0.00000
"C20_C031"	0.32823	0.35000	0.05000	-0.05000	-0.02177	0.00000
"C20_C036"	0.33355	0.35000	0.05000	-0.05000	-0.01645	0.00000
"C20_C041"	0.31974	0.35000	0.05000	-0.05000	-0.03026	0.00000
"C20_C046"	0.31795	0.35000	0.05000	-0.05000	-0.03205	0.00000
"C20_C051"	0.31667	0.35000	0.05000	-0.05000	-0.03333	0.00000
"C20_C056"	0.31710	0.35000	0.05000	-0.05000	-0.03290	0.00000
"C20_C060"	0.30470	0.35000	0.05000	-0.05000	-0.04530	0.00000
"C19_BC060"	1.42103	1.45000	0.10000	-0.10000	-0.02897	0.00000
"C11C"	37.47308	37.47000	0.13000	-0.13000	0.00308	0.00000
"C20_D060"	0.35482	0.35000	0.05000	-0.05000	0.00482	0.00000
"C18_CD060"	1.12313	1.09000	0.10000	-0.10000	0.03313	0.00000
"C20_D056"	0.36390	0.35000	0.05000	-0.05000	0.01390	0.00000
"C20_D051"	0.36715	0.35000	0.05000	-0.05000	0.01715	0.00000
"C20_D046"	0.37048	0.35000	0.05000	-0.05000	0.02048	0.00000
"C20_D041"	0.37382	0.35000	0.05000	-0.05000	0.02382	0.00000
"C20_D036"	0.38581	0.35000	0.05000	-0.05000	0.03581	0.00000
"C20_D031"	0.37631	0.35000	0.05000	-0.05000	0.02631	0.00000
"C20_D026"	0.37186	0.35000	0.05000	-0.05000	0.02186	0.00000
"C20_D021"	0.37795	0.35000	0.05000	-0.05000	0.02795	0.00000
"C20_D016"	0.36358	0.35000	0.05000	-0.05000	0.01358	0.00000
"C20_D011"	0.37390	0.35000	0.05000	-0.05000	0.02390	0.00000
"C20_D006"	0.36947	0.35000	0.05000	-0.05000	0.01947	0.00000
"C20_D001"	0.37872	0.35000	0.05000	-0.05000	0.02872	0.00000
"C18_CD001"	1.12034	1.09000	0.10000	-0.10000	0.03034	0.00000
"C11D"	37.46232	37.47000	0.13000	-0.13000	-0.00768	0.00000
"C21"	0.05270	0.00000	0.10000	0.00000	0.05270	0.00000
":END"
":BEGIN"	"09:11:26 07:42:45"
"PATTERN: ADM6-60-01.5[-L][-S][-SLT]-4[-0][-1][-2][-A][-TR][-FR]"
"DISPLAY: accelerate_M20_V14"
"UNIT: "
"C20_A001"	0.36431	0.35000	0.05000	-0.05000	0.01431	0.00000
"C20_A006"	0.35115	0.35000	0.05000	-0.05000	0.00115	0.00000
"C20_A011"	0.35579	0.35000	0.05000	-0.05000	0.00579	0.00000
"C20_A016"	0.35155	0.35000	0.05000	-0.05000	0.00155	0.00000
"C20_A021"	0.36733	0.35000	0.05000	-0.05000	0.01733	0.00000
"C20_A026"	0.35300	0.35000	0.05000	-0.05000	0.00300	0.00000
"C20_A031"	0.35663	0.35000	0.05000	-0.05000	0.00663	0.00000
"C20_A036"	0.35187	0.35000	0.05000	-0.05000	0.00187	0.00000
"C20_A041"	0.34805	0.35000	0.05000	-0.05000	-0.00195	0.00000
"C20_A046"	0.34431	0.35000	0.05000	-0.05000	-0.00569	0.00000
"C20_A051"	0.34261	0.35000	0.05000	-0.05000	-0.00739	0.00000
"C20_A056"	0.33487	0.35000	0.05000	-0.05000	-0.01513	0.00000
"C20_A060"	0.32810	0.35000	0.05000	-0.05000	-0.02190	0.00000
"C11A"	37.45697	37.47000	0.13000	-0.13000	-0.01303	0.00000
"C20_B060"	0.35123	0.35000	0.05000	-0.05000	0.00123	0.00000
"C18_AB060"	1.10873	1.09000	0.10000	-0.10000	0.01873	0.00000
"C20_B056"	0.34919	0.35000	0.05000	-0.05000	-0.00081	0.00000
"C20_B051"	0.35988	0.35000	0.05000	-0.05000	0.00988	0.00000
"C20_B046"	0.35615	0.35000	0.05000	-0.05000	0.00615	0.00000
"C20_B041"	0.35355	0.35000	0.05000	-0.05000	0.00355	0.00000
"C20_B036"	0.35973	0.35000	0.05000	-0.05000	0.00973	0.00000
"C20_B031"	0.36631	0.35000	0.05000	-0.05000	0.01631	0.00000
"C20_B026"	0.35185	0.35000	0.05000	-0.05000	0.00185	0.00000
"C20_B021"	0.36083	0.35000	0.05000	-0.05000	0.01083	0.00000
"C20_B016"	0.35210	0.35000	0.05000	-0.05000	0.00210	0.00000
"C20_B011"	0.35239	0.35000	0.05000	-0.05000	0.00239	0.00000
"C20_B006"	0.35171	0.35000	0.05000	-0.05000	0.00171	0.00000
"C20_B001"	0.35602	0.35000	0.05000	-0.05000	0.00602	0.00000
"C18_AB001"	1.11899	1.09000	0.10000	-0.10000	0.02899	0.00000
"C11B"	37.48063	37.47000	0.13000	-0.13000	0.01063	0.00000
"C20_C001"	0.33486	0.35000	0.05000	-0.05000	-0.01514	0.00000
"C19_BC001"	1.42131	1.45000	0.10000	-0.10000	-0.02869	0.00000
"C20_C006"	0.33555	0.35000	0.05000	-0.05000	-0.01445	0.00000
"C20_C011"	0.33354	0.35000	0.05000	-0.05000	-0.01646	0.00000
"C20_C016"	0.32289	0.35000	0.05000	-0.05000	-0.02711	0.00000
"C20_C021"	0.33269	0.35000	0.05000	-0.05000	-0.01731	0.00000
"C20_C026"	0.32641	0.35000	0.05000	-0.05000	-0.02359	0.00000
"C20_C031"	0.32778	0.35000	0.05000	-0.05000	-0.02222	0.00000
"C20_C036"	0.33343	0.35000	0.05000	-0.05000	-0.01657	0.00000
"C20_C041"	0.32095	0.35000	0.05000	-0.05000	-0.02905	0.00000
"C20_C046"	0.31851	0.35000	0.05000	-0.05000	-0.03149	0.00000
"C20_C051"	0.31710	0.35000	0.05000	-0.05000	-0.03290	0.00000
"C20_C056"	0.31724	0.35000	0.05000	-0.05000	-0.03276	0.00000
"C20_C060"	0.30521	0.35000	0.05000	-0.05000	-0.04479	0.00000
"C19_BC060"	1.42069	1.45000	0.10000	-0.10000	-0.02931	0.00000
"C11C"	37.47447	37.47000	0.13000	-0.13000	0.00447	0.00000
"C20_D060"	0.35490	0.35000	0.05000	-0.05000	0.00490	0.00000
"C18_CD060"	1.12298	1.09000	0.10000	-0.10000	0.03298	0.00000
"C20_D056"	0.36475	0.35000	0.05000	-0.05000	0.01475	0.00000
"C20_D051"	0.36732	0.35000	0.05000	-0.05000	0.01732	0.00000
"C20_D046"	0.37026	0.35000	0.05000	-0.05000	0.02026	0.00000
"C20_D041"	0.37265	0.35000	0.05000	-0.05000	0.02265	0.00000
"C20_D036"	0.38628	0.35000	0.05000	-0.05000	0.03628	0.00000
"C20_D031"	0.37591	0.35000	0.05000	-0.05000	0.02591	0.00000
"C20_D026"	0.37108	0.35000	0.05000	-0.05000	0.02108	0.00000
"C20_D021"	0.37742	0.35000	0.05000	-0.05000	0.02742	0.00000
"C20_D016"	0.36320	0.35000	0.05000	-0.05000	0.01320	0.00000
"C20_D011"	0.37444	0.35000	0.05000	-0.05000	0.02444	0.00000
"C20_D006"	0.36945	0.35000	0.05000	-0.05000	0.01945	0.00000
"C20_D001"	0.37827	0.35000	0.05000	-0.05000	0.02827	0.00000
"C18_CD001"	1.11742	1.09000	0.10000	-0.10000	0.02742	0.00000
"C11D"	37.46142	37.47000	0.13000	-0.13000	-0.00858	0.00000
"C21"	0.05319	0.00000	0.10000	0.00000	0.05319	0.00000
":END"
":BEGIN"	"09:11:26 07:56:06"
"PATTERN: ADM6-60-01.5[-L][-S][-SLT]-4[-0][-1][-2][-A][-TR][-FR]"
"DISPLAY: accelerate_M20_V14"
"UNIT: "
"C20_A001"	0.36398	0.35000	0.05000	-0.05000	0.01398	0.00000
"C20_A006"	0.35141	0.35000	0.05000	-0.05000	0.00141	0.00000
"C20_A011"	0.35576	0.35000	0.05000	-0.05000	0.00576	0.00000
"C20_A016"	0.35188	0.35000	0.05000	-0.05000	0.00188	0.00000
"C20_A021"	0.36668	0.35000	0.05000	-0.05000	0.01668	0.00000
"C20_A026"	0.35315	0.35000	0.05000	-0.05000	0.00315	0.00000
"C20_A031"	0.35783	0.35000	0.05000	-0.05000	0.00783	0.00000
"C20_A036"	0.35231	0.35000	0.05000	-0.05000	0.00231	0.00000
"C20_A041"	0.34755	0.35000	0.05000	-0.05000	-0.00245	0.00000
"C20_A046"	0.34412	0.35000	0.05000	-0.05000	-0.00588	0.00000
"C20_A051"	0.34269	0.35000	0.05000	-0.05000	-0.00731	0.00000
"C20_A056"	0.33440	0.35000	0.05000	-0.05000	-0.01560	0.00000
"C20_A060"	0.32760	0.35000	0.05000	-0.05000	-0.02240	0.00000
"C11A"	37.45759	37.47000	0.13000	-0.13000	-0.01241	0.00000
"C20_B060"	0.35140	0.35000	0.05000	-0.05000	0.00140	0.00000
"C18_AB060"	1.11159	1.09000	0.10000	-0.10000	0.02159	0.00000
"C20_B056"	0.34833	0.35000	0.05000	-0.05000	-0.00167	0.00000
"C20_B051"	0.35964	0.35000	0.05000	-0.05000	0.00964	0.00000
"C20_B046"	0.35658	0.35000	0.05000	-0.05000	0.00658	0.00000
"C20_B041"	0.35271	0.35000	0.05000	-0.05000	0.00271	0.00000
"C20_B036"	0.35997	0.35000	0.05000	-0.05000	0.00997	0.00000
"C20_B031"	0.36696	0.35000	0.05000	-0.05000	0.01696	0.00000
"C20_B026"	0.35213	0.35000	0.05000	-0.05000	0.00213	0.00000
"C20_B021"	0.36034	0.35000	0.05000	-0.05000	0.01034	0.00000
"C20_B016"	0.35247	0.35000	0.05000	-0.05000	0.00247	0.00000
"C20_B011"	0.35200	0.35000	0.05000	-0.05000	0.00200	0.00000
"C20_B006"	0.35206	0.35000	0.05000	-0.05000	0.00206	0.00000
"C20_B001"	0.35583	0.35000	0.05000	-0.05000	0.00583	0.00000
"C18_AB001"	1.11076	1.09000	0.10000	-0.10000	0.02076	0.00000
"C11B"	37.48148	37.47000	0.13000	-0.13000	0.01148	0.00000
"C20_C001"	0.33562	0.35000	0.05000	-0.05000	-0.01438	0.00000
"C19_BC001"	1.42117	1.45000	0.10000	-0.10000	-0.02883	0.00000
"C20_C006"	0.33581	0.35000	0.05000	-0.05000	-0.01419	0.00000
"C20_C011"	0.33380	0.35000	0.05000	-0.05000	-0.01620	0.00000
"C20_C016"	0.32308	0.35000	0.05000	-0.05000	-0.02692	0.00000
"C20_C021"	0.33260	0.35000	0.05000	-0.05000	-0.01740	0.00000
"C20_C026"	0.32669	0.35000	0.05000	-0.05000	-0.02331	0.00000
"C20_C031"	0.32808	0.35000	0.05000	-0.05000	-0.02192	0.00000
"C20_C036"	0.33331	0.35000	0.05000	-0.05000	-0.01669	0.00000
"C20_C041"	0.31905	0.35000	0.05000	-0.05000	-0.03095	0.00000
"C20_C046"	0.31785	0.35000	0.05000	-0.05000	-0.03215	0.00000
"C20_C051"	0.31765	0.35000	0.05000	-0.05000	-0.03235	0.00000
"C20_C056"	0.31789	0.35000	0.05000	-0.05000	-0.03211	0.00000
"C20_C060"	0.30580	0.35000	0.05000	-0.05000	-0.04420	0.00000
"C19_BC060"	1.42090	1.45000	0.10000	-0.10000	-0.02910	0.00000
"C11C"	37.47398	37.47000	0.13000	-0.13000	0.00398	0.00000
"C20_D060"	0.35448	0.35000	0.05000	-0.05000	0.00448	0.00000
"C18_CD060"	1.12337	1.09000	0.10000	-0.10000	0.03337	0.00000
"C20_D056"	0.36410	0.35000	0.05000	-0.05000	0.01410	0.00000
"C20_D051"	0.36615	0.35000	0.05000	-0.05000	0.01615	0.00000
"C20_D046"	0.37002	0.35000	0.05000	-0.05000	0.02002	0.00000
"C20_D041"	0.37345	0.35000	0.05000	-0.05000	0.02345	0.00000
"C20_D036"	0.38602	0.35000	0.05000	-0.05000	0.03602	0.00000
"C20_D031"	0.37635	0.35000	0.05000	-0.05000	0.02635	0.00000
"C20_D026"	0.37158	0.35000	0.05000	-0.05000	0.02158	0.00000
"C20_D021"	0.37866	0.35000	0.05000	-0.05000	0.02866	0.00000
"C20_D016"	0.36298	0.35000	0.05000	-0.05000	0.01298	0.00000
"C20_D011"	0.37369	0.35000	0.05000	-0.05000	0.02369	0.00000
"C20_D006"	0.36925	0.35000	0.05000	-0.05000	0.01925	0.00000
"C20_D001"	0.37810	0.35000	0.05000	-0.05000	0.02810	0.00000
"C18_CD001"	1.11746	1.09000	0.10000	-0.10000	0.02746	0.00000
"C11D"	37.46220	37.47000	0.13000	-0.13000	-0.00780	0.00000
"C21"	0.05287	0.00000	0.10000	0.00000	0.05287	0.00000
":END"
":BEGIN"	"09:11:26 08:09:30"
"PATTERN: ADM6-60-01.5[-L][-S][-SLT]-4[-0][-1][-2][-A][-TR][-FR]"
"DISPLAY: accelerate_M20_V14"
"UNIT: "
"C20_A001"	0.36365	0.35000	0.05000	-0.05000	0.01365	0.00000
"C20_A006"	0.35145	0.35000	0.05000	-0.05000	0.00145	0.00000
"C20_A011"	0.35475	0.35000	0.05000	-0.05000	0.00475	0.00000
"C20_A016"	0.35079	0.35000	0.05000	-0.05000	0.00079	0.00000
"C20_A021"	0.36671	0.35000	0.05000	-0.05000	0.01671	0.00000
"C20_A026"	0.35302	0.35000	0.05000	-0.05000	0.00302	0.00000
"C20_A031"	0.35655	0.35000	0.05000	-0.05000	0.00655	0.00000
"C20_A036"	0.35242	0.35000	0.05000	-0.05000	0.00242	0.00000
"C20_A041"	0.34679	0.35000	0.05000	-0.05000	-0.00321	0.00000
"C20_A046"	0.34335	0.35000	0.05000	-0.05000	-0.00665	0.00000
"C20_A051"	0.34265	0.35000	0.05000	-0.05000	-0.00735	0.00000
"C20_A056"	0.33445	0.35000	0.05000	-0.05000	-0.01555	0.00000
"C20_A060"	0.32695	0.35000	0.05000	-0.05000	-0.02305	0.00000
"C11A"	37.45723	37.47000	0.13000	-0.13000	-0.01277	0.00000
"C20_B060"	0.35133	0.35000	0.05000	-0.05000	0.00133	0.00000
"C18_AB060"	1.10916	1.09000	0.10000	-0.10000	0.01916	0.00000
"C20_B056"	0.34926	0.35000	0.05000	-0.05000	-0.00074	0.00000
"C20_B051"	0.36071	0.35000	0.05000	-0.05000	0.01071	0.00000
"C20_B046"	0.35761	0.35000	0.05000	-0.05000	0.00761	0.00000
"C20_B041"	0.35385	0.35000	0.05000	-0.05000	0.00385	0.00000
"C20_B036"	0.35926	0.35000	0.05000	-0.05000	0.00926	0.00000
"C20_B031"	0.36835	0.35000	0.05000	-0.05000	0.01835	0.00000
"C20_B026"	0.35228	0.35000	0.05000	-0.05000	0.00228	0.00000
"C20_B021"	0.36195	0.35000	0.05000	-0.05000	0.01195	0.00000
"C20_B016"	0.35282	0.35000	0.05000	-0.05000	0.00282	0.00000
"C20_B011"	0.35273	0.35000	0.05000	-0.05000	0.00273	0.00000
"C20_B006"	0.35312	0.35000	0.05000	-0.05000	0.00312	0.00000
"C20_B001"	0.35538	0.35000	0.05000	-0.05000	0.00538	0.00000
"C18_AB001"	1.11952	1.09000	0.10000	-0.10000	0.02952	0.00000
"C11B"	37.48089	37.47000	0.13000	-0.13000	0.01089	0.00000
"C20_C001"	0.33536	0.35000	0.05000	-0.05000	-0.01464	0.00000
"C19_BC001"	1.42113	1.45000	0.10000	-0.10000	-0.02887	0.00000
"C20_C006"	0.33492	0.35000	0.05000	-0.05000	-0.01508	0.00000
"C20_C011"	0.33307	0.35000	0.05000	-0.05000	-0.01693	0.00000
"C20_C016"	0.32238	0.35000	0.05000	-0.05000	-0.02762	0.00000
"C20_C021"	0.33228	0.35000	0.05000	-0.05000	-0.01772	0.00000
"C20_C026"	0.32591	0.35000	0.05000	-0.05000	-0.02409	0.00000
"C20_C031"	0.32737	0.35000	0.05000	-0.05000	-0.02263	0.00000
"C20_C036"	0.33321	0.35000	0.05000	-0.05000	-0.01679	0.00000
"C20_C041"	0.31912	0.35000	0.05000	-0.05000	-0.03088	0.00000
"C20_C046"	0.31704	0.35000	0.05000	-0.05000	-0.03296	0.00000
"C20_C051"	0.31560	0.35000	0.05000	-0.05000	-0.03440	0.00000
"C20_C056"	0.31623	0.35000	0.05000	-0.05000	-0.03377	0.00000
"C20_C060"	0.30419	0.35000	0.05000	-0.05000	-0.04581	0.00000
"C19_BC060"	1.42082	1.45000	0.10000	-0.10000	-0.02918	0.00000
"C11C"	37.47359	37.47000	0.13000	-0.13000	0.00359	0.00000
"C20_D060"	0.35545	0.35000	0.05000	-0.05000	0.00545	0.00000
"C18_CD060"	1.12274	1.09000	0.10000	-0.10000	0.03274	0.00000
"C20_D056"	0.36384	0.35000	0.05000	-0.05000	0.01384	0.00000
"C20_D051"	0.36778	0.35000	0.05000	-0.05000	0.01778	0.00000
"C20_D046"	0.37034	0.35000	0.05000	-0.05000	0.02034	0.00000
"C20_D041"	0.37262	0.35000	0.05000	-0.05000	0.02262	0.00000
"C20_D036"	0.38693	0.35000	0.05000	-0.05000	0.03693	0.00000
"C20_D031"	0.37699	0.35000	0.05000	-0.05000	0.02699	0.00000
"C20_D026"	0.37235	0.35000	0.05000	-0.05000	0.02235	0.00000
"C20_D021"	0.37775	0.35000	0.05000	-0.05000	0.02775	0.00000
"C20_D016"	0.36377	0.35000	0.05000	-0.05000	0.01377	0.00000
"C20_D011"	0.37444	0.35000	0.05000	-0.05000	0.02444	0.00000
"C20_D006"	0.36938	0.35000	0.05000	-0.05000	0.01938	0.00000
"C20_D001"	0.37827	0.35000	0.05000	-0.05000	0.02827	0.00000
"C18_CD001"	1.11763	1.09000	0.10000	-0.10000	0.02763	0.00000
"C11D"	37.46217	37.47000	0.13000	-0.13000	-0.00783	0.00000
"C21"	0.05375	0.00000	0.10000	0.00000	0.05375	0.00000
":END"
":BEGIN"	"09:11:26 08:22:43"
"PATTERN: ADM6-60-01.5[-L][-S][-SLT]-4[-0][-1][-2][-A][-TR][-FR]"
"DISPLAY: accelerate_M20_V14"
"UNIT: "
"C20_A001"	0.36355	0.35000	0.05000	-0.05000	0.01355	0.00000
"C20_A006"	0.35091	0.35000	0.05000	-0.05000	0.00091	0.00000
"C20_A011"	0.35485	0.35000	0.05000	-0.05000	0.00485	0.00000
"C20_A016"	0.35070	0.35000	0.05000	-0.05000	0.00070	0.00000
"C20_A021"	0.36694	0.35000	0.05000	-0.05000	0.01694	0.00000
"C20_A026"	0.35242	0.35000	0.05000	-0.05000	0.00242	0.00000
"C20_A031"	0.35782	0.35000	0.05000	-0.05000	0.00782	0.00000
"C20_A036"	0.35225	0.35000	0.05000	-0.05000	0.00225	0.00000
"C20_A041"	0.34746	0.35000	0.05000	-0.05000	-0.00254	0.00000
"C20_A046"	0.34423	0.35000	0.05000	-0.05000	-0.00577	0.00000
"C20_A051"	0.34325	0.35000	0.05000	-0.05000	-0.00675	0.00000
"C20_A056"	0.33460	0.35000	0.05000	-0.05000	-0.01540	0.00000
"C20_A060"	0.32782	0.35000	0.05000	-0.05000	-0.02218	0.00000
"C11A"	37.45765	37.47000	0.13000	-0.13000	-0.01235	0.00000
"C20_B060"	0.35095	0.35000	0.05000	-0.05000	0.00095	0.00000
"C18_AB060"	1.10871	1.09000	0.10000	-0.10000	0.01871	0.00000
"C20_B056"	0.34969	0.35000	0.05000	-0.05000	-0.00031	0.00000
"C20_B051"	0.36010	0.35000	0.05000	-0.05000	0.01010	0.00000
"C20_B046"	0.35800	0.35000	0.05000	-0.05000	0.00800	0.00000
"C20_B041"	0.35414	0.35000	0.05000	-0.05000	0.00414	0.00000
"C20_B036"	0.35884	0.35000	0.05000	-0.05000	0.00884	0.00000
"C20_B031"	0.36828	0.35000	0.05000	-0.05000	0.01828	0.00000
"C20_B026"	0.35135	0.35000	0.05000	-0.05000	0.00135	0.00000
"C20_B021"	0.35999	0.35000	0.05000	-0.05000	0.00999	0.00000
"C20_B016"	0.35263	0.35000	0.05000	-0.05000	0.00263	0.00000
"C20_B011"	0.35046	0.35000	0.05000	-0.05000	0.00046	0.00000
"C20_B006"	0.35110	0.35000	0.05000	-0.05000	0.00110	0.00000
"C20_B001"	0.35508	0.35000	0.05000	-0.05000	0.00508	0.00000
"C18_AB001"	1.11634	1.09000	0.10000	-0.10000	0.02634	0.00000
"C11B"	37.48110	37.47000	0.13000	-0.13000	0.01110	0.00000
"C20_C001"	0.33522	0.35000	0.05000	-0.05000	-0.01478	0.00000
"C19_BC001"	1.41658	1.45000	0.10000	-0.10000	-0.03342	0.00000
"C20_C006"	0.33481	0.35000	0.05000	-0.05000	-0.01519	0.00000
"C20_C011"	0.33343	0.35000	0.05000	-0.05000	-0.01657	0.00000
"C20_C016"	0.32218	0.35000	0.05000	-0.05000	-0.02782	0.00000
"C20_C021"	0.33310	0.35000	0.05000	-0.05000	-0.01690	0.00000
"C20_C026"	0.32642	0.35000	0.05000	-0.05000	-0.02358	0.00000
"C20_C031"	0.32789	0.35000	0.05000	-0.05000	-0.02211	0.00000
"C20_C036"	0.33495	0.35000	0.05000	-0.05000	-0.01505	0.00000
"C20_C041"	0.31888	0.35000	0.05000	-0.05000	-0.03112	0.00000
"C20_C046"	0.31749	0.35000	0.05000	-0.05000	-0.03251	0.00000
"C20_C051"	0.31740	0.35000	0.05000	-0.05000	-0.03260	0.00000
"C20_C056"	0.31751	0.35000	0.05000	-0.05000	-0.03249	0.00000
"C20_C060"	0.30519	0.35000	0.05000	-0.05000	-0.04481	0.00000
"C19_BC060"	1.42106	1.45000	0.10000	-0.10000	-0.02894	0.00000
"C11C"	37.47375	37.47000	0.13000	-0.13000	0.00375	0.00000
"C20_D060"	0.35475	0.35000	0.05000	-0.05000	0.00475	0.00000
"C18_CD060"	1.12241	1.09000	0.10000	-0.10000	0.03241	0.00000
"C20_D056"	0.36362	0.35000	0.05000	-0.05000	0.01362	0.00000
"C20_D051"	0.36749	0.35000	0.05000	-0.05000	0.01749	0.00000
"C20_D046"	0.37044	0.35000	0.05000	-0.05000	0.02044	0.00000
"C20_D041"	0.37156	0.35000	0.05000	-0.05000	0.02156	0.00000
"C20_D036"	0.38618	0.35000	0.05000	-0.05000	0.03618	0.00000
"C20_D031"	0.37543	0.35000	0.05000	-0.05000	0.02543	0.00000
"C20_D026"	0.37169	0.35000	0.05000	-0.05000	0.02169	0.00000
"C20_D021"	0.37785	0.35000	0.05000	-0.05000	0.02785	0.00000
"C20_D016"	0.36352	0.35000	0.05000	-0.05000	0.01352	0.00000
"C20_D011"	0.37404	0.35000	0.05000	-0.05000	0.02404	0.00000
"C20_D006"	0.36907	0.35000	0.05000	-0.05000	0.01907	0.00000
"C20_D001"	0.37813	0.35000	0.05000	-0.05000	0.02813	0.00000
"C18_CD001"	1.11750	1.09000	0.10000	-0.10000	0.02750	0.00000
"C11D"	37.46229	37.47000	0.13000	-0.13000	-0.00771	0.00000
"C21"	0.05281	0.00000	0.10000	0.00000	0.05281	0.00000
":END"
":BEGIN"	"09:11:26 08:35:44"
"PATTERN: ADM6-60-01.5[-L][-S][-SLT]-4[-0][-1][-2][-A][-TR][-FR]"
"DISPLAY: accelerate_M20_V14"
"UNIT: "
"C20_A001"	0.36339	0.35000	0.05000	-0.05000	0.01339	0.00000
"C20_A006"	0.35080	0.35000	0.05000	-0.05000	0.00080	0.00000
"C20_A011"	0.35643	0.35000	0.05000	-0.05000	0.00643	0.00000
"C20_A016"	0.35143	0.35000	0.05000	-0.05000	0.00143	0.00000
"C20_A021"	0.36766	0.35000	0.05000	-0.05000	0.01766	0.00000
"C20_A026"	0.35332	0.35000	0.05000	-0.05000	0.00332	0.00000
"C20_A031"	0.35626	0.35000	0.05000	-0.05000	0.00626	0.00000
"C20_A036"	0.35273	0.35000	0.05000	-0.05000	0.00273	0.00000
"C20_A041"	0.34776	0.35000	0.05000	-0.05000	-0.00224	0.00000
"C20_A046"	0.34440	0.35000	0.05000	-0.05000	-0.00560	0.00000
"C20_A051"	0.34314	0.35000	0.05000	-0.05000	-0.00686	0.00000
"C20_A056"	0.33512	0.35000	0.05000	-0.05000	-0.01488	0.00000
"C20_A060"	0.32720	0.35000	0.05000	-0.05000	-0.02280	0.00000
"C11A"	37.45730	37.47000	0.13000	-0.13000	-0.01270	0.00000
"C20_B060"	0.35135	0.35000	0.05000	-0.05000	0.00135	0.00000
"C18_AB060"	1.11133	1.09000	0.10000	-0.10000	0.02132	0.00000
"C20_B056"	0.34895	0.35000	0.05000	-0.05000	-0.00105	0.00000
"C20_B051"	0.36039	0.35000	0.05000	-0.05000	0.01039	0.00000
"C20_B046"	0.35676	0.35000	0.05000	-0.05000	0.00676	0.00000
"C20_B041"	0.35327	0.35000	0.05000	-0.05000	0.00327	0.00000
"C20_B036"	0.35921	0.35000	0.05000	-0.05000	0.00921	0.00000
"C20_B031"	0.36780	0.35000	0.05000	-0.05000	0.01780	0.00000
"C20_B026"	0.35205	0.35000	0.05000	-0.05000	0.00205	0.00000
"C20_B021"	0.36131	0.35000	0.05000	-0.05000	0.01131	0.00000
"C20_B016"	0.35223	0.35000	0.05000	-0.05000	0.00223	0.00000
"C20_B011"	0.35206	0.35000	0.05000	-0.05000	0.00206	0.00000
"C20_B006"	0.35206	0.35000	0.05000	-0.05000	0.00206	0.00000
"C20_B001"	0.35529	0.35000	0.05000	-0.05000	0.00529	0.00000
"C18_AB001"	1.11521	1.09000	0.10000	-0.10000	0.02521	0.00000
"C11B"	37.48194	37.47000	0.13000	-0.13000	0.01194	0.00000
"C20_C001"	0.33566	0.35000	0.05000	-0.05000	-0.01434	0.00000
"C19_BC001"	1.43472	1.45000	0.10000	-0.10000	-0.01528	0.00000
"C20_C006"	0.33487	0.35000	0.05000	-0.05000	-0.01513	0.00000
"C20_C011"	0.33304	0.35000	0.05000	-0.05000	-0.01696	0.00000
"C20_C016"	0.32321	0.35000	0.05000	-0.05000	-0.02679	0.00000
"C20_C021"	0.33298	0.35000	0.05000	-0.05000	-0.01702	0.00000
"C20_C026"	0.32632	0.35000	0.05000	-0.05000	-0.02368	0.00000
"C20_C031"	0.32824	0.35000	0.05000	-0.05000	-0.02176	0.00000
"C20_C036"	0.33364	0.35000	0.05000	-0.05000	-0.01636	0.00000
"C20_C041"	0.31935	0.35000	0.05000	-0.05000	-0.03065	0.00000
"C20_C046"	0.31774	0.35000	0.05000	-0.05000	-0.03226	0.00000
"C20_C051"	0.31761	0.35000	0.05000	-0.05000	-0.03239	0.00000
"C20_C056"	0.31757	0.35000	0.05000	-0.05000	-0.03243	0.00000
"C20_C060"	0.30507	0.35000	0.05000	-0.05000	-0.04493	0.00000
"C19_BC060"	1.41948	1.45000	0.10000	-0.10000	-0.03052	0.00000
"C11C"	37.47346	37.47000	0.13000	-0.13000	0.00346	0.00000
"C20_D060"	0.35499	0.35000	0.05000	-0.05000	0.00499	0.00000
"C18_CD060"	1.12416	1.09000	0.10000	-0.10000	0.03416	0.00000
"C20_D056"	0.36376	0.35000	0.05000	-0.05000	0.01376	0.00000
"C20_D051"	0.36709	0.35000	0.05000	-0.05000	0.01709	0.00000
"C20_D046"	0.37056	0.35000	0.05000	-0.05000	0.02056	0.00000
"C20_D041"	0.37255	0.35000	0.05000	-0.05000	0.02255	0.00000
"C20_D036"	0.38705	0.35000	0.05000	-0.05000	0.03705	0.00000
"C20_D031"	0.37609	0.35000	0.05000	-0.05000	0.02609	0.00000
"C20_D026"	0.37193	0.35000	0.05000	-0.05000	0.02193	0.00000
"C20_D021"	0.37752	0.35000	0.05000	-0.05000	0.02752	0.00000
"C20_D016"	0.36431	0.35000	0.05000	-0.05000	0.01431	0.00000
"C20_D011"	0.37454	0.35000	0.05000	-0.05000	0.02454	0.00000
"C20_D006"	0.36956	0.35000	0.05000	-0.05000	0.01956	0.00000
"C20_D001"	0.37771	0.35000	0.05000	-0.05000	0.02771	0.00000
"C18_CD001"	1.09944	1.09000	0.10000	-0.10000	0.00944	0.00000
"C11D"	37.46130	37.47000	0.13000	-0.13000	-0.00870	0.00000
"C21"	0.05331	0.00000	0.10000	0.00000	0.05331	0.00000
":END"
":BEGIN"	"09:11:26 14:13:40"
"PATTERN: ADM6-60-01.5[-L][-S][-SLT]-4[-0][-1][-2][-A][-TR][-FR]"
"DISPLAY: accelerate_M20"
"UNIT: "
"C20_A001"	0.36168	0.35000	0.05000	-0.05000	0.01168	0.00000
"C20_A006"	0.35296	0.35000	0.05000	-0.05000	0.00296	0.00000
"C20_A011"	0.36541	0.35000	0.05000	-0.05000	0.01541	0.00000
"C20_A016"	0.35908	0.35000	0.05000	-0.05000	0.00908	0.00000
"C20_A021"	0.36565	0.35000	0.05000	-0.05000	0.01565	0.00000
"C20_A026"	0.36067	0.35000	0.05000	-0.05000	0.01067	0.00000
"C20_A031"	0.36935	0.35000	0.05000	-0.05000	0.01935	0.00000
"C20_A036"	0.36003	0.35000	0.05000	-0.05000	0.01003	0.00000
"C20_A041"	0.34669	0.35000	0.05000	-0.05000	-0.00331	0.00000
"C20_A046"	0.34312	0.35000	0.05000	-0.05000	-0.00688	0.00000
"C20_A051"	0.34387	0.35000	0.05000	-0.05000	-0.00613	0.00000
"C20_A056"	0.35129	0.35000	0.05000	-0.05000	0.00129	0.00000
"C20_A060"	0.34393	0.35000	0.05000	-0.05000	-0.00607	0.00000
"C11A"	37.46767	37.47000	0.13000	-0.13000	-0.00233	0.00000
"C20_B060"	0.34287	0.35000	0.05000	-0.05000	-0.00713	0.00000
"C18_AB060"	1.11630	1.09000	0.10000	-0.10000	0.02630	0.00000
"C20_B056"	0.35983	0.35000	0.05000	-0.05000	0.00983	0.00000
"C20_B051"	0.35952	0.35000	0.05000	-0.05000	0.00952	0.00000
"C20_B046"	0.35721	0.35000	0.05000	-0.05000	0.00721	0.00000
"C20_B041"	0.36194	0.35000	0.05000	-0.05000	0.01194	0.00000
"C20_B036"	0.36700	0.35000	0.05000	-0.05000	0.01700	0.00000
"C20_B031"	0.36462	0.35000	0.05000	-0.05000	0.01462	0.00000
"C20_B026"	0.35006	0.35000	0.05000	-0.05000	0.00006	0.00000
"C20_B021"	0.36121	0.35000	0.05000	-0.05000	0.01121	0.00000
"C20_B016"	0.36122	0.35000	0.05000	-0.05000	0.01122	0.00000
"C20_B011"	0.35211	0.35000	0.05000	-0.05000	0.00211	0.00000
"C20_B006"	0.35630	0.35000	0.05000	-0.05000	0.00630	0.00000
"C20_B001"	0.35955	0.35000	0.05000	-0.05000	0.00955	0.00000
"C18_AB001"	1.11848	1.09000	0.10000	-0.10000	0.02848	0.00000
"C11B"	37.47589	37.47000	0.13000	-0.13000	0.00589	0.00000
"C20_C001"	0.33057	0.35000	0.05000	-0.05000	-0.01943	0.00000
"C19_BC001"	1.40970	1.45000	0.10000	-0.10000	-0.04030	0.00000
"C20_C006"	0.32795	0.35000	0.05000	-0.05000	-0.02205	0.00000
"C20_C011"	0.32786	0.35000	0.05000	-0.05000	-0.02214	0.00000
"C20_C016"	0.32390	0.35000	0.05000	-0.05000	-0.02610	0.00000
"C20_C021"	0.32869	0.35000	0.05000	-0.05000	-0.02131	0.00000
"C20_C026"	0.31629	0.35000	0.05000	-0.05000	-0.03371	0.00000
"C20_C031"	0.33503	0.35000	0.05000	-0.05000	-0.01497	0.00000
"C20_C036"	0.32275	0.35000	0.05000	-0.05000	-0.02725	0.00000
"C20_C041"	0.31901	0.35000	0.05000	-0.05000	-0.03099	0.00000
"C20_C046"	0.31503	0.35000	0.05000	-0.05000	-0.03497	0.00000
"C20_C051"	0.31263	0.35000	0.05000	-0.05000	-0.03737	0.00000
"C20_C056"	0.31751	0.35000	0.05000	-0.05000	-0.03249	0.00000
"C20_C060"	0.31264	0.35000	0.05000	-0.05000	-0.03736	0.00000
"C19_BC060"	1.41294	1.45000	0.10000	-0.10000	-0.03706	0.00000
"C11C"	37.47485	37.47000	0.13000	-0.13000	0.00485	0.00000
"C20_D060"	0.37491	0.35000	0.05000	-0.05000	0.02491	0.00000
"C18_CD060"	1.12016	1.09000	0.10000	-0.10000	0.03016	0.00000
"C20_D056"	0.37251	0.35000	0.05000	-0.05000	0.02251	0.00000
"C20_D051"	0.37397	0.35000	0.05000	-0.05000	0.02397	0.00000
"C20_D046"	0.36921	0.35000	0.05000	-0.05000	0.01921	0.00000
"C20_D041"	0.37775	0.35000	0.05000	-0.05000	0.02775	0.00000
"C20_D036"	0.37581	0.35000	0.05000	-0.05000	0.02581	0.00000
"C20_D031"	0.38359	0.35000	0.05000	-0.05000	0.03359	0.00000
"C20_D026"	0.36842	0.35000	0.05000	-0.05000	0.01842	0.00000
"C20_D021"	0.36766	0.35000	0.05000	-0.05000	0.01766	0.00000
"C20_D016"	0.37343	0.35000	0.05000	-0.05000	0.02343	0.00000
"C20_D011"	0.36825	0.35000	0.05000	-0.05000	0.01825	0.00000
"C20_D006"	0.36801	0.35000	0.05000	-0.05000	0.01801	0.00000
"C20_D001"	0.37138	0.35000	0.05000	-0.05000	0.02138	0.00000
"C18_CD001"	1.13243	1.09000	0.10000	-0.10000	0.04243	0.00000
"C11D"	37.46615	37.47000	0.13000	-0.13000	-0.00385	0.00000
"C21"	0.06911	0.00000	0.10000	0.00000	0.06911	0.00000
":END"
":BEGIN"	"09:11:26 14:27:02"
"PATTERN: ADM6-60-01.5[-L][-S][-SLT]-4[-0][-1][-2][-A][-TR][-FR]"
"DISPLAY: accelerate_M20"
"UNIT: "
"C20_A001"	0.36379	0.35000	0.05000	-0.05000	0.01379	0.00000
"C20_A006"	0.35466	0.35000	0.05000	-0.05000	0.00466	0.00000
"C20_A011"	0.36558	0.35000	0.05000	-0.05000	0.01558	0.00000
"C20_A016"	0.36126	0.35000	0.05000	-0.05000	0.01126	0.00000
"C20_A021"	0.36472	0.35000	0.05000	-0.05000	0.01472	0.00000
"C20_A026"	0.36130	0.35000	0.05000	-0.05000	0.01130	0.00000
"C20_A031"	0.36905	0.35000	0.05000	-0.05000	0.01905	0.00000
"C20_A036"	0.36022	0.35000	0.05000	-0.05000	0.01022	0.00000
"C20_A041"	0.34796	0.35000	0.05000	-0.05000	-0.00204	0.00000
"C20_A046"	0.34334	0.35000	0.05000	-0.05000	-0.00666	0.00000
"C20_A051"	0.34422	0.35000	0.05000	-0.05000	-0.00578	0.00000
"C20_A056"	0.35207	0.35000	0.05000	-0.05000	0.00207	0.00000
"C20_A060"	0.34337	0.35000	0.05000	-0.05000	-0.00663	0.00000
"C11A"	37.46707	37.47000	0.13000	-0.13000	-0.00293	0.00000
"C20_B060"	0.34239	0.35000	0.05000	-0.05000	-0.00761	0.00000
"C18_AB060"	1.12676	1.09000	0.10000	-0.10000	0.03676	0.00000
"C20_B056"	0.35988	0.35000	0.05000	-0.05000	0.00988	0.00000
"C20_B051"	0.35971	0.35000	0.05000	-0.05000	0.00971	0.00000
"C20_B046"	0.35551	0.35000	0.05000	-0.05000	0.00551	0.00000
"C20_B041"	0.36073	0.35000	0.05000	-0.05000	0.01073	0.00000
"C20_B036"	0.36698	0.35000	0.05000	-0.05000	0.01698	0.00000
"C20_B031"	0.36499	0.35000	0.05000	-0.05000	0.01499	0.00000
"C20_B026"	0.35095	0.35000	0.05000	-0.05000	0.00095	0.00000
"C20_B021"	0.36131	0.35000	0.05000	-0.05000	0.01131	0.00000
"C20_B016"	0.36097	0.35000	0.05000	-0.05000	0.01097	0.00000
"C20_B011"	0.35268	0.35000	0.05000	-0.05000	0.00268	0.00000
"C20_B006"	0.35671	0.35000	0.05000	-0.05000	0.00671	0.00000
"C20_B001"	0.35925	0.35000	0.05000	-0.05000	0.00925	0.00000
"C18_AB001"	1.11409	1.09000	0.10000	-0.10000	0.02409	0.00000
"C11B"	37.47680	37.47000	0.13000	-0.13000	0.00680	0.00000
"C20_C001"	0.32908	0.35000	0.05000	-0.05000	-0.02092	0.00000
"C19_BC001"	1.40394	1.45000	0.10000	-0.10000	-0.04606	0.00000
"C20_C006"	0.32772	0.35000	0.05000	-0.05000	-0.02228	0.00000
"C20_C011"	0.32769	0.35000	0.05000	-0.05000	-0.02231	0.00000
"C20_C016"	0.32442	0.35000	0.05000	-0.05000	-0.02558	0.00000
"C20_C021"	0.32864	0.35000	0.05000	-0.05000	-0.02136	0.00000
"C20_C026"	0.31742	0.35000	0.05000	-0.05000	-0.03258	0.00000
"C20_C031"	0.33643	0.35000	0.05000	-0.05000	-0.01357	0.00000
"C20_C036"	0.32255	0.35000	0.05000	-0.05000	-0.02745	0.00000
"C20_C041"	0.31843	0.35000	0.05000	-0.05000	-0.03157	0.00000
"C20_C046"	0.31559	0.35000	0.05000	-0.05000	-0.03441	0.00000
"C20_C051"	0.31344	0.35000	0.05000	-0.05000	-0.03656	0.00000
"C20_C056"	0.31607	0.35000	0.05000	-0.05000	-0.03393	0.00000
"C20_C060"	0.31131	0.35000	0.05000	-0.05000	-0.03869	0.00000
"C19_BC060"	1.41706	1.45000	0.10000	-0.10000	-0.03294	0.00000
"C11C"	37.47724	37.47000	0.13000	-0.13000	0.00724	0.00000
"C20_D060"	0.37349	0.35000	0.05000	-0.05000	0.02349	0.00000
"C18_CD060"	1.10569	1.09000	0.10000	-0.10000	0.01569	0.00000
"C20_D056"	0.37235	0.35000	0.05000	-0.05000	0.02235	0.00000
"C20_D051"	0.37275	0.35000	0.05000	-0.05000	0.02275	0.00000
"C20_D046"	0.36910	0.35000	0.05000	-0.05000	0.01910	0.00000
"C20_D041"	0.37723	0.35000	0.05000	-0.05000	0.02723	0.00000
"C20_D036"	0.37492	0.35000	0.05000	-0.05000	0.02492	0.00000
"C20_D031"	0.38383	0.35000	0.05000	-0.05000	0.03383	0.00000
"C20_D026"	0.36792	0.35000	0.05000	-0.05000	0.01792	0.00000
"C20_D021"	0.36859	0.35000	0.05000	-0.05000	0.01859	0.00000
"C20_D016"	0.37288	0.35000	0.05000	-0.05000	0.02288	0.00000
"C20_D011"	0.36734	0.35000	0.05000	-0.05000	0.01734	0.00000
"C20_D006"	0.36629	0.35000	0.05000	-0.05000	0.01629	0.00000
"C20_D001"	0.37145	0.35000	0.05000	-0.05000	0.02145	0.00000
"C18_CD001"	1.13629	1.09000	0.10000	-0.10000	0.04629	0.00000
"C11D"	37.46436	37.47000	0.13000	-0.13000	-0.00564	0.00000
"C21"	0.06955	0.00000	0.10000	0.00000	0.06955	0.00000
":END"
":BEGIN"	"09:11:26 14:40:25"
"PATTERN: ADM6-60-01.5[-L][-S][-SLT]-4[-0][-1][-2][-A][-TR][-FR]"
"DISPLAY: accelerate_M20"
"UNIT: "
"C20_A001"	0.36484	0.35000	0.05000	-0.05000	0.01484	0.00000
"C20_A006"	0.36619	0.35000	0.05000	-0.05000	0.01619	0.00000
"C20_A011"	0.36522	0.35000	0.05000	-0.05000	0.01522	0.00000
"C20_A016"	0.36024	0.35000	0.05000	-0.05000	0.01024	0.00000
"C20_A021"	0.36473	0.35000	0.05000	-0.05000	0.01473	0.00000
"C20_A026"	0.36185	0.35000	0.05000	-0.05000	0.01185	0.00000
"C20_A031"	0.36884	0.35000	0.05000	-0.05000	0.01884	0.00000
"C20_A036"	0.35961	0.35000	0.05000	-0.05000	0.00961	0.00000
"C20_A041"	0.34768	0.35000	0.05000	-0.05000	-0.00232	0.00000
"C20_A046"	0.34374	0.35000	0.05000	-0.05000	-0.00626	0.00000
"C20_A051"	0.34399	0.35000	0.05000	-0.05000	-0.00601	0.00000
"C20_A056"	0.35149	0.35000	0.05000	-0.05000	0.00149	0.00000
"C20_A060"	0.34358	0.35000	0.05000	-0.05000	-0.00642	0.00000
"C11A"	37.46747	37.47000	0.13000	-0.13000	-0.00253	0.00000
"C20_B060"	0.34231	0.35000	0.05000	-0.05000	-0.00769	0.00000
"C18_AB060"	1.11716	1.09000	0.10000	-0.10000	0.02716	0.00000
"C20_B056"	0.36046	0.35000	0.05000	-0.05000	0.01046	0.00000
"C20_B051"	0.35993	0.35000	0.05000	-0.05000	0.00993	0.00000
"C20_B046"	0.35591	0.35000	0.05000	-0.05000	0.00591	0.00000
"C20_B041"	0.36104	0.35000	0.05000	-0.05000	0.01104	0.00000
"C20_B036"	0.36631	0.35000	0.05000	-0.05000	0.01631	0.00000
"C20_B031"	0.36463	0.35000	0.05000	-0.05000	0.01463	0.00000
"C20_B026"	0.35078	0.35000	0.05000	-0.05000	0.00078	0.00000
"C20_B021"	0.36198	0.35000	0.05000	-0.05000	0.01198	0.00000
"C20_B016"	0.36157	0.35000	0.05000	-0.05000	0.01157	0.00000
"C20_B011"	0.35166	0.35000	0.05000	-0.05000	0.00166	0.00000
"C20_B006"	0.35639	0.35000	0.05000	-0.05000	0.00639	0.00000
"C20_B001"	0.35982	0.35000	0.05000	-0.05000	0.00982	0.00000
"C18_AB001"	1.11117	1.09000	0.10000	-0.10000	0.02117	0.00000
"C11B"	37.47544	37.47000	0.13000	-0.13000	0.00544	0.00000
"C20_C001"	0.33106	0.35000	0.05000	-0.05000	-0.01894	0.00000
"C19_BC001"	1.40628	1.45000	0.10000	-0.10000	-0.04372	0.00000
"C20_C006"	0.32771	0.35000	0.05000	-0.05000	-0.02229	0.00000
"C20_C011"	0.32879	0.35000	0.05000	-0.05000	-0.02121	0.00000
"C20_C016"	0.32552	0.35000	0.05000	-0.05000	-0.02448	0.00000
"C20_C021"	0.32893	0.35000	0.05000	-0.05000	-0.02107	0.00000
"C20_C026"	0.31675	0.35000	0.05000	-0.05000	-0.03325	0.00000
"C20_C031"	0.33626	0.35000	0.05000	-0.05000	-0.01374	0.00000
"C20_C036"	0.32260	0.35000	0.05000	-0.05000	-0.02740	0.00000
"C20_C041"	0.31960	0.35000	0.05000	-0.05000	-0.03040	0.00000
"C20_C046"	0.31389	0.35000	0.05000	-0.05000	-0.03611	0.00000
"C20_C051"	0.31284	0.35000	0.05000	-0.05000	-0.03716	0.00000
"C20_C056"	0.31633	0.35000	0.05000	-0.05000	-0.03367	0.00000
"C20_C060"	0.31087	0.35000	0.05000	-0.05000	-0.03913	0.00000
"C19_BC060"	1.40719	1.45000	0.10000	-0.10000	-0.04281	0.00000
"C11C"	37.47604	37.47000	0.13000	-0.13000	0.00604	0.00000
"C20_D060"	0.37139	0.35000	0.05000	-0.05000	0.02139	0.00000
"C18_CD060"	1.12100	1.09000	0.10000	-0.10000	0.03100	0.00000
"C20_D056"	0.37173	0.35000	0.05000	-0.05000	0.02173	0.00000
"C20_D051"	0.37304	0.35000	0.05000	-0.05000	0.02304	0.00000
"C20_D046"	0.36790	0.35000	0.05000	-0.05000	0.01790	0.00000
"C20_D041"	0.37683	0.35000	0.05000	-0.05000	0.02683	0.00000
"C20_D036"	0.37523	0.35000	0.05000	-0.05000	0.02523	0.00000
"C20_D031"	0.38323	0.35000	0.05000	-0.05000	0.03323	0.00000
"C20_D026"	0.36804	0.35000	0.05000	-0.05000	0.01804	0.00000
"C20_D021"	0.36868	0.35000	0.05000	-0.05000	0.01868	0.00000
"C20_D016"	0.37260	0.35000	0.05000	-0.05000	0.02260	0.00000
"C20_D011"	0.36760	0.35000	0.05000	-0.05000	0.01760	0.00000
"C20_D006"	0.36793	0.35000	0.05000	-0.05000	0.01793	0.00000
"C20_D001"	0.37214	0.35000	0.05000	-0.05000	0.02214	0.00000
"C18_CD001"	1.13411	1.09000	0.10000	-0.10000	0.04411	0.00000
"C11D"	37.46184	37.47000	0.13000	-0.13000	-0.00816	0.00000
"C21"	0.06748	0.00000	0.10000	0.00000	0.06748	0.00000
":END"
":BEGIN"	"09:11:26 14:53:28"
"PATTERN: ADM6-60-01.5[-L][-S][-SLT]-4[-0][-1][-2][-A][-TR][-FR]"
"DISPLAY: accelerate_M20"
"UNIT: "
"C20_A001"	0.36371	0.35000	0.05000	-0.05000	0.01371	0.00000
"C20_A006"	0.36623	0.35000	0.05000	-0.05000	0.01623	0.00000
"C20_A011"	0.36565	0.35000	0.05000	-0.05000	0.01565	0.00000
"C20_A016"	0.36103	0.35000	0.05000	-0.05000	0.01103	0.00000
"C20_A021"	0.36557	0.35000	0.05000	-0.05000	0.01557	0.00000
"C20_A026"	0.36204	0.35000	0.05000	-0.05000	0.01204	0.00000
"C20_A031"	0.36916	0.35000	0.05000	-0.05000	0.01916	0.00000
"C20_A036"	0.36049	0.35000	0.05000	-0.05000	0.01049	0.00000
"C20_A041"	0.34874	0.35000	0.05000	-0.05000	-0.00126	0.00000
"C20_A046"	0.34362	0.35000	0.05000	-0.05000	-0.00638	0.00000
"C20_A051"	0.34456	0.35000	0.05000	-0.05000	-0.00544	0.00000
"C20_A056"	0.35115	0.35000	0.05000	-0.05000	0.00115	0.00000
"C20_A060"	0.34362	0.35000	0.05000	-0.05000	-0.00638	0.00000
"C11A"	37.46589	37.47000	0.13000	-0.13000	-0.00411	0.00000
"C20_B060"	0.34185	0.35000	0.05000	-0.05000	-0.00815	0.00000
"C18_AB060"	1.12273	1.09000	0.10000	-0.10000	0.03273	0.00000
"C20_B056"	0.35917	0.35000	0.05000	-0.05000	0.00917	0.00000
"C20_B051"	0.35897	0.35000	0.05000	-0.05000	0.00897	0.00000
"C20_B046"	0.35561	0.35000	0.05000	-0.05000	0.00561	0.00000
"C20_B041"	0.36082	0.35000	0.05000	-0.05000	0.01082	0.00000
"C20_B036"	0.36737	0.35000	0.05000	-0.05000	0.01737	0.00000
"C20_B031"	0.36460	0.35000	0.05000	-0.05000	0.01460	0.00000
"C20_B026"	0.35023	0.35000	0.05000	-0.05000	0.00023	0.00000
"C20_B021"	0.36172	0.35000	0.05000	-0.05000	0.01172	0.00000
"C20_B016"	0.36054	0.35000	0.05000	-0.05000	0.01054	0.00000
"C20_B011"	0.35142	0.35000	0.05000	-0.05000	0.00142	0.00000
"C20_B006"	0.35639	0.35000	0.05000	-0.05000	0.00639	0.00000
"C20_B001"	0.36042	0.35000	0.05000	-0.05000	0.01042	0.00000
"C18_AB001"	1.11335	1.09000	0.10000	-0.10000	0.02335	0.00000
"C11B"	37.47509	37.47000	0.13000	-0.13000	0.00509	0.00000
"C20_C001"	0.33083	0.35000	0.05000	-0.05000	-0.01917	0.00000
"C19_BC001"	1.40706	1.45000	0.10000	-0.10000	-0.04294	0.00000
"C20_C006"	0.32746	0.35000	0.05000	-0.05000	-0.02254	0.00000
"C20_C011"	0.32798	0.35000	0.05000	-0.05000	-0.02202	0.00000
"C20_C016"	0.32545	0.35000	0.05000	-0.05000	-0.02455	0.00000
"C20_C021"	0.32866	0.35000	0.05000	-0.05000	-0.02134	0.00000
"C20_C026"	0.31715	0.35000	0.05000	-0.05000	-0.03285	0.00000
"C20_C031"	0.33541	0.35000	0.05000	-0.05000	-0.01459	0.00000
"C20_C036"	0.32298	0.35000	0.05000	-0.05000	-0.02702	0.00000
"C20_C041"	0.32004	0.35000	0.05000	-0.05000	-0.02996	0.00000
"C20_C046"	0.31505	0.35000	0.05000	-0.05000	-0.03495	0.00000
"C20_C051"	0.31407	0.35000	0.05000	-0.05000	-0.03593	0.00000
"C20_C056"	0.31732	0.35000	0.05000	-0.05000	-0.03268	0.00000
"C20_C060"	0.31035	0.35000	0.05000	-0.05000	-0.03965	0.00000
"C19_BC060"	1.40165	1.45000	0.10000	-0.10000	-0.04835	0.00000
"C11C"	37.47630	37.47000	0.13000	-0.13000	0.00630	0.00000
"C20_D060"	0.37242	0.35000	0.05000	-0.05000	0.02242	0.00000
"C18_CD060"	1.12082	1.09000	0.10000	-0.10000	0.03082	0.00000
"C20_D056"	0.37152	0.35000	0.05000	-0.05000	0.02152	0.00000
"C20_D051"	0.37116	0.35000	0.05000	-0.05000	0.02116	0.00000
"C20_D046"	0.36754	0.35000	0.05000	-0.05000	0.01754	0.00000
"C20_D041"	0.37662	0.35000	0.05000	-0.05000	0.02662	0.00000
"C20_D036"	0.37543	0.35000	0.05000	-0.05000	0.02543	0.00000
"C20_D031"	0.38321	0.35000	0.05000	-0.05000	0.03321	0.00000
"C20_D026"	0.36784	0.35000	0.05000	-0.05000	0.01784	0.00000
"C20_D021"	0.36849	0.35000	0.05000	-0.05000	0.01849	0.00000
"C20_D016"	0.37133	0.35000	0.05000	-0.05000	0.02132	0.00000
"C20_D011"	0.36763	0.35000	0.05000	-0.05000	0.01763	0.00000
"C20_D006"	0.36840	0.35000	0.05000	-0.05000	0.01840	0.00000
"C20_D001"	0.37108	0.35000	0.05000	-0.05000	0.02108	0.00000
"C18_CD001"	1.13409	1.09000	0.10000	-0.10000	0.04409	0.00000
"C11D"	37.46460	37.47000	0.13000	-0.13000	-0.00540	0.00000
"C21"	0.06891	0.00000	0.10000	0.00000	0.06891	0.00000
":END"
":BEGIN"	"09:11:26 15:06:38"
"PATTERN: ADM6-60-01.5[-L][-S][-SLT]-4[-0][-1][-2][-A][-TR][-FR]"
"DISPLAY: accelerate_M20"
"UNIT: "
"C20_A001"	0.36338	0.35000	0.05000	-0.05000	0.01338	0.00000
"C20_A006"	0.36618	0.35000	0.05000	-0.05000	0.01618	0.00000
"C20_A011"	0.36510	0.35000	0.05000	-0.05000	0.01510	0.00000
"C20_A016"	0.36063	0.35000	0.05000	-0.05000	0.01063	0.00000
"C20_A021"	0.36505	0.35000	0.05000	-0.05000	0.01505	0.00000
"C20_A026"	0.36227	0.35000	0.05000	-0.05000	0.01227	0.00000
"C20_A031"	0.36896	0.35000	0.05000	-0.05000	0.01896	0.00000
"C20_A036"	0.36008	0.35000	0.05000	-0.05000	0.01008	0.00000
"C20_A041"	0.34789	0.35000	0.05000	-0.05000	-0.00211	0.00000
"C20_A046"	0.34373	0.35000	0.05000	-0.05000	-0.00627	0.00000
"C20_A051"	0.34418	0.35000	0.05000	-0.05000	-0.00582	0.00000
"C20_A056"	0.35256	0.35000	0.05000	-0.05000	0.00256	0.00000
"C20_A060"	0.34409	0.35000	0.05000	-0.05000	-0.00591	0.00000
"C11A"	37.46690	37.47000	0.13000	-0.13000	-0.00310	0.00000
"C20_B060"	0.34239	0.35000	0.05000	-0.05000	-0.00761	0.00000
"C18_AB060"	1.12597	1.09000	0.10000	-0.10000	0.03597	0.00000
"C20_B056"	0.35975	0.35000	0.05000	-0.05000	0.00975	0.00000
"C20_B051"	0.35904	0.35000	0.05000	-0.05000	0.00904	0.00000
"C20_B046"	0.35558	0.35000	0.05000	-0.05000	0.00558	0.00000
"C20_B041"	0.36103	0.35000	0.05000	-0.05000	0.01103	0.00000
"C20_B036"	0.36606	0.35000	0.05000	-0.05000	0.01606	0.00000
"C20_B031"	0.36507	0.35000	0.05000	-0.05000	0.01507	0.00000
"C20_B026"	0.35079	0.35000	0.05000	-0.05000	0.00079	0.00000
"C20_B021"	0.36069	0.35000	0.05000	-0.05000	0.01069	0.00000
"C20_B016"	0.36033	0.35000	0.05000	-0.05000	0.01033	0.00000
"C20_B011"	0.35186	0.35000	0.05000	-0.05000	0.00186	0.00000
"C20_B006"	0.35609	0.35000	0.05000	-0.05000	0.00609	0.00000
"C20_B001"	0.35973	0.35000	0.05000	-0.05000	0.00973	0.00000
"C18_AB001"	1.12203	1.09000	0.10000	-0.10000	0.03203	0.00000
"C11B"	37.47477	37.47000	0.13000	-0.13000	0.00477	0.00000
"C20_C001"	0.33113	0.35000	0.05000	-0.05000	-0.01887	0.00000
"C19_BC001"	1.40579	1.45000	0.10000	-0.10000	-0.04421	0.00000
"C20_C006"	0.32813	0.35000	0.05000	-0.05000	-0.02187	0.00000
"C20_C011"	0.32832	0.35000	0.05000	-0.05000	-0.02168	0.00000
"C20_C016"	0.32552	0.35000	0.05000	-0.05000	-0.02448	0.00000
"C20_C021"	0.32868	0.35000	0.05000	-0.05000	-0.02132	0.00000
"C20_C026"	0.31822	0.35000	0.05000	-0.05000	-0.03178	0.00000
"C20_C031"	0.33601	0.35000	0.05000	-0.05000	-0.01399	0.00000
"C20_C036"	0.32304	0.35000	0.05000	-0.05000	-0.02696	0.00000
"C20_C041"	0.31988	0.35000	0.05000	-0.05000	-0.03012	0.00000
"C20_C046"	0.31508	0.35000	0.05000	-0.05000	-0.03492	0.00000
"C20_C051"	0.31279	0.35000	0.05000	-0.05000	-0.03721	0.00000
"C20_C056"	0.31750	0.35000	0.05000	-0.05000	-0.03250	0.00000
"C20_C060"	0.31174	0.35000	0.05000	-0.05000	-0.03826	0.00000
"C19_BC060"	1.40208	1.45000	0.10000	-0.10000	-0.04792	0.00000
"C11C"	37.47669	37.47000	0.13000	-0.13000	0.00669	0.00000
"C20_D060"	0.37093	0.35000	0.05000	-0.05000	0.02093	0.00000
"C18_CD060"	1.12025	1.09000	0.10000	-0.10000	0.03025	0.00000
"C20_D056"	0.37154	0.35000	0.05000	-0.05000	0.02154	0.00000
"C20_D051"	0.37284	0.35000	0.05000	-0.05000	0.02284	0.00000
"C20_D046"	0.36836	0.35000	0.05000	-0.05000	0.01836	0.00000
"C20_D041"	0.37509	0.35000	0.05000	-0.05000	0.02509	0.00000
"C20_D036"	0.37538	0.35000	0.05000	-0.05000	0.02538	0.00000
"C20_D031"	0.38320	0.35000	0.05000	-0.05000	0.03320	0.00000
"C20_D026"	0.36795	0.35000	0.05000	-0.05000	0.01795	0.00000
"C20_D021"	0.36846	0.35000	0.05000	-0.05000	0.01846	0.00000
"C20_D016"	0.37287	0.35000	0.05000	-0.05000	0.02287	0.00000
"C20_D011"	0.36707	0.35000	0.05000	-0.05000	0.01707	0.00000
"C20_D006"	0.36917	0.35000	0.05000	-0.05000	0.01917	0.00000
"C20_D001"	0.37143	0.35000	0.05000	-0.05000	0.02143	0.00000
"C18_CD001"	1.13240	1.09000	0.10000	-0.10000	0.04240	0.00000
"C11D"	37.46311	37.47000	0.13000	-0.13000	-0.00689	0.00000
"C21"	0.06686	0.00000	0.10000	0.00000	0.06686	0.00000
":END"
":BEGIN"	"09:11:26 15:19:45"
"PATTERN: ADM6-60-01.5[-L][-S][-SLT]-4[-0][-1][-2][-A][-TR][-FR]"
"DISPLAY: accelerate_M20"
"UNIT: "
"C20_A001"	0.36220	0.35000	0.05000	-0.05000	0.01220	0.00000
"C20_A006"	0.36600	0.35000	0.05000	-0.05000	0.01600	0.00000
"C20_A011"	0.36524	0.35000	0.05000	-0.05000	0.01524	0.00000
"C20_A016"	0.36037	0.35000	0.05000	-0.05000	0.01037	0.00000
"C20_A021"	0.36532	0.35000	0.05000	-0.05000	0.01532	0.00000
"C20_A026"	0.36149	0.35000	0.05000	-0.05000	0.01149	0.00000
"C20_A031"	0.36902	0.35000	0.05000	-0.05000	0.01902	0.00000
"C20_A036"	0.36076	0.35000	0.05000	-0.05000	0.01076	0.00000
"C20_A041"	0.34801	0.35000	0.05000	-0.05000	-0.00199	0.00000
"C20_A046"	0.34352	0.35000	0.05000	-0.05000	-0.00648	0.00000
"C20_A051"	0.34379	0.35000	0.05000	-0.05000	-0.00621	0.00000
"C20_A056"	0.35243	0.35000	0.05000	-0.05000	0.00243	0.00000
"C20_A060"	0.34429	0.35000	0.05000	-0.05000	-0.00571	0.00000
"C11A"	37.46788	37.47000	0.13000	-0.13000	-0.00212	0.00000
"C20_B060"	0.34241	0.35000	0.05000	-0.05000	-0.00759	0.00000
"C18_AB060"	1.11717	1.09000	0.10000	-0.10000	0.02717	0.00000
"C20_B056"	0.36064	0.35000	0.05000	-0.05000	0.01064	0.00000
"C20_B051"	0.35949	0.35000	0.05000	-0.05000	0.00949	0.00000
"C20_B046"	0.35618	0.35000	0.05000	-0.05000	0.00618	0.00000
"C20_B041"	0.36127	0.35000	0.05000	-0.05000	0.01127	0.00000
"C20_B036"	0.36726	0.35000	0.05000	-0.05000	0.01726	0.00000
"C20_B031"	0.36461	0.35000	0.05000	-0.05000	0.01461	0.00000
"C20_B026"	0.35096	0.35000	0.05000	-0.05000	0.00096	0.00000
"C20_B021"	0.36163	0.35000	0.05000	-0.05000	0.01163	0.00000
"C20_B016"	0.36035	0.35000	0.05000	-0.05000	0.01035	0.00000
"C20_B011"	0.35100	0.35000	0.05000	-0.05000	0.00100	0.00000
"C20_B006"	0.35628	0.35000	0.05000	-0.05000	0.00628	0.00000
"C20_B001"	0.35970	0.35000	0.05000	-0.05000	0.00970	0.00000
"C18_AB001"	1.11022	1.09000	0.10000	-0.10000	0.02022	0.00000
"C11B"	37.47406	37.47000	0.13000	-0.13000	0.00406	0.00000
"C20_C001"	0.33203	0.35000	0.05000	-0.05000	-0.01797	0.00000
"C19_BC001"	1.41251	1.45000	0.10000	-0.10000	-0.03749	0.00000
"C20_C006"	0.32729	0.35000	0.05000	-0.05000	-0.02271	0.00000
"C20_C011"	0.32753	0.35000	0.05000	-0.05000	-0.02247	0.00000
"C20_C016"	0.32621	0.35000	0.05000	-0.05000	-0.02379	0.00000
"C20_C021"	0.32871	0.35000	0.05000	-0.05000	-0.02129	0.00000
"C20_C026"	0.31751	0.35000	0.05000	-0.05000	-0.03249	0.00000
"C20_C031"	0.33589	0.35000	0.05000	-0.05000	-0.01411	0.00000
"C20_C036"	0.32274	0.35000	0.05000	-0.05000	-0.02726	0.00000
"C20_C041"	0.31922	0.35000	0.05000	-0.05000	-0.03078	0.00000
"C20_C046"	0.31467	0.35000	0.05000	-0.05000	-0.03533	0.00000
"C20_C051"	0.31318	0.35000	0.05000	-0.05000	-0.03682	0.00000
"C20_C056"	0.31718	0.35000	0.05000	-0.05000	-0.03282	0.00000
"C20_C060"	0.31107	0.35000	0.05000	-0.05000	-0.03893	0.00000
"C19_BC060"	1.40729	1.45000	0.10000	-0.10000	-0.04271	0.00000
"C11C"	37.47631	37.47000	0.13000	-0.13000	0.00631	0.00000
"C20_D060"	0.37145	0.35000	0.05000	-0.05000	0.02145	0.00000
"C18_CD060"	1.12037	1.09000	0.10000	-0.10000	0.03037	0.00000
"C20_D056"	0.37147	0.35000	0.05000	-0.05000	0.02147	0.00000
"C20_D051"	0.37383	0.35000	0.05000	-0.05000	0.02383	0.00000
"C20_D046"	0.36857	0.35000	0.05000	-0.05000	0.01857	0.00000
"C20_D041"	0.37773	0.35000	0.05000	-0.05000	0.02773	0.00000
"C20_D036"	0.37527	0.35000	0.05000	-0.05000	0.02527	0.00000
"C20_D031"	0.38406	0.35000	0.05000	-0.05000	0.03406	0.00000
"C20_D026"	0.36854	0.35000	0.05000	-0.05000	0.01854	0.00000
"C20_D021"	0.36830	0.35000	0.05000	-0.05000	0.01830	0.00000
"C20_D016"	0.37317	0.35000	0.05000	-0.05000	0.02317	0.00000
"C20_D011"	0.36710	0.35000	0.05000	-0.05000	0.01710	0.00000
"C20_D006"	0.36836	0.35000	0.05000	-0.05000	0.01836	0.00000
"C20_D001"	0.37197	0.35000	0.05000	-0.05000	0.02197	0.00000
"C18_CD001"	1.13185	1.09000	0.10000	-0.10000	0.04185	0.00000
"C11D"	37.46307	37.47000	0.13000	-0.13000	-0.00693	0.00000
"C21"	0.06740	0.00000	0.10000	0.00000	0.06740	0.00000
":END"
":BEGIN"	"09:11:26 15:32:51"
"PATTERN: ADM6-60-01.5[-L][-S][-SLT]-4[-0][-1][-2][-A][-TR][-FR]"
"DISPLAY: accelerate_M20"
"UNIT: "
"C20_A001"	0.36411	0.35000	0.05000	-0.05000	0.01411	0.00000
"C20_A006"	0.36552	0.35000	0.05000	-0.05000	0.01552	0.00000
"C20_A011"	0.36546	0.35000	0.05000	-0.05000	0.01546	0.00000
"C20_A016"	0.35998	0.35000	0.05000	-0.05000	0.00998	0.00000
"C20_A021"	0.36460	0.35000	0.05000	-0.05000	0.01460	0.00000
"C20_A026"	0.36141	0.35000	0.05000	-0.05000	0.01141	0.00000
"C20_A031"	0.36886	0.35000	0.05000	-0.05000	0.01886	0.00000
"C20_A036"	0.36028	0.35000	0.05000	-0.05000	0.01028	0.00000
"C20_A041"	0.34744	0.35000	0.05000	-0.05000	-0.00256	0.00000
"C20_A046"	0.34266	0.35000	0.05000	-0.05000	-0.00734	0.00000
"C20_A051"	0.34335	0.35000	0.05000	-0.05000	-0.00665	0.00000
"C20_A056"	0.35067	0.35000	0.05000	-0.05000	0.00067	0.00000
"C20_A060"	0.34330	0.35000	0.05000	-0.05000	-0.00670	0.00000
"C11A"	37.46729	37.47000	0.13000	-0.13000	-0.00271	0.00000
"C20_B060"	0.34238	0.35000	0.05000	-0.05000	-0.00762	0.00000
"C18_AB060"	1.12191	1.09000	0.10000	-0.10000	0.03191	0.00000
"C20_B056"	0.36052	0.35000	0.05000	-0.05000	0.01052	0.00000
"C20_B051"	0.36037	0.35000	0.05000	-0.05000	0.01037	0.00000
"C20_B046"	0.35606	0.35000	0.05000	-0.05000	0.00606	0.00000
"C20_B041"	0.36115	0.35000	0.05000	-0.05000	0.01115	0.00000
"C20_B036"	0.36743	0.35000	0.05000	-0.05000	0.01743	0.00000
"C20_B031"	0.36496	0.35000	0.05000	-0.05000	0.01496	0.00000
"C20_B026"	0.35082	0.35000	0.05000	-0.05000	0.00082	0.00000
"C20_B021"	0.36262	0.35000	0.05000	-0.05000	0.01262	0.00000
"C20_B016"	0.36127	0.35000	0.05000	-0.05000	0.01127	0.00000
"C20_B011"	0.35149	0.35000	0.05000	-0.05000	0.00149	0.00000
"C20_B006"	0.35675	0.35000	0.05000	-0.05000	0.00675	0.00000
"C20_B001"	0.36032	0.35000	0.05000	-0.05000	0.01032	0.00000
"C18_AB001"	1.11215	1.09000	0.10000	-0.10000	0.02215	0.00000
"C11B"	37.47737	37.47000	0.13000	-0.13000	0.00737	0.00000
"C20_C001"	0.33119	0.35000	0.05000	-0.05000	-0.01881	0.00000
"C19_BC001"	1.40985	1.45000	0.10000	-0.10000	-0.04015	0.00000
"C20_C006"	0.32693	0.35000	0.05000	-0.05000	-0.02307	0.00000
"C20_C011"	0.32833	0.35000	0.05000	-0.05000	-0.02167	0.00000
"C20_C016"	0.32485	0.35000	0.05000	-0.05000	-0.02515	0.00000
"C20_C021"	0.32910	0.35000	0.05000	-0.05000	-0.02090	0.00000
"C20_C026"	0.31726	0.35000	0.05000	-0.05000	-0.03274	0.00000
"C20_C031"	0.33609	0.35000	0.05000	-0.05000	-0.01391	0.00000
"C20_C036"	0.32264	0.35000	0.05000	-0.05000	-0.02736	0.00000
"C20_C041"	0.32012	0.35000	0.05000	-0.05000	-0.02988	0.00000
"C20_C046"	0.31555	0.35000	0.05000	-0.05000	-0.03445	0.00000
"C20_C051"	0.31254	0.35000	0.05000	-0.05000	-0.03746	0.00000
"C20_C056"	0.31615	0.35000	0.05000	-0.05000	-0.03385	0.00000
"C20_C060"	0.31014	0.35000	0.05000	-0.05000	-0.03986	0.00000
"C19_BC060"	1.41736	1.45000	0.10000	-0.10000	-0.03264	0.00000
"C11C"	37.47627	37.47000	0.13000	-0.13000	0.00627	0.00000
"C20_D060"	0.37101	0.35000	0.05000	-0.05000	0.02101	0.00000
"C18_CD060"	1.10537	1.09000	0.10000	-0.10000	0.01537	0.00000
"C20_D056"	0.37239	0.35000	0.05000	-0.05000	0.02239	0.00000
"C20_D051"	0.37332	0.35000	0.05000	-0.05000	0.02332	0.00000
"C20_D046"	0.36955	0.35000	0.05000	-0.05000	0.01955	0.00000
"C20_D041"	0.37744	0.35000	0.05000	-0.05000	0.02744	0.00000
"C20_D036"	0.37552	0.35000	0.05000	-0.05000	0.02552	0.00000
"C20_D031"	0.38391	0.35000	0.05000	-0.05000	0.03391	0.00000
"C20_D026"	0.36835	0.35000	0.05000	-0.05000	0.01835	0.00000
"C20_D021"	0.36869	0.35000	0.05000	-0.05000	0.01869	0.00000
"C20_D016"	0.37377	0.35000	0.05000	-0.05000	0.02377	0.00000
"C20_D011"	0.36816	0.35000	0.05000	-0.05000	0.01816	0.00000
"C20_D006"	0.36721	0.35000	0.05000	-0.05000	0.01721	0.00000
"C20_D001"	0.37197	0.35000	0.05000	-0.05000	0.02197	0.00000
"C18_CD001"	1.13055	1.09000	0.10000	-0.10000	0.04055	0.00000
"C11D"	37.46408	37.47000	0.13000	-0.13000	-0.00592	0.00000
"C21"	0.06636	0.00000	0.10000	0.00000	0.06636	0.00000
":END"
":BEGIN"	"09:11:26 15:45:53"
"PATTERN: ADM6-60-01.5[-L][-S][-SLT]-4[-0][-1][-2][-A][-TR][-FR]"
"DISPLAY: accelerate_M20"
"UNIT: "
"C20_A001"	0.36195	0.35000	0.05000	-0.05000	0.01195	0.00000
"C20_A006"	0.36511	0.35000	0.05000	-0.05000	0.01511	0.00000
"C20_A011"	0.36588	0.35000	0.05000	-0.05000	0.01588	0.00000
"C20_A016"	0.36053	0.35000	0.05000	-0.05000	0.01053	0.00000
"C20_A021"	0.36531	0.35000	0.05000	-0.05000	0.01531	0.00000
"C20_A026"	0.36148	0.35000	0.05000	-0.05000	0.01148	0.00000
"C20_A031"	0.36879	0.35000	0.05000	-0.05000	0.01879	0.00000
"C20_A036"	0.35999	0.35000	0.05000	-0.05000	0.00999	0.00000
"C20_A041"	0.34747	0.35000	0.05000	-0.05000	-0.00253	0.00000
"C20_A046"	0.34304	0.35000	0.05000	-0.05000	-0.00696	0.00000
"C20_A051"	0.34290	0.35000	0.05000	-0.05000	-0.00710	0.00000
"C20_A056"	0.34996	0.35000	0.05000	-0.05000	-0.00004	0.00000
"C20_A060"	0.34396	0.35000	0.05000	-0.05000	-0.00604	0.00000
"C11A"	37.46749	37.47000	0.13000	-0.13000	-0.00251	0.00000
"C20_B060"	0.34209	0.35000	0.05000	-0.05000	-0.00791	0.00000
"C18_AB060"	1.11674	1.09000	0.10000	-0.10000	0.02674	0.00000
"C20_B056"	0.36020	0.35000	0.05000	-0.05000	0.01020	0.00000
"C20_B051"	0.35955	0.35000	0.05000	-0.05000	0.00955	0.00000
"C20_B046"	0.35640	0.35000	0.05000	-0.05000	0.00640	0.00000
"C20_B041"	0.36133	0.35000	0.05000	-0.05000	0.01133	0.00000
"C20_B036"	0.36779	0.35000	0.05000	-0.05000	0.01779	0.00000
"C20_B031"	0.36542	0.35000	0.05000	-0.05000	0.01542	0.00000
"C20_B026"	0.35084	0.35000	0.05000	-0.05000	0.00084	0.00000
"C20_B021"	0.36188	0.35000	0.05000	-0.05000	0.01188	0.00000
"C20_B016"	0.36044	0.35000	0.05000	-0.05000	0.01044	0.00000
"C20_B011"	0.35235	0.35000	0.05000	-0.05000	0.00235	0.00000
"C20_B006"	0.35627	0.35000	0.05000	-0.05000	0.00627	0.00000
"C20_B001"	0.36135	0.35000	0.05000	-0.05000	0.01135	0.00000
"C18_AB001"	1.09928	1.09000	0.10000	-0.10000	0.00928	0.00000
"C11B"	37.47514	37.47000	0.13000	-0.13000	0.00514	0.00000
"C20_C001"	0.33335	0.35000	0.05000	-0.05000	-0.01665	0.00000
"C19_BC001"	1.41061	1.45000	0.10000	-0.10000	-0.03939	0.00000
"C20_C006"	0.32717	0.35000	0.05000	-0.05000	-0.02283	0.00000
"C20_C011"	0.32802	0.35000	0.05000	-0.05000	-0.02198	0.00000
"C20_C016"	0.32512	0.35000	0.05000	-0.05000	-0.02488	0.00000
"C20_C021"	0.32877	0.35000	0.05000	-0.05000	-0.02123	0.00000
"C20_C026"	0.31674	0.35000	0.05000	-0.05000	-0.03326	0.00000
"C20_C031"	0.33621	0.35000	0.05000	-0.05000	-0.01379	0.00000
"C20_C036"	0.32386	0.35000	0.05000	-0.05000	-0.02614	0.00000
"C20_C041"	0.31980	0.35000	0.05000	-0.05000	-0.03020	0.00000
"C20_C046"	0.31476	0.35000	0.05000	-0.05000	-0.03524	0.00000
"C20_C051"	0.31318	0.35000	0.05000	-0.05000	-0.03682	0.00000
"C20_C056"	0.31613	0.35000	0.05000	-0.05000	-0.03387	0.00000
"C20_C060"	0.31100	0.35000	0.05000	-0.05000	-0.03900	0.00000
"C19_BC060"	1.40748	1.45000	0.10000	-0.10000	-0.04252	0.00000
"C11C"	37.47513	37.47000	0.13000	-0.13000	0.00513	0.00000
"C20_D060"	0.37094	0.35000	0.05000	-0.05000	0.02094	0.00000
"C18_CD060"	1.12075	1.09000	0.10000	-0.10000	0.03075	0.00000
"C20_D056"	0.37154	0.35000	0.05000	-0.05000	0.02154	0.00000
"C20_D051"	0.37353	0.35000	0.05000	-0.05000	0.02353	0.00000
"C20_D046"	0.36821	0.35000	0.05000	-0.05000	0.01821	0.00000
"C20_D041"	0.37758	0.35000	0.05000	-0.05000	0.02758	0.00000
"C20_D036"	0.37568	0.35000	0.05000	-0.05000	0.02568	0.00000
"C20_D031"	0.38326	0.35000	0.05000	-0.05000	0.03326	0.00000
"C20_D026"	0.36813	0.35000	0.05000	-0.05000	0.01813	0.00000
"C20_D021"	0.36828	0.35000	0.05000	-0.05000	0.01828	0.00000
"C20_D016"	0.37335	0.35000	0.05000	-0.05000	0.02335	0.00000
"C20_D011"	0.36711	0.35000	0.05000	-0.05000	0.01711	0.00000
"C20_D006"	0.36960	0.35000	0.05000	-0.05000	0.01960	0.00000
"C20_D001"	0.37205	0.35000	0.05000	-0.05000	0.02205	0.00000
"C18_CD001"	1.13106	1.09000	0.10000	-0.10000	0.04106	0.00000
"C11D"	37.46408	37.47000	0.13000	-0.13000	-0.00592	0.00000
"C21"	0.06658	0.00000	0.10000	0.00000	0.06658	0.00000
":END"
":BEGIN"	"09:11:26 15:58:57"
"PATTERN: ADM6-60-01.5[-L][-S][-SLT]-4[-0][-1][-2][-A][-TR][-FR]"
"DISPLAY: accelerate_M20"
"UNIT: "
"C20_A001"	0.36210	0.35000	0.05000	-0.05000	0.01210	0.00000
"C20_A006"	0.36598	0.35000	0.05000	-0.05000	0.01598	0.00000
"C20_A011"	0.36518	0.35000	0.05000	-0.05000	0.01518	0.00000
"C20_A016"	0.36091	0.35000	0.05000	-0.05000	0.01091	0.00000
"C20_A021"	0.36600	0.35000	0.05000	-0.05000	0.01600	0.00000
"C20_A026"	0.36185	0.35000	0.05000	-0.05000	0.01185	0.00000
"C20_A031"	0.36890	0.35000	0.05000	-0.05000	0.01890	0.00000
"C20_A036"	0.36081	0.35000	0.05000	-0.05000	0.01081	0.00000
"C20_A041"	0.34841	0.35000	0.05000	-0.05000	-0.00159	0.00000
"C20_A046"	0.34349	0.35000	0.05000	-0.05000	-0.00651	0.00000
"C20_A051"	0.34393	0.35000	0.05000	-0.05000	-0.00607	0.00000
"C20_A056"	0.35087	0.35000	0.05000	-0.05000	0.00087	0.00000
"C20_A060"	0.34359	0.35000	0.05000	-0.05000	-0.00641	0.00000
"C11A"	37.46591	37.47000	0.13000	-0.13000	-0.00409	0.00000
"C20_B060"	0.34218	0.35000	0.05000	-0.05000	-0.00782	0.00000
"C18_AB060"	1.12216	1.09000	0.10000	-0.10000	0.03216	0.00000
"C20_B056"	0.35979	0.35000	0.05000	-0.05000	0.00979	0.00000
"C20_B051"	0.35961	0.35000	0.05000	-0.05000	0.00961	0.00000
"C20_B046"	0.35613	0.35000	0.05000	-0.05000	0.00613	0.00000
"C20_B041"	0.36044	0.35000	0.05000	-0.05000	0.01044	0.00000
"C20_B036"	0.36712	0.35000	0.05000	-0.05000	0.01712	0.00000
"C20_B031"	0.36460	0.35000	0.05000	-0.05000	0.01460	0.00000
"C20_B026"	0.35076	0.35000	0.05000	-0.05000	0.00076	0.00000
"C20_B021"	0.36102	0.35000	0.05000	-0.05000	0.01102	0.00000
"C20_B016"	0.36004	0.35000	0.05000	-0.05000	0.01004	0.00000
"C20_B011"	0.35125	0.35000	0.05000	-0.05000	0.00125	0.00000
"C20_B006"	0.35618	0.35000	0.05000	-0.05000	0.00618	0.00000
"C20_B001"	0.36004	0.35000	0.05000	-0.05000	0.01004	0.00000
"C18_AB001"	1.12210	1.09000	0.10000	-0.10000	0.03210	0.00000
"C11B"	37.47562	37.47000	0.13000	-0.13000	0.00562	0.00000
"C20_C001"	0.33284	0.35000	0.05000	-0.05000	-0.01716	0.00000
"C19_BC001"	1.40018	1.45000	0.10000	-0.10000	-0.04982	0.00000
"C20_C006"	0.32754	0.35000	0.05000	-0.05000	-0.02246	0.00000
"C20_C011"	0.32788	0.35000	0.05000	-0.05000	-0.02212	0.00000
"C20_C016"	0.32500	0.35000	0.05000	-0.05000	-0.02500	0.00000
"C20_C021"	0.32885	0.35000	0.05000	-0.05000	-0.02115	0.00000
"C20_C026"	0.31662	0.35000	0.05000	-0.05000	-0.03338	0.00000
"C20_C031"	0.33597	0.35000	0.05000	-0.05000	-0.01403	0.00000
"C20_C036"	0.32336	0.35000	0.05000	-0.05000	-0.02664	0.00000
"C20_C041"	0.31945	0.35000	0.05000	-0.05000	-0.03055	0.00000
"C20_C046"	0.31510	0.35000	0.05000	-0.05000	-0.03490	0.00000
"C20_C051"	0.31368	0.35000	0.05000	-0.05000	-0.03632	0.00000
"C20_C056"	0.31658	0.35000	0.05000	-0.05000	-0.03342	0.00000
"C20_C060"	0.31131	0.35000	0.05000	-0.05000	-0.03869	0.00000
"C19_BC060"	1.40224	1.45000	0.10000	-0.10000	-0.04776	0.00000
"C11C"	37.47592	37.47000	0.13000	-0.13000	0.00592	0.00000
"C20_D060"	0.37147	0.35000	0.05000	-0.05000	0.02147	0.00000
"C18_CD060"	1.12113	1.09000	0.10000	-0.10000	0.03113	0.00000
"C20_D056"	0.37230	0.35000	0.05000	-0.05000	0.02230	0.00000
"C20_D051"	0.37222	0.35000	0.05000	-0.05000	0.02222	0.00000
"C20_D046"	0.36709	0.35000	0.05000	-0.05000	0.01709	0.00000
"C20_D041"	0.37785	0.35000	0.05000	-0.05000	0.02785	0.00000
"C20_D036"	0.37561	0.35000	0.05000	-0.05000	0.02561	0.00000
"C20_D031"	0.38327	0.35000	0.05000	-0.05000	0.03327	0.00000
"C20_D026"	0.36802	0.35000	0.05000	-0.05000	0.01802	0.00000
"C20_D021"	0.36803	0.35000	0.05000	-0.05000	0.01803	0.00000
"C20_D016"	0.37281	0.35000	0.05000	-0.05000	0.02281	0.00000
"C20_D011"	0.36796	0.35000	0.05000	-0.05000	0.01796	0.00000
"C20_D006"	0.36772	0.35000	0.05000	-0.05000	0.01772	0.00000
"C20_D001"	0.37192	0.35000	0.05000	-0.05000	0.02192	0.00000
"C18_CD001"	1.12925	1.09000	0.10000	-0.10000	0.03925	0.00000
"C11D"	37.46566	37.47000	0.13000	-0.13000	-0.00434	0.00000
"C21"	0.06773	0.00000	0.10000	0.00000	0.06773	0.00000
":END"
":BEGIN"	"09:14:26 12:18:04"
"PATTERN: ADM6-60-01.5[-L][-S][-SLT]-4[-0][-1][-2][-A][-TR][-FR]"
"DISPLAY: accelerate_M20_V14 (Flash)"
"UNIT: "
"C20_A001"	0.37153	0.35000	0.05000	-0.05000	0.02153	0.00000
"C20_A006"	0.36532	0.35000	0.05000	-0.05000	0.01532	0.00000
"C20_A011"	0.37034	0.35000	0.05000	-0.05000	0.02034	0.00000
"C20_A016"	0.36902	0.35000	0.05000	-0.05000	0.01902	0.00000
"C20_A021"	0.37221	0.35000	0.05000	-0.05000	0.02221	0.00000
"C20_A026"	0.37565	0.35000	0.05000	-0.05000	0.02565	0.00000
"C20_A031"	0.36685	0.35000	0.05000	-0.05000	0.01685	0.00000
"C20_A036"	0.34898	0.35000	0.05000	-0.05000	-0.00102	0.00000
"C20_A041"	0.36195	0.35000	0.05000	-0.05000	0.01195	0.00000
"C20_A046"	0.35035	0.35000	0.05000	-0.05000	0.00035	0.00000
"C20_A051"	0.34366	0.35000	0.05000	-0.05000	-0.00634	0.00000
"C20_A056"	0.34371	0.35000	0.05000	-0.05000	-0.00629	0.00000
"C20_A060"	0.33998	0.35000	0.05000	-0.05000	-0.01002	0.00000
"C11A"	37.45739	37.47000	0.13000	-0.13000	-0.01261	0.00000
"C20_B060"	0.35310	0.35000	0.05000	-0.05000	0.00310	0.00000
"C18_AB060"	1.10676	1.09000	0.10000	-0.10000	0.01676	0.00000
"C20_B056"	0.35059	0.35000	0.05000	-0.05000	0.00059	0.00000
"C20_B051"	0.34802	0.35000	0.05000	-0.05000	-0.00198	0.00000
"C20_B046"	0.35626	0.35000	0.05000	-0.05000	0.00626	0.00000
"C20_B041"	0.36243	0.35000	0.05000	-0.05000	0.01243	0.00000
"C20_B036"	0.35380	0.35000	0.05000	-0.05000	0.00380	0.00000
"C20_B031"	0.36237	0.35000	0.05000	-0.05000	0.01237	0.00000
"C20_B026"	0.36423	0.35000	0.05000	-0.05000	0.01423	0.00000
"C20_B021"	0.36110	0.35000	0.05000	-0.05000	0.01110	0.00000
"C20_B016"	0.35983	0.35000	0.05000	-0.05000	0.00983	0.00000
"C20_B011"	0.35743	0.35000	0.05000	-0.05000	0.00743	0.00000
"C20_B006"	0.35947	0.35000	0.05000	-0.05000	0.00947	0.00000
"C20_B001"	0.35815	0.35000	0.05000	-0.05000	0.00815	0.00000
"C18_AB001"	1.11889	1.09000	0.10000	-0.10000	0.02889	0.00000
"C11B"	37.47467	37.47000	0.13000	-0.13000	0.00467	0.00000
"C20_C001"	0.34235	0.35000	0.05000	-0.05000	-0.00765	0.00000
"C19_BC001"	1.42405	1.45000	0.10000	-0.10000	-0.02595	0.00000
"C20_C006"	0.33480	0.35000	0.05000	-0.05000	-0.01520	0.00000
"C20_C011"	0.33695	0.35000	0.05000	-0.05000	-0.01305	0.00000
"C20_C016"	0.33083	0.35000	0.05000	-0.05000	-0.01917	0.00000
"C20_C021"	0.33436	0.35000	0.05000	-0.05000	-0.01564	0.00000
"C20_C026"	0.33754	0.35000	0.05000	-0.05000	-0.01246	0.00000
"C20_C031"	0.32906	0.35000	0.05000	-0.05000	-0.02094	0.00000
"C20_C036"	0.33497	0.35000	0.05000	-0.05000	-0.01503	0.00000
"C20_C041"	0.32473	0.35000	0.05000	-0.05000	-0.02527	0.00000
"C20_C046"	0.32195	0.35000	0.05000	-0.05000	-0.02805	0.00000
"C20_C051"	0.32531	0.35000	0.05000	-0.05000	-0.02469	0.00000
"C20_C056"	0.31710	0.35000	0.05000	-0.05000	-0.03290	0.00000
"C20_C060"	0.33536	0.35000	0.05000	-0.05000	-0.01464	0.00000
"C19_BC060"	1.42253	1.45000	0.10000	-0.10000	-0.02747	0.00000
"C11C"	37.47109	37.47000	0.13000	-0.13000	0.00109	0.00000
"C20_D060"	0.38272	0.35000	0.05000	-0.05000	0.03272	0.00000
"C18_CD060"	1.11339	1.09000	0.10000	-0.10000	0.02339	0.00000
"C20_D056"	0.36370	0.35000	0.05000	-0.05000	0.01370	0.00000
"C20_D051"	0.38120	0.35000	0.05000	-0.05000	0.03120	0.00000
"C20_D046"	0.37090	0.35000	0.05000	-0.05000	0.02090	0.00000
"C20_D041"	0.38061	0.35000	0.05000	-0.05000	0.03061	0.00000
"C20_D036"	0.38905	0.35000	0.05000	-0.05000	0.03905	0.00000
"C20_D031"	0.38237	0.35000	0.05000	-0.05000	0.03237	0.00000
"C20_D026"	0.38480	0.35000	0.05000	-0.05000	0.03480	0.00000
"C20_D021"	0.38726	0.35000	0.05000	-0.05000	0.03726	0.00000
"C20_D016"	0.36855	0.35000	0.05000	-0.05000	0.01855	0.00000
"C20_D011"	0.37403	0.35000	0.05000	-0.05000	0.02403	0.00000
"C20_D006"	0.37241	0.35000	0.05000	-0.05000	0.02241	0.00000
"C20_D001"	0.37666	0.35000	0.05000	-0.05000	0.02666	0.00000
"C18_CD001"	1.10276	1.09000	0.10000	-0.10000	0.01276	0.00000
"C11D"	37.47304	37.47000	0.13000	-0.13000	0.00304	0.00000
"C21"	0.06215	0.00000	0.10000	0.00000	0.06215	0.00000
":END"
":BEGIN"	"09:14:26 12:32:13"
"PATTERN: ADM6-60-01.5[-L][-S][-SLT]-4[-0][-1][-2][-A][-TR][-FR]"
"DISPLAY: accelerate_M20_V14 (Flash)"
"UNIT: "
"C20_A001"	0.36976	0.35000	0.05000	-0.05000	0.01976	0.00000
"C20_A006"	0.36465	0.35000	0.05000	-0.05000	0.01465	0.00000
"C20_A011"	0.36991	0.35000	0.05000	-0.05000	0.01991	0.00000
"C20_A016"	0.36520	0.35000	0.05000	-0.05000	0.01520	0.00000
"C20_A021"	0.37201	0.35000	0.05000	-0.05000	0.02201	0.00000
"C20_A026"	0.37114	0.35000	0.05000	-0.05000	0.02114	0.00000
"C20_A031"	0.36591	0.35000	0.05000	-0.05000	0.01591	0.00000
"C20_A036"	0.34821	0.35000	0.05000	-0.05000	-0.00179	0.00000
"C20_A041"	0.36309	0.35000	0.05000	-0.05000	0.01309	0.00000
"C20_A046"	0.34991	0.35000	0.05000	-0.05000	-0.00009	0.00000
"C20_A051"	0.34716	0.35000	0.05000	-0.05000	-0.00284	0.00000
"C20_A056"	0.34318	0.35000	0.05000	-0.05000	-0.00682	0.00000
"C20_A060"	0.34080	0.35000	0.05000	-0.05000	-0.00920	0.00000
"C11A"	37.45885	37.47000	0.13000	-0.13000	-0.01115	0.00000
"C20_B060"	0.35412	0.35000	0.05000	-0.05000	0.00412	0.00000
"C18_AB060"	1.10663	1.09000	0.10000	-0.10000	0.01663	0.00000
"C20_B056"	0.35193	0.35000	0.05000	-0.05000	0.00193	0.00000
"C20_B051"	0.34860	0.35000	0.05000	-0.05000	-0.00140	0.00000
"C20_B046"	0.35582	0.35000	0.05000	-0.05000	0.00582	0.00000
"C20_B041"	0.36193	0.35000	0.05000	-0.05000	0.01193	0.00000
"C20_B036"	0.35566	0.35000	0.05000	-0.05000	0.00566	0.00000
"C20_B031"	0.36334	0.35000	0.05000	-0.05000	0.01334	0.00000
"C20_B026"	0.36454	0.35000	0.05000	-0.05000	0.01454	0.00000
"C20_B021"	0.36041	0.35000	0.05000	-0.05000	0.01041	0.00000
"C20_B016"	0.36072	0.35000	0.05000	-0.05000	0.01072	0.00000
"C20_B011"	0.35864	0.35000	0.05000	-0.05000	0.00864	0.00000
"C20_B006"	0.36003	0.35000	0.05000	-0.05000	0.01003	0.00000
"C20_B001"	0.35774	0.35000	0.05000	-0.05000	0.00774	0.00000
"C18_AB001"	1.13092	1.09000	0.10000	-0.10000	0.04092	0.00000
"C11B"	37.47221	37.47000	0.13000	-0.13000	0.00221	0.00000
"C20_C001"	0.34057	0.35000	0.05000	-0.05000	-0.00943	0.00000
"C19_BC001"	1.42432	1.45000	0.10000	-0.10000	-0.02568	0.00000
"C20_C006"	0.33406	0.35000	0.05000	-0.05000	-0.01594	0.00000
"C20_C011"	0.33634	0.35000	0.05000	-0.05000	-0.01366	0.00000
"C20_C016"	0.32946	0.35000	0.05000	-0.05000	-0.02054	0.00000
"C20_C021"	0.33334	0.35000	0.05000	-0.05000	-0.01666	0.00000
"C20_C026"	0.33729	0.35000	0.05000	-0.05000	-0.01271	0.00000
"C20_C031"	0.32889	0.35000	0.05000	-0.05000	-0.02111	0.00000
"C20_C036"	0.33413	0.35000	0.05000	-0.05000	-0.01587	0.00000
"C20_C041"	0.32234	0.35000	0.05000	-0.05000	-0.02766	0.00000
"C20_C046"	0.32093	0.35000	0.05000	-0.05000	-0.02907	0.00000
"C20_C051"	0.32408	0.35000	0.05000	-0.05000	-0.02592	0.00000
"C20_C056"	0.31603	0.35000	0.05000	-0.05000	-0.03397	0.00000
"C20_C060"	0.33430	0.35000	0.05000	-0.05000	-0.01570	0.00000
"C19_BC060"	1.42258	1.45000	0.10000	-0.10000	-0.02742	0.00000
"C11C"	37.47128	37.47000	0.13000	-0.13000	0.00128	0.00000
"C20_D060"	0.38308	0.35000	0.05000	-0.05000	0.03308	0.00000
"C18_CD060"	1.12294	1.09000	0.10000	-0.10000	0.03294	0.00000
"C20_D056"	0.36494	0.35000	0.05000	-0.05000	0.01494	0.00000
"C20_D051"	0.37954	0.35000	0.05000	-0.05000	0.02954	0.00000
"C20_D046"	0.37233	0.35000	0.05000	-0.05000	0.02233	0.00000
"C20_D041"	0.38155	0.35000	0.05000	-0.05000	0.03155	0.00000
"C20_D036"	0.39011	0.35000	0.05000	-0.05000	0.04011	0.00000
"C20_D031"	0.38326	0.35000	0.05000	-0.05000	0.03326	0.00000
"C20_D026"	0.38571	0.35000	0.05000	-0.05000	0.03571	0.00000
"C20_D021"	0.38682	0.35000	0.05000	-0.05000	0.03682	0.00000
"C20_D016"	0.36846	0.35000	0.05000	-0.05000	0.01846	0.00000
"C20_D011"	0.37654	0.35000	0.05000	-0.05000	0.02654	0.00000
"C20_D006"	0.37410	0.35000	0.05000	-0.05000	0.02410	0.00000
"C20_D001"	0.37732	0.35000	0.05000	-0.05000	0.02732	0.00000
"C18_CD001"	1.10206	1.09000	0.10000	-0.10000	0.01206	0.00000
"C11D"	37.47233	37.47000	0.13000	-0.13000	0.00233	0.00000
"C21"	0.06084	0.00000	0.10000	0.00000	0.06084	0.00000
":END"
":BEGIN"	"09:14:26 12:45:40"
"PATTERN: ADM6-60-01.5[-L][-S][-SLT]-4[-0][-1][-2][-A][-TR][-FR]"
"DISPLAY: accelerate_M20_V14 (Flash)"
"UNIT: "
"C20_A001"	0.37090	0.35000	0.05000	-0.05000	0.02090	0.00000
"C20_A006"	0.36511	0.35000	0.05000	-0.05000	0.01511	0.00000
"C20_A011"	0.37116	0.35000	0.05000	-0.05000	0.02116	0.00000
"C20_A016"	0.36920	0.35000	0.05000	-0.05000	0.01920	0.00000
"C20_A021"	0.37235	0.35000	0.05000	-0.05000	0.02235	0.00000
"C20_A026"	0.37414	0.35000	0.05000	-0.05000	0.02414	0.00000
"C20_A031"	0.36674	0.35000	0.05000	-0.05000	0.01674	0.00000
"C20_A036"	0.35032	0.35000	0.05000	-0.05000	0.00032	0.00000
"C20_A041"	0.36077	0.35000	0.05000	-0.05000	0.01077	0.00000
"C20_A046"	0.34946	0.35000	0.05000	-0.05000	-0.00054	0.00000
"C20_A051"	0.34577	0.35000	0.05000	-0.05000	-0.00423	0.00000
"C20_A056"	0.34362	0.35000	0.05000	-0.05000	-0.00638	0.00000
"C20_A060"	0.33992	0.35000	0.05000	-0.05000	-0.01008	0.00000
"C11A"	37.45695	37.47000	0.13000	-0.13000	-0.01305	0.00000
"C20_B060"	0.35407	0.35000	0.05000	-0.05000	0.00407	0.00000
"C18_AB060"	1.10666	1.09000	0.10000	-0.10000	0.01666	0.00000
"C20_B056"	0.35187	0.35000	0.05000	-0.05000	0.00187	0.00000
"C20_B051"	0.34906	0.35000	0.05000	-0.05000	-0.00094	0.00000
"C20_B046"	0.35604	0.35000	0.05000	-0.05000	0.00604	0.00000
"C20_B041"	0.36118	0.35000	0.05000	-0.05000	0.01118	0.00000
"C20_B036"	0.35343	0.35000	0.05000	-0.05000	0.00343	0.00000
"C20_B031"	0.36348	0.35000	0.05000	-0.05000	0.01348	0.00000
"C20_B026"	0.36464	0.35000	0.05000	-0.05000	0.01464	0.00000
"C20_B021"	0.35930	0.35000	0.05000	-0.05000	0.00930	0.00000
"C20_B016"	0.36063	0.35000	0.05000	-0.05000	0.01063	0.00000
"C20_B011"	0.35821	0.35000	0.05000	-0.05000	0.00821	0.00000
"C20_B006"	0.36004	0.35000	0.05000	-0.05000	0.01004	0.00000
"C20_B001"	0.35737	0.35000	0.05000	-0.05000	0.00737	0.00000
"C18_AB001"	1.11907	1.09000	0.10000	-0.10000	0.02907	0.00000
"C11B"	37.47324	37.47000	0.13000	-0.13000	0.00324	0.00000
"C20_C001"	0.33975	0.35000	0.05000	-0.05000	-0.01025	0.00000
"C19_BC001"	1.42023	1.45000	0.10000	-0.10000	-0.02977	0.00000
"C20_C006"	0.33366	0.35000	0.05000	-0.05000	-0.01634	0.00000
"C20_C011"	0.33631	0.35000	0.05000	-0.05000	-0.01369	0.00000
"C20_C016"	0.32956	0.35000	0.05000	-0.05000	-0.02044	0.00000
"C20_C021"	0.33421	0.35000	0.05000	-0.05000	-0.01579	0.00000
"C20_C026"	0.33753	0.35000	0.05000	-0.05000	-0.01247	0.00000
"C20_C031"	0.32960	0.35000	0.05000	-0.05000	-0.02040	0.00000
"C20_C036"	0.33381	0.35000	0.05000	-0.05000	-0.01619	0.00000
"C20_C041"	0.32339	0.35000	0.05000	-0.05000	-0.02661	0.00000
"C20_C046"	0.32171	0.35000	0.05000	-0.05000	-0.02829	0.00000
"C20_C051"	0.32448	0.35000	0.05000	-0.05000	-0.02552	0.00000
"C20_C056"	0.31639	0.35000	0.05000	-0.05000	-0.03361	0.00000
"C20_C060"	0.33370	0.35000	0.05000	-0.05000	-0.01630	0.00000
"C19_BC060"	1.42251	1.45000	0.10000	-0.10000	-0.02749	0.00000
"C11C"	37.47137	37.47000	0.13000	-0.13000	0.00137	0.00000
"C20_D060"	0.38325	0.35000	0.05000	-0.05000	0.03325	0.00000
"C18_CD060"	1.12359	1.09000	0.10000	-0.10000	0.03359	0.00000
"C20_D056"	0.36438	0.35000	0.05000	-0.05000	0.01438	0.00000
"C20_D051"	0.38149	0.35000	0.05000	-0.05000	0.03149	0.00000
"C20_D046"	0.37234	0.35000	0.05000	-0.05000	0.02234	0.00000
"C20_D041"	0.38266	0.35000	0.05000	-0.05000	0.03266	0.00000
"C20_D036"	0.38971	0.35000	0.05000	-0.05000	0.03971	0.00000
"C20_D031"	0.38396	0.35000	0.05000	-0.05000	0.03396	0.00000
"C20_D026"	0.38561	0.35000	0.05000	-0.05000	0.03561	0.00000
"C20_D021"	0.38696	0.35000	0.05000	-0.05000	0.03696	0.00000
"C20_D016"	0.36846	0.35000	0.05000	-0.05000	0.01846	0.00000
"C20_D011"	0.37547	0.35000	0.05000	-0.05000	0.02547	0.00000
"C20_D006"	0.37354	0.35000	0.05000	-0.05000	0.02354	0.00000
"C20_D001"	0.37665	0.35000	0.05000	-0.05000	0.02665	0.00000
"C18_CD001"	1.10620	1.09000	0.10000	-0.10000	0.01620	0.00000
"C11D"	37.47162	37.47000	0.13000	-0.13000	0.00162	0.00000
"C21"	0.06198	0.00000	0.10000	0.00000	0.06198	0.00000
":END"
":BEGIN"	"09:14:26 12:59:09"
"PATTERN: ADM6-60-01.5[-L][-S][-SLT]-4[-0][-1][-2][-A][-TR][-FR]"
"DISPLAY: accelerate_M20_V14 (Flash)"
"UNIT: "
"C20_A001"	0.37080	0.35000	0.05000	-0.05000	0.02080	0.00000
"C20_A006"	0.36430	0.35000	0.05000	-0.05000	0.01430	0.00000
"C20_A011"	0.37096	0.35000	0.05000	-0.05000	0.02096	0.00000
"C20_A016"	0.36804	0.35000	0.05000	-0.05000	0.01804	0.00000
"C20_A021"	0.37212	0.35000	0.05000	-0.05000	0.02212	0.00000
"C20_A026"	0.37422	0.35000	0.05000	-0.05000	0.02422	0.00000
"C20_A031"	0.36609	0.35000	0.05000	-0.05000	0.01609	0.00000
"C20_A036"	0.34950	0.35000	0.05000	-0.05000	-0.00050	0.00000
"C20_A041"	0.36244	0.35000	0.05000	-0.05000	0.01244	0.00000
"C20_A046"	0.34885	0.35000	0.05000	-0.05000	-0.00115	0.00000
"C20_A051"	0.34570	0.35000	0.05000	-0.05000	-0.00430	0.00000
"C20_A056"	0.34326	0.35000	0.05000	-0.05000	-0.00674	0.00000
"C20_A060"	0.34023	0.35000	0.05000	-0.05000	-0.00977	0.00000
"C11A"	37.45834	37.47000	0.13000	-0.13000	-0.01166	0.00000
"C20_B060"	0.35361	0.35000	0.05000	-0.05000	0.00361	0.00000
"C18_AB060"	1.11047	1.09000	0.10000	-0.10000	0.02047	0.00000
"C20_B056"	0.35170	0.35000	0.05000	-0.05000	0.00170	0.00000
"C20_B051"	0.34900	0.35000	0.05000	-0.05000	-0.00100	0.00000
"C20_B046"	0.35612	0.35000	0.05000	-0.05000	0.00612	0.00000
"C20_B041"	0.36184	0.35000	0.05000	-0.05000	0.01184	0.00000
"C20_B036"	0.35310	0.35000	0.05000	-0.05000	0.00310	0.00000
"C20_B031"	0.36309	0.35000	0.05000	-0.05000	0.01309	0.00000
"C20_B026"	0.36560	0.35000	0.05000	-0.05000	0.01560	0.00000
"C20_B021"	0.36032	0.35000	0.05000	-0.05000	0.01032	0.00000
"C20_B016"	0.35985	0.35000	0.05000	-0.05000	0.00985	0.00000
"C20_B011"	0.35882	0.35000	0.05000	-0.05000	0.00882	0.00000
"C20_B006"	0.35970	0.35000	0.05000	-0.05000	0.00970	0.00000
"C20_B001"	0.35673	0.35000	0.05000	-0.05000	0.00673	0.00000
"C18_AB001"	1.12869	1.09000	0.10000	-0.10000	0.03869	0.00000
"C11B"	37.47371	37.47000	0.13000	-0.13000	0.00371	0.00000
"C20_C001"	0.34111	0.35000	0.05000	-0.05000	-0.00889	0.00000
"C19_BC001"	1.42437	1.45000	0.10000	-0.10000	-0.02563	0.00000
"C20_C006"	0.33468	0.35000	0.05000	-0.05000	-0.01532	0.00000
"C20_C011"	0.33698	0.35000	0.05000	-0.05000	-0.01302	0.00000
"C20_C016"	0.32965	0.35000	0.05000	-0.05000	-0.02035	0.00000
"C20_C021"	0.33454	0.35000	0.05000	-0.05000	-0.01546	0.00000
"C20_C026"	0.33768	0.35000	0.05000	-0.05000	-0.01232	0.00000
"C20_C031"	0.32883	0.35000	0.05000	-0.05000	-0.02117	0.00000
"C20_C036"	0.33441	0.35000	0.05000	-0.05000	-0.01559	0.00000
"C20_C041"	0.32319	0.35000	0.05000	-0.05000	-0.02681	0.00000
"C20_C046"	0.32195	0.35000	0.05000	-0.05000	-0.02805	0.00000
"C20_C051"	0.32505	0.35000	0.05000	-0.05000	-0.02495	0.00000
"C20_C056"	0.31703	0.35000	0.05000	-0.05000	-0.03297	0.00000
"C20_C060"	0.33462	0.35000	0.05000	-0.05000	-0.01538	0.00000
"C19_BC060"	1.43387	1.45000	0.10000	-0.10000	-0.01613	0.00000
"C11C"	37.47218	37.47000	0.13000	-0.13000	0.00218	0.00000
"C20_D060"	0.38204	0.35000	0.05000	-0.05000	0.03204	0.00000
"C18_CD060"	1.10830	1.09000	0.10000	-0.10000	0.01830	0.00000
"C20_D056"	0.36411	0.35000	0.05000	-0.05000	0.01411	0.00000
"C20_D051"	0.38001	0.35000	0.05000	-0.05000	0.03001	0.00000
"C20_D046"	0.37162	0.35000	0.05000	-0.05000	0.02162	0.00000
"C20_D041"	0.38125	0.35000	0.05000	-0.05000	0.03125	0.00000
"C20_D036"	0.38930	0.35000	0.05000	-0.05000	0.03930	0.00000
"C20_D031"	0.38294	0.35000	0.05000	-0.05000	0.03294	0.00000
"C20_D026"	0.38488	0.35000	0.05000	-0.05000	0.03488	0.00000
"C20_D021"	0.38742	0.35000	0.05000	-0.05000	0.03742	0.00000
"C20_D016"	0.36778	0.35000	0.05000	-0.05000	0.01778	0.00000
"C20_D011"	0.37535	0.35000	0.05000	-0.05000	0.02535	0.00000
"C20_D006"	0.37344	0.35000	0.05000	-0.05000	0.02344	0.00000
"C20_D001"	0.37731	0.35000	0.05000	-0.05000	0.02731	0.00000
"C18_CD001"	1.10203	1.09000	0.10000	-0.10000	0.01203	0.00000
"C11D"	37.47197	37.47000	0.13000	-0.13000	0.00197	0.00000
"C21"	0.06098	0.00000	0.10000	0.00000	0.06098	0.00000
":END"
":BEGIN"	"09:14:26 13:12:34"
"PATTERN: ADM6-60-01.5[-L][-S][-SLT]-4[-0][-1][-2][-A][-TR][-FR]"
"DISPLAY: accelerate_M20_V14 (Flash)"
"UNIT: "
"C20_A001"	0.37024	0.35000	0.05000	-0.05000	0.02024	0.00000
"C20_A006"	0.36484	0.35000	0.05000	-0.05000	0.01484	0.00000
"C20_A011"	0.37170	0.35000	0.05000	-0.05000	0.02170	0.00000
"C20_A016"	0.36665	0.35000	0.05000	-0.05000	0.01665	0.00000
"C20_A021"	0.37363	0.35000	0.05000	-0.05000	0.02363	0.00000
"C20_A026"	0.37467	0.35000	0.05000	-0.05000	0.02467	0.00000
"C20_A031"	0.36638	0.35000	0.05000	-0.05000	0.01638	0.00000
"C20_A036"	0.34466	0.35000	0.05000	-0.05000	-0.00534	0.00000
"C20_A041"	0.36198	0.35000	0.05000	-0.05000	0.01198	0.00000
"C20_A046"	0.34956	0.35000	0.05000	-0.05000	-0.00044	0.00000
"C20_A051"	0.34457	0.35000	0.05000	-0.05000	-0.00543	0.00000
"C20_A056"	0.34409	0.35000	0.05000	-0.05000	-0.00591	0.00000
"C20_A060"	0.34047	0.35000	0.05000	-0.05000	-0.00953	0.00000
"C11A"	37.45783	37.47000	0.13000	-0.13000	-0.01217	0.00000
"C20_B060"	0.35341	0.35000	0.05000	-0.05000	0.00341	0.00000
"C18_AB060"	1.10632	1.09000	0.10000	-0.10000	0.01632	0.00000
"C20_B056"	0.35178	0.35000	0.05000	-0.05000	0.00178	0.00000
"C20_B051"	0.34866	0.35000	0.05000	-0.05000	-0.00134	0.00000
"C20_B046"	0.35669	0.35000	0.05000	-0.05000	0.00669	0.00000
"C20_B041"	0.36209	0.35000	0.05000	-0.05000	0.01209	0.00000
"C20_B036"	0.35388	0.35000	0.05000	-0.05000	0.00388	0.00000
"C20_B031"	0.36310	0.35000	0.05000	-0.05000	0.01310	0.00000
"C20_B026"	0.36572	0.35000	0.05000	-0.05000	0.01572	0.00000
"C20_B021"	0.35974	0.35000	0.05000	-0.05000	0.00974	0.00000
"C20_B016"	0.36034	0.35000	0.05000	-0.05000	0.01034	0.00000
"C20_B011"	0.35913	0.35000	0.05000	-0.05000	0.00913	0.00000
"C20_B006"	0.35989	0.35000	0.05000	-0.05000	0.00989	0.00000
"C20_B001"	0.35794	0.35000	0.05000	-0.05000	0.00794	0.00000
"C18_AB001"	1.11913	1.09000	0.10000	-0.10000	0.02913	0.00000
"C11B"	37.47370	37.47000	0.13000	-0.13000	0.00370	0.00000
"C20_C001"	0.34139	0.35000	0.05000	-0.05000	-0.00861	0.00000
"C19_BC001"	1.42055	1.45000	0.10000	-0.10000	-0.02945	0.00000
"C20_C006"	0.33428	0.35000	0.05000	-0.05000	-0.01572	0.00000
"C20_C011"	0.33617	0.35000	0.05000	-0.05000	-0.01383	0.00000
"C20_C016"	0.33009	0.35000	0.05000	-0.05000	-0.01991	0.00000
"C20_C021"	0.33390	0.35000	0.05000	-0.05000	-0.01610	0.00000
"C20_C026"	0.33816	0.35000	0.05000	-0.05000	-0.01184	0.00000
"C20_C031"	0.32846	0.35000	0.05000	-0.05000	-0.02154	0.00000
"C20_C036"	0.33391	0.35000	0.05000	-0.05000	-0.01609	0.00000
"C20_C041"	0.32394	0.35000	0.05000	-0.05000	-0.02606	0.00000
"C20_C046"	0.32136	0.35000	0.05000	-0.05000	-0.02864	0.00000
"C20_C051"	0.32412	0.35000	0.05000	-0.05000	-0.02588	0.00000
"C20_C056"	0.31628	0.35000	0.05000	-0.05000	-0.03372	0.00000
"C20_C060"	0.33417	0.35000	0.05000	-0.05000	-0.01583	0.00000
"C19_BC060"	1.42290	1.45000	0.10000	-0.10000	-0.02710	0.00000
"C11C"	37.47106	37.47000	0.13000	-0.13000	0.00106	0.00000
"C20_D060"	0.38311	0.35000	0.05000	-0.05000	0.03311	0.00000
"C18_CD060"	1.12375	1.09000	0.10000	-0.10000	0.03375	0.00000
"C20_D056"	0.36443	0.35000	0.05000	-0.05000	0.01443	0.00000
"C20_D051"	0.38032	0.35000	0.05000	-0.05000	0.03032	0.00000
"C20_D046"	0.37117	0.35000	0.05000	-0.05000	0.02117	0.00000
"C20_D041"	0.38125	0.35000	0.05000	-0.05000	0.03125	0.00000
"C20_D036"	0.38962	0.35000	0.05000	-0.05000	0.03962	0.00000
"C20_D031"	0.38397	0.35000	0.05000	-0.05000	0.03397	0.00000
"C20_D026"	0.38516	0.35000	0.05000	-0.05000	0.03516	0.00000
"C20_D021"	0.38608	0.35000	0.05000	-0.05000	0.03608	0.00000
"C20_D016"	0.36866	0.35000	0.05000	-0.05000	0.01866	0.00000
"C20_D011"	0.37514	0.35000	0.05000	-0.05000	0.02514	0.00000
"C20_D006"	0.37294	0.35000	0.05000	-0.05000	0.02294	0.00000
"C20_D001"	0.37616	0.35000	0.05000	-0.05000	0.02616	0.00000
"C18_CD001"	1.10609	1.09000	0.10000	-0.10000	0.01609	0.00000
"C11D"	37.47190	37.47000	0.13000	-0.13000	0.00190	0.00000
"C21"	0.06148	0.00000	0.10000	0.00000	0.06148	0.00000
":END"
":BEGIN"	"09:14:26 13:26:01"
"PATTERN: ADM6-60-01.5[-L][-S][-SLT]-4[-0][-1][-2][-A][-TR][-FR]"
"DISPLAY: accelerate_M20_V14 (Flash)"
"UNIT: "
"C20_A001"	0.37167	0.35000	0.05000	-0.05000	0.02167	0.00000
"C20_A006"	0.36339	0.35000	0.05000	-0.05000	0.01339	0.00000
"C20_A011"	0.36987	0.35000	0.05000	-0.05000	0.01987	0.00000
"C20_A016"	0.36696	0.35000	0.05000	-0.05000	0.01696	0.00000
"C20_A021"	0.37315	0.35000	0.05000	-0.05000	0.02315	0.00000
"C20_A026"	0.37511	0.35000	0.05000	-0.05000	0.02511	0.00000
"C20_A031"	0.36602	0.35000	0.05000	-0.05000	0.01602	0.00000
"C20_A036"	0.34927	0.35000	0.05000	-0.05000	-0.00073	0.00000
"C20_A041"	0.36191	0.35000	0.05000	-0.05000	0.01191	0.00000
"C20_A046"	0.34953	0.35000	0.05000	-0.05000	-0.00047	0.00000
"C20_A051"	0.34546	0.35000	0.05000	-0.05000	-0.00454	0.00000
"C20_A056"	0.34206	0.35000	0.05000	-0.05000	-0.00794	0.00000
"C20_A060"	0.33961	0.35000	0.05000	-0.05000	-0.01039	0.00000
"C11A"	37.45746	37.47000	0.13000	-0.13000	-0.01254	0.00000
"C20_B060"	0.35437	0.35000	0.05000	-0.05000	0.00437	0.00000
"C18_AB060"	1.10711	1.09000	0.10000	-0.10000	0.01711	0.00000
"C20_B056"	0.35250	0.35000	0.05000	-0.05000	0.00250	0.00000
"C20_B051"	0.34887	0.35000	0.05000	-0.05000	-0.00113	0.00000
"C20_B046"	0.35650	0.35000	0.05000	-0.05000	0.00650	0.00000
"C20_B041"	0.36179	0.35000	0.05000	-0.05000	0.01179	0.00000
"C20_B036"	0.35410	0.35000	0.05000	-0.05000	0.00410	0.00000
"C20_B031"	0.36350	0.35000	0.05000	-0.05000	0.01350	0.00000
"C20_B026"	0.36589	0.35000	0.05000	-0.05000	0.01589	0.00000
"C20_B021"	0.36011	0.35000	0.05000	-0.05000	0.01011	0.00000
"C20_B016"	0.36025	0.35000	0.05000	-0.05000	0.01025	0.00000
"C20_B011"	0.35945	0.35000	0.05000	-0.05000	0.00945	0.00000
"C20_B006"	0.36035	0.35000	0.05000	-0.05000	0.01035	0.00000
"C20_B001"	0.35763	0.35000	0.05000	-0.05000	0.00763	0.00000
"C18_AB001"	1.11894	1.09000	0.10000	-0.10000	0.02894	0.00000
"C11B"	37.47228	37.47000	0.13000	-0.13000	0.00228	0.00000
"C20_C001"	0.33815	0.35000	0.05000	-0.05000	-0.01185	0.00000
"C19_BC001"	1.42059	1.45000	0.10000	-0.10000	-0.02941	0.00000
"C20_C006"	0.33382	0.35000	0.05000	-0.05000	-0.01618	0.00000
"C20_C011"	0.33583	0.35000	0.05000	-0.05000	-0.01417	0.00000
"C20_C016"	0.32984	0.35000	0.05000	-0.05000	-0.02016	0.00000
"C20_C021"	0.33447	0.35000	0.05000	-0.05000	-0.01553	0.00000
"C20_C026"	0.33931	0.35000	0.05000	-0.05000	-0.01069	0.00000
"C20_C031"	0.32882	0.35000	0.05000	-0.05000	-0.02118	0.00000
"C20_C036"	0.33341	0.35000	0.05000	-0.05000	-0.01659	0.00000
"C20_C041"	0.32451	0.35000	0.05000	-0.05000	-0.02549	0.00000
"C20_C046"	0.32215	0.35000	0.05000	-0.05000	-0.02785	0.00000
"C20_C051"	0.32438	0.35000	0.05000	-0.05000	-0.02562	0.00000
"C20_C056"	0.31647	0.35000	0.05000	-0.05000	-0.03353	0.00000
"C20_C060"	0.33421	0.35000	0.05000	-0.05000	-0.01579	0.00000
"C19_BC060"	1.42218	1.45000	0.10000	-0.10000	-0.02782	0.00000
"C11C"	37.47144	37.47000	0.13000	-0.13000	0.00144	0.00000
"C20_D060"	0.38327	0.35000	0.05000	-0.05000	0.03327	0.00000
"C18_CD060"	1.12344	1.09000	0.10000	-0.10000	0.03344	0.00000
"C20_D056"	0.36485	0.35000	0.05000	-0.05000	0.01485	0.00000
"C20_D051"	0.37961	0.35000	0.05000	-0.05000	0.02961	0.00000
"C20_D046"	0.37223	0.35000	0.05000	-0.05000	0.02223	0.00000
"C20_D041"	0.38149	0.35000	0.05000	-0.05000	0.03149	0.00000
"C20_D036"	0.38880	0.35000	0.05000	-0.05000	0.03880	0.00000
"C20_D031"	0.38456	0.35000	0.05000	-0.05000	0.03456	0.00000
"C20_D026"	0.38481	0.35000	0.05000	-0.05000	0.03481	0.00000
"C20_D021"	0.38578	0.35000	0.05000	-0.05000	0.03578	0.00000
"C20_D016"	0.36818	0.35000	0.05000	-0.05000	0.01818	0.00000
"C20_D011"	0.37623	0.35000	0.05000	-0.05000	0.02623	0.00000
"C20_D006"	0.37312	0.35000	0.05000	-0.05000	0.02312	0.00000
"C20_D001"	0.37664	0.35000	0.05000	-0.05000	0.02664	0.00000
"C18_CD001"	1.10568	1.09000	0.10000	-0.10000	0.01568	0.00000
"C11D"	37.47192	37.47000	0.13000	-0.13000	0.00192	0.00000
"C21"	0.06116	0.00000	0.10000	0.00000	0.06116	0.00000
":END"
":BEGIN"	"09:14:26 13:39:27"
"PATTERN: ADM6-60-01.5[-L][-S][-SLT]-4[-0][-1][-2][-A][-TR][-FR]"
"DISPLAY: accelerate_M20_V14 (Flash)"
"UNIT: "
"C20_A001"	0.37036	0.35000	0.05000	-0.05000	0.02036	0.00000
"C20_A006"	0.36529	0.35000	0.05000	-0.05000	0.01529	0.00000
"C20_A011"	0.37096	0.35000	0.05000	-0.05000	0.02096	0.00000
"C20_A016"	0.36992	0.35000	0.05000	-0.05000	0.01992	0.00000
"C20_A021"	0.37292	0.35000	0.05000	-0.05000	0.02292	0.00000
"C20_A026"	0.37465	0.35000	0.05000	-0.05000	0.02465	0.00000
"C20_A031"	0.36536	0.35000	0.05000	-0.05000	0.01536	0.00000
"C20_A036"	0.34981	0.35000	0.05000	-0.05000	-0.00019	0.00000
"C20_A041"	0.36215	0.35000	0.05000	-0.05000	0.01215	0.00000
"C20_A046"	0.34990	0.35000	0.05000	-0.05000	-0.00010	0.00000
"C20_A051"	0.34489	0.35000	0.05000	-0.05000	-0.00511	0.00000
"C20_A056"	0.34291	0.35000	0.05000	-0.05000	-0.00709	0.00000
"C20_A060"	0.34104	0.35000	0.05000	-0.05000	-0.00896	0.00000
"C11A"	37.45848	37.47000	0.13000	-0.13000	-0.01152	0.00000
"C20_B060"	0.35421	0.35000	0.05000	-0.05000	0.00421	0.00000
"C18_AB060"	1.11018	1.09000	0.10000	-0.10000	0.02018	0.00000
"C20_B056"	0.35163	0.35000	0.05000	-0.05000	0.00163	0.00000
"C20_B051"	0.34870	0.35000	0.05000	-0.05000	-0.00130	0.00000
"C20_B046"	0.35659	0.35000	0.05000	-0.05000	0.00659	0.00000
"C20_B041"	0.36173	0.35000	0.05000	-0.05000	0.01173	0.00000
"C20_B036"	0.35496	0.35000	0.05000	-0.05000	0.00496	0.00000
"C20_B031"	0.36372	0.35000	0.05000	-0.05000	0.01372	0.00000
"C20_B026"	0.36490	0.35000	0.05000	-0.05000	0.01490	0.00000
"C20_B021"	0.35857	0.35000	0.05000	-0.05000	0.00857	0.00000
"C20_B016"	0.36071	0.35000	0.05000	-0.05000	0.01071	0.00000
"C20_B011"	0.35842	0.35000	0.05000	-0.05000	0.00842	0.00000
"C20_B006"	0.35943	0.35000	0.05000	-0.05000	0.00943	0.00000
"C20_B001"	0.35906	0.35000	0.05000	-0.05000	0.00906	0.00000
"C18_AB001"	1.11946	1.09000	0.10000	-0.10000	0.02946	0.00000
"C11B"	37.47457	37.47000	0.13000	-0.13000	0.00457	0.00000
"C20_C001"	0.34111	0.35000	0.05000	-0.05000	-0.00889	0.00000
"C19_BC001"	1.42427	1.45000	0.10000	-0.10000	-0.02573	0.00000
"C20_C006"	0.33381	0.35000	0.05000	-0.05000	-0.01619	0.00000
"C20_C011"	0.33621	0.35000	0.05000	-0.05000	-0.01379	0.00000
"C20_C016"	0.33074	0.35000	0.05000	-0.05000	-0.01926	0.00000
"C20_C021"	0.33290	0.35000	0.05000	-0.05000	-0.01710	0.00000
"C20_C026"	0.33788	0.35000	0.05000	-0.05000	-0.01212	0.00000
"C20_C031"	0.32907	0.35000	0.05000	-0.05000	-0.02093	0.00000
"C20_C036"	0.33517	0.35000	0.05000	-0.05000	-0.01483	0.00000
"C20_C041"	0.32344	0.35000	0.05000	-0.05000	-0.02656	0.00000
"C20_C046"	0.32184	0.35000	0.05000	-0.05000	-0.02816	0.00000
"C20_C051"	0.32529	0.35000	0.05000	-0.05000	-0.02471	0.00000
"C20_C056"	0.31519	0.35000	0.05000	-0.05000	-0.03481	0.00000
"C20_C060"	0.33505	0.35000	0.05000	-0.05000	-0.01495	0.00000
"C19_BC060"	1.41938	1.45000	0.10000	-0.10000	-0.03062	0.00000
"C11C"	37.47205	37.47000	0.13000	-0.13000	0.00205	0.00000
"C20_D060"	0.38424	0.35000	0.05000	-0.05000	0.03424	0.00000
"C18_CD060"	1.12535	1.09000	0.10000	-0.10000	0.03535	0.00000
"C20_D056"	0.36479	0.35000	0.05000	-0.05000	0.01479	0.00000
"C20_D051"	0.38008	0.35000	0.05000	-0.05000	0.03008	0.00000
"C20_D046"	0.37164	0.35000	0.05000	-0.05000	0.02164	0.00000
"C20_D041"	0.38067	0.35000	0.05000	-0.05000	0.03067	0.00000
"C20_D036"	0.38946	0.35000	0.05000	-0.05000	0.03946	0.00000
"C20_D031"	0.38344	0.35000	0.05000	-0.05000	0.03344	0.00000
"C20_D026"	0.38580	0.35000	0.05000	-0.05000	0.03580	0.00000
"C20_D021"	0.38669	0.35000	0.05000	-0.05000	0.03669	0.00000
"C20_D016"	0.36856	0.35000	0.05000	-0.05000	0.01856	0.00000
"C20_D011"	0.37516	0.35000	0.05000	-0.05000	0.02516	0.00000
"C20_D006"	0.37354	0.35000	0.05000	-0.05000	0.02354	0.00000
"C20_D001"	0.37665	0.35000	0.05000	-0.05000	0.02665	0.00000
"C18_CD001"	1.10230	1.09000	0.10000	-0.10000	0.01230	0.00000
"C11D"	37.47424	37.47000	0.13000	-0.13000	0.00424	0.00000
"C21"	0.06121	0.00000	0.10000	0.00000	0.06121	0.00000
":END"
":BEGIN"	"09:14:26 13:52:48"
"PATTERN: ADM6-60-01.5[-L][-S][-SLT]-4[-0][-1][-2][-A][-TR][-FR]"
"DISPLAY: accelerate_M20_V14 (Flash)"
"UNIT: "
"C20_A001"	0.37061	0.35000	0.05000	-0.05000	0.02061	0.00000
"C20_A006"	0.36275	0.35000	0.05000	-0.05000	0.01275	0.00000
"C20_A011"	0.36996	0.35000	0.05000	-0.05000	0.01996	0.00000
"C20_A016"	0.36554	0.35000	0.05000	-0.05000	0.01554	0.00000
"C20_A021"	0.37034	0.35000	0.05000	-0.05000	0.02034	0.00000
"C20_A026"	0.37354	0.35000	0.05000	-0.05000	0.02354	0.00000
"C20_A031"	0.36642	0.35000	0.05000	-0.05000	0.01642	0.00000
"C20_A036"	0.34890	0.35000	0.05000	-0.05000	-0.00110	0.00000
"C20_A041"	0.36071	0.35000	0.05000	-0.05000	0.01071	0.00000
"C20_A046"	0.34896	0.35000	0.05000	-0.05000	-0.00104	0.00000
"C20_A051"	0.34380	0.35000	0.05000	-0.05000	-0.00620	0.00000
"C20_A056"	0.34295	0.35000	0.05000	-0.05000	-0.00705	0.00000
"C20_A060"	0.34117	0.35000	0.05000	-0.05000	-0.00883	0.00000
"C11A"	37.45899	37.47000	0.13000	-0.13000	-0.01101	0.00000
"C20_B060"	0.35342	0.35000	0.05000	-0.05000	0.00342	0.00000
"C18_AB060"	1.10663	1.09000	0.10000	-0.10000	0.01663	0.00000
"C20_B056"	0.35210	0.35000	0.05000	-0.05000	0.00210	0.00000
"C20_B051"	0.34796	0.35000	0.05000	-0.05000	-0.00204	0.00000
"C20_B046"	0.35686	0.35000	0.05000	-0.05000	0.00686	0.00000
"C20_B041"	0.36231	0.35000	0.05000	-0.05000	0.01231	0.00000
"C20_B036"	0.35294	0.35000	0.05000	-0.05000	0.00294	0.00000
"C20_B031"	0.36358	0.35000	0.05000	-0.05000	0.01358	0.00000
"C20_B026"	0.36546	0.35000	0.05000	-0.05000	0.01546	0.00000
"C20_B021"	0.35745	0.35000	0.05000	-0.05000	0.00745	0.00000
"C20_B016"	0.36004	0.35000	0.05000	-0.05000	0.01004	0.00000
"C20_B011"	0.35845	0.35000	0.05000	-0.05000	0.00845	0.00000
"C20_B006"	0.36015	0.35000	0.05000	-0.05000	0.01015	0.00000
"C20_B001"	0.35842	0.35000	0.05000	-0.05000	0.00842	0.00000
"C18_AB001"	1.12960	1.09000	0.10000	-0.10000	0.03960	0.00000
"C11B"	37.47533	37.47000	0.13000	-0.13000	0.00533	0.00000
"C20_C001"	0.33932	0.35000	0.05000	-0.05000	-0.01068	0.00000
"C19_BC001"	1.42086	1.45000	0.10000	-0.10000	-0.02914	0.00000
"C20_C006"	0.33399	0.35000	0.05000	-0.05000	-0.01601	0.00000
"C20_C011"	0.33637	0.35000	0.05000	-0.05000	-0.01363	0.00000
"C20_C016"	0.33013	0.35000	0.05000	-0.05000	-0.01987	0.00000
"C20_C021"	0.33351	0.35000	0.05000	-0.05000	-0.01649	0.00000
"C20_C026"	0.33932	0.35000	0.05000	-0.05000	-0.01068	0.00000
"C20_C031"	0.32841	0.35000	0.05000	-0.05000	-0.02159	0.00000
"C20_C036"	0.33409	0.35000	0.05000	-0.05000	-0.01591	0.00000
"C20_C041"	0.32373	0.35000	0.05000	-0.05000	-0.02627	0.00000
"C20_C046"	0.32234	0.35000	0.05000	-0.05000	-0.02766	0.00000
"C20_C051"	0.32420	0.35000	0.05000	-0.05000	-0.02580	0.00000
"C20_C056"	0.31644	0.35000	0.05000	-0.05000	-0.03356	0.00000
"C20_C060"	0.33513	0.35000	0.05000	-0.05000	-0.01487	0.00000
"C19_BC060"	1.43762	1.45000	0.10000	-0.10000	-0.01238	0.00000
"C11C"	37.47169	37.47000	0.13000	-0.13000	0.00169	0.00000
"C20_D060"	0.38328	0.35000	0.05000	-0.05000	0.03328	0.00000
"C18_CD060"	1.10919	1.09000	0.10000	-0.10000	0.01919	0.00000
"C20_D056"	0.36443	0.35000	0.05000	-0.05000	0.01443	0.00000
"C20_D051"	0.38109	0.35000	0.05000	-0.05000	0.03109	0.00000
"C20_D046"	0.37135	0.35000	0.05000	-0.05000	0.02135	0.00000
"C20_D041"	0.38168	0.35000	0.05000	-0.05000	0.03168	0.00000
"C20_D036"	0.38972	0.35000	0.05000	-0.05000	0.03972	0.00000
"C20_D031"	0.38240	0.35000	0.05000	-0.05000	0.03240	0.00000
"C20_D026"	0.38514	0.35000	0.05000	-0.05000	0.03514	0.00000
"C20_D021"	0.38587	0.35000	0.05000	-0.05000	0.03587	0.00000
"C20_D016"	0.36794	0.35000	0.05000	-0.05000	0.01794	0.00000
"C20_D011"	0.37541	0.35000	0.05000	-0.05000	0.02541	0.00000
"C20_D006"	0.37393	0.35000	0.05000	-0.05000	0.02393	0.00000
"C20_D001"	0.37605	0.35000	0.05000	-0.05000	0.02605	0.00000
"C18_CD001"	1.10549	1.09000	0.10000	-0.10000	0.01549	0.00000
"C11D"	37.47289	37.47000	0.13000	-0.13000	0.00289	0.00000
"C21"	0.06193	0.00000	0.10000	0.00000	0.06193	0.00000
":END"
":BEGIN"	"09:14:26 14:05:56"
"PATTERN: ADM6-60-01.5[-L][-S][-SLT]-4[-0][-1][-2][-A][-TR][-FR]"
"DISPLAY: accelerate_M20_V14 (Flash)"
"UNIT: "
"C20_A001"	0.37026	0.35000	0.05000	-0.05000	0.02026	0.00000
"C20_A006"	0.36453	0.35000	0.05000	-0.05000	0.01453	0.00000
"C20_A011"	0.37022	0.35000	0.05000	-0.05000	0.02022	0.00000
"C20_A016"	0.36814	0.35000	0.05000	-0.05000	0.01814	0.00000
"C20_A021"	0.37147	0.35000	0.05000	-0.05000	0.02147	0.00000
"C20_A026"	0.37399	0.35000	0.05000	-0.05000	0.02399	0.00000
"C20_A031"	0.36595	0.35000	0.05000	-0.05000	0.01595	0.00000
"C20_A036"	0.34758	0.35000	0.05000	-0.05000	-0.00242	0.00000
"C20_A041"	0.36185	0.35000	0.05000	-0.05000	0.01185	0.00000
"C20_A046"	0.34969	0.35000	0.05000	-0.05000	-0.00031	0.00000
"C20_A051"	0.34443	0.35000	0.05000	-0.05000	-0.00557	0.00000
"C20_A056"	0.34307	0.35000	0.05000	-0.05000	-0.00693	0.00000
"C20_A060"	0.33961	0.35000	0.05000	-0.05000	-0.01039	0.00000
"C11A"	37.45771	37.47000	0.13000	-0.13000	-0.01229	0.00000
"C20_B060"	0.35466	0.35000	0.05000	-0.05000	0.00466	0.00000
"C18_AB060"	1.11055	1.09000	0.10000	-0.10000	0.02055	0.00000
"C20_B056"	0.35174	0.35000	0.05000	-0.05000	0.00174	0.00000
"C20_B051"	0.34861	0.35000	0.05000	-0.05000	-0.00139	0.00000
"C20_B046"	0.35665	0.35000	0.05000	-0.05000	0.00665	0.00000
"C20_B041"	0.36277	0.35000	0.05000	-0.05000	0.01277	0.00000
"C20_B036"	0.35242	0.35000	0.05000	-0.05000	0.00242	0.00000
"C20_B031"	0.36405	0.35000	0.05000	-0.05000	0.01405	0.00000
"C20_B026"	0.36633	0.35000	0.05000	-0.05000	0.01633	0.00000
"C20_B021"	0.35823	0.35000	0.05000	-0.05000	0.00823	0.00000
"C20_B016"	0.36002	0.35000	0.05000	-0.05000	0.01002	0.00000
"C20_B011"	0.35801	0.35000	0.05000	-0.05000	0.00801	0.00000
"C20_B006"	0.35942	0.35000	0.05000	-0.05000	0.00942	0.00000
"C20_B001"	0.35804	0.35000	0.05000	-0.05000	0.00804	0.00000
"C18_AB001"	1.12868	1.09000	0.10000	-0.10000	0.03868	0.00000
"C11B"	37.47309	37.47000	0.13000	-0.13000	0.00309	0.00000
"C20_C001"	0.33801	0.35000	0.05000	-0.05000	-0.01199	0.00000
"C19_BC001"	1.42479	1.45000	0.10000	-0.10000	-0.02521	0.00000
"C20_C006"	0.33384	0.35000	0.05000	-0.05000	-0.01616	0.00000
"C20_C011"	0.33607	0.35000	0.05000	-0.05000	-0.01393	0.00000
"C20_C016"	0.32976	0.35000	0.05000	-0.05000	-0.02024	0.00000
"C20_C021"	0.33345	0.35000	0.05000	-0.05000	-0.01655	0.00000
"C20_C026"	0.33896	0.35000	0.05000	-0.05000	-0.01104	0.00000
"C20_C031"	0.32900	0.35000	0.05000	-0.05000	-0.02100	0.00000
"C20_C036"	0.33358	0.35000	0.05000	-0.05000	-0.01642	0.00000
"C20_C041"	0.32312	0.35000	0.05000	-0.05000	-0.02688	0.00000
"C20_C046"	0.32210	0.35000	0.05000	-0.05000	-0.02790	0.00000
"C20_C051"	0.32452	0.35000	0.05000	-0.05000	-0.02548	0.00000
"C20_C056"	0.31601	0.35000	0.05000	-0.05000	-0.03399	0.00000
"C20_C060"	0.33394	0.35000	0.05000	-0.05000	-0.01606	0.00000
"C19_BC060"	1.40451	1.45000	0.10000	-0.10000	-0.04549	0.00000
"C11C"	37.47115	37.47000	0.13000	-0.13000	0.00115	0.00000
"C20_D060"	0.38293	0.35000	0.05000	-0.05000	0.03293	0.00000
"C18_CD060"	1.13867	1.09000	0.10000	-0.10000	0.04867	0.00000
"C20_D056"	0.36416	0.35000	0.05000	-0.05000	0.01416	0.00000
"C20_D051"	0.38085	0.35000	0.05000	-0.05000	0.03085	0.00000
"C20_D046"	0.37186	0.35000	0.05000	-0.05000	0.02186	0.00000
"C20_D041"	0.38126	0.35000	0.05000	-0.05000	0.03126	0.00000
"C20_D036"	0.39012	0.35000	0.05000	-0.05000	0.04012	0.00000
"C20_D031"	0.38315	0.35000	0.05000	-0.05000	0.03315	0.00000
"C20_D026"	0.38526	0.35000	0.05000	-0.05000	0.03526	0.00000
"C20_D021"	0.38629	0.35000	0.05000	-0.05000	0.03629	0.00000
"C20_D016"	0.36842	0.35000	0.05000	-0.05000	0.01842	0.00000
"C20_D011"	0.37578	0.35000	0.05000	-0.05000	0.02578	0.00000
"C20_D006"	0.37307	0.35000	0.05000	-0.05000	0.02307	0.00000
"C20_D001"	0.37594	0.35000	0.05000	-0.05000	0.02594	0.00000
"C18_CD001"	1.10190	1.09000	0.10000	-0.10000	0.01190	0.00000
"C11D"	37.47121	37.47000	0.13000	-0.13000	0.00121	0.00000
"C21"	0.06129	0.00000	0.10000	0.00000	0.06129	0.00000
":END"
":BEGIN"	"09:16:26 06:03:06"
"PATTERN: ADM6-60-01.5[-L][-S][-SLT]-4[-0][-1][-2][-A][-TR][-FR]"
"DISPLAY: accelerate_M20_V14 (Flash)"
"UNIT: "
"C20_A001"	0.35607	0.35000	0.05000	-0.05000	0.00607	0.00000
"C20_A006"	0.36344	0.35000	0.05000	-0.05000	0.01344	0.00000
"C20_A011"	0.36692	0.35000	0.05000	-0.05000	0.01692	0.00000
"C20_A016"	0.36479	0.35000	0.05000	-0.05000	0.01479	0.00000
"C20_A021"	0.37448	0.35000	0.05000	-0.05000	0.02448	0.00000
"C20_A026"	0.35345	0.35000	0.05000	-0.05000	0.00345	0.00000
"C20_A031"	0.36973	0.35000	0.05000	-0.05000	0.01973	0.00000
"C20_A036"	0.35864	0.35000	0.05000	-0.05000	0.00864	0.00000
"C20_A041"	0.35993	0.35000	0.05000	-0.05000	0.00993	0.00000
"C20_A046"	0.35469	0.35000	0.05000	-0.05000	0.00469	0.00000
"C20_A051"	0.35811	0.35000	0.05000	-0.05000	0.00811	0.00000
"C20_A056"	0.33535	0.35000	0.05000	-0.05000	-0.01465	0.00000
"C20_A060"	0.34274	0.35000	0.05000	-0.05000	-0.00726	0.00000
"C11A"	37.45993	37.47000	0.13000	-0.13000	-0.01007	0.00000
"C20_B060"	0.34060	0.35000	0.05000	-0.05000	-0.00940	0.00000
"C18_AB060"	1.11650	1.09000	0.10000	-0.10000	0.02650	0.00000
"C20_B056"	0.33426	0.35000	0.05000	-0.05000	-0.01574	0.00000
"C20_B051"	0.35064	0.35000	0.05000	-0.05000	0.00064	0.00000
"C20_B046"	0.34580	0.35000	0.05000	-0.05000	-0.00420	0.00000
"C20_B041"	0.35900	0.35000	0.05000	-0.05000	0.00900	0.00000
"C20_B036"	0.35995	0.35000	0.05000	-0.05000	0.00995	0.00000
"C20_B031"	0.35744	0.35000	0.05000	-0.05000	0.00744	0.00000
"C20_B026"	0.35685	0.35000	0.05000	-0.05000	0.00685	0.00000
"C20_B021"	0.36793	0.35000	0.05000	-0.05000	0.01793	0.00000
"C20_B016"	0.35547	0.35000	0.05000	-0.05000	0.00547	0.00000
"C20_B011"	0.34763	0.35000	0.05000	-0.05000	-0.00237	0.00000
"C20_B006"	0.34752	0.35000	0.05000	-0.05000	-0.00248	0.00000
"C20_B001"	0.33542	0.35000	0.05000	-0.05000	-0.01458	0.00000
"C18_AB001"	1.13011	1.09000	0.10000	-0.10000	0.04011	0.00000
"C11B"	37.47871	37.47000	0.13000	-0.13000	0.00871	0.00000
"C20_C001"	0.35279	0.35000	0.05000	-0.05000	0.00279	0.00000
"C19_BC001"	1.41655	1.45000	0.10000	-0.10000	-0.03345	0.00000
"C20_C006"	0.33664	0.35000	0.05000	-0.05000	-0.01336	0.00000
"C20_C011"	0.33431	0.35000	0.05000	-0.05000	-0.01569	0.00000
"C20_C016"	0.33302	0.35000	0.05000	-0.05000	-0.01698	0.00000
"C20_C021"	0.32932	0.35000	0.05000	-0.05000	-0.02068	0.00000
"C20_C026"	0.32742	0.35000	0.05000	-0.05000	-0.02258	0.00000
"C20_C031"	0.33317	0.35000	0.05000	-0.05000	-0.01683	0.00000
"C20_C036"	0.31462	0.35000	0.05000	-0.05000	-0.03538	0.00000
"C20_C041"	0.33121	0.35000	0.05000	-0.05000	-0.01879	0.00000
"C20_C046"	0.31481	0.35000	0.05000	-0.05000	-0.03519	0.00000
"C20_C051"	0.31865	0.35000	0.05000	-0.05000	-0.03135	0.00000
"C20_C056"	0.31295	0.35000	0.05000	-0.05000	-0.03705	0.00000
"C20_C060"	0.31081	0.35000	0.05000	-0.05000	-0.03919	0.00000
"C19_BC060"	1.40940	1.45000	0.10000	-0.10000	-0.04060	0.00000
"C11C"	37.46940	37.47000	0.13000	-0.13000	-0.00060	0.00000
"C20_D060"	0.37501	0.35000	0.05000	-0.05000	0.02501	0.00000
"C18_CD060"	1.12694	1.09000	0.10000	-0.10000	0.03694	0.00000
"C20_D056"	0.36606	0.35000	0.05000	-0.05000	0.01606	0.00000
"C20_D051"	0.38738	0.35000	0.05000	-0.05000	0.03738	0.00000
"C20_D046"	0.37380	0.35000	0.05000	-0.05000	0.02380	0.00000
"C20_D041"	0.37090	0.35000	0.05000	-0.05000	0.02090	0.00000
"C20_D036"	0.36162	0.35000	0.05000	-0.05000	0.01162	0.00000
"C20_D031"	0.38022	0.35000	0.05000	-0.05000	0.03022	0.00000
"C20_D026"	0.36234	0.35000	0.05000	-0.05000	0.01234	0.00000
"C20_D021"	0.36529	0.35000	0.05000	-0.05000	0.01529	0.00000
"C20_D016"	0.35831	0.35000	0.05000	-0.05000	0.00831	0.00000
"C20_D011"	0.35640	0.35000	0.05000	-0.05000	0.00640	0.00000
"C20_D006"	0.37042	0.35000	0.05000	-0.05000	0.02042	0.00000
"C20_D001"	0.38578	0.35000	0.05000	-0.05000	0.03578	0.00000
"C18_CD001"	1.10107	1.09000	0.10000	-0.10000	0.01107	0.00000
"C11D"	37.46461	37.47000	0.13000	-0.13000	-0.00539	0.00000
"C21"	0.07165	0.00000	0.10000	0.00000	0.07165	0.00000
":END"
":BEGIN"	"09:16:26 06:16:36"
"PATTERN: ADM6-60-01.5[-L][-S][-SLT]-4[-0][-1][-2][-A][-TR][-FR]"
"DISPLAY: accelerate_M20_V14 (Flash)"
"UNIT: "
"C20_A001"	0.35600	0.35000	0.05000	-0.05000	0.00600	0.00000
"C20_A006"	0.36486	0.35000	0.05000	-0.05000	0.01486	0.00000
"C20_A011"	0.36633	0.35000	0.05000	-0.05000	0.01633	0.00000
"C20_A016"	0.36614	0.35000	0.05000	-0.05000	0.01614	0.00000
"C20_A021"	0.37614	0.35000	0.05000	-0.05000	0.02614	0.00000
"C20_A026"	0.35381	0.35000	0.05000	-0.05000	0.00381	0.00000
"C20_A031"	0.36942	0.35000	0.05000	-0.05000	0.01942	0.00000
"C20_A036"	0.35966	0.35000	0.05000	-0.05000	0.00966	0.00000
"C20_A041"	0.36009	0.35000	0.05000	-0.05000	0.01009	0.00000
"C20_A046"	0.35481	0.35000	0.05000	-0.05000	0.00481	0.00000
"C20_A051"	0.35842	0.35000	0.05000	-0.05000	0.00842	0.00000
"C20_A056"	0.33550	0.35000	0.05000	-0.05000	-0.01450	0.00000
"C20_A060"	0.34350	0.35000	0.05000	-0.05000	-0.00650	0.00000
"C11A"	37.45973	37.47000	0.13000	-0.13000	-0.01027	0.00000
"C20_B060"	0.34008	0.35000	0.05000	-0.05000	-0.00992	0.00000
"C18_AB060"	1.11490	1.09000	0.10000	-0.10000	0.02490	0.00000
"C20_B056"	0.33597	0.35000	0.05000	-0.05000	-0.01403	0.00000
"C20_B051"	0.35267	0.35000	0.05000	-0.05000	0.00267	0.00000
"C20_B046"	0.34584	0.35000	0.05000	-0.05000	-0.00416	0.00000
"C20_B041"	0.35813	0.35000	0.05000	-0.05000	0.00813	0.00000
"C20_B036"	0.36013	0.35000	0.05000	-0.05000	0.01013	0.00000
"C20_B031"	0.35581	0.35000	0.05000	-0.05000	0.00581	0.00000
"C20_B026"	0.35641	0.35000	0.05000	-0.05000	0.00641	0.00000
"C20_B021"	0.37177	0.35000	0.05000	-0.05000	0.02177	0.00000
"C20_B016"	0.35519	0.35000	0.05000	-0.05000	0.00519	0.00000
"C20_B011"	0.34710	0.35000	0.05000	-0.05000	-0.00290	0.00000
"C20_B006"	0.34811	0.35000	0.05000	-0.05000	-0.00189	0.00000
"C20_B001"	0.33569	0.35000	0.05000	-0.05000	-0.01431	0.00000
"C18_AB001"	1.12805	1.09000	0.10000	-0.10000	0.03805	0.00000
"C11B"	37.47885	37.47000	0.13000	-0.13000	0.00885	0.00000
"C20_C001"	0.35326	0.35000	0.05000	-0.05000	0.00326	0.00000
"C19_BC001"	1.41663	1.45000	0.10000	-0.10000	-0.03337	0.00000
"C20_C006"	0.33769	0.35000	0.05000	-0.05000	-0.01231	0.00000
"C20_C011"	0.33509	0.35000	0.05000	-0.05000	-0.01491	0.00000
"C20_C016"	0.33378	0.35000	0.05000	-0.05000	-0.01622	0.00000
"C20_C021"	0.33055	0.35000	0.05000	-0.05000	-0.01945	0.00000
"C20_C026"	0.32867	0.35000	0.05000	-0.05000	-0.02132	0.00000
"C20_C031"	0.33385	0.35000	0.05000	-0.05000	-0.01615	0.00000
"C20_C036"	0.31545	0.35000	0.05000	-0.05000	-0.03455	0.00000
"C20_C041"	0.33081	0.35000	0.05000	-0.05000	-0.01919	0.00000
"C20_C046"	0.31437	0.35000	0.05000	-0.05000	-0.03563	0.00000
"C20_C051"	0.31941	0.35000	0.05000	-0.05000	-0.03059	0.00000
"C20_C056"	0.31258	0.35000	0.05000	-0.05000	-0.03742	0.00000
"C20_C060"	0.31261	0.35000	0.05000	-0.05000	-0.03739	0.00000
"C19_BC060"	1.41050	1.45000	0.10000	-0.10000	-0.03950	0.00000
"C11C"	37.46979	37.47000	0.13000	-0.13000	-0.00021	0.00000
"C20_D060"	0.37438	0.35000	0.05000	-0.05000	0.02438	0.00000
"C18_CD060"	1.12669	1.09000	0.10000	-0.10000	0.03669	0.00000
"C20_D056"	0.36517	0.35000	0.05000	-0.05000	0.01517	0.00000
"C20_D051"	0.38614	0.35000	0.05000	-0.05000	0.03614	0.00000
"C20_D046"	0.37287	0.35000	0.05000	-0.05000	0.02287	0.00000
"C20_D041"	0.37038	0.35000	0.05000	-0.05000	0.02038	0.00000
"C20_D036"	0.36116	0.35000	0.05000	-0.05000	0.01116	0.00000
"C20_D031"	0.37902	0.35000	0.05000	-0.05000	0.02902	0.00000
"C20_D026"	0.36125	0.35000	0.05000	-0.05000	0.01125	0.00000
"C20_D021"	0.36482	0.35000	0.05000	-0.05000	0.01482	0.00000
"C20_D016"	0.35741	0.35000	0.05000	-0.05000	0.00741	0.00000
"C20_D011"	0.35685	0.35000	0.05000	-0.05000	0.00685	0.00000
"C20_D006"	0.36975	0.35000	0.05000	-0.05000	0.01975	0.00000
"C20_D001"	0.38524	0.35000	0.05000	-0.05000	0.03524	0.00000
"C18_CD001"	1.10733	1.09000	0.10000	-0.10000	0.01733	0.00000
"C11D"	37.46466	37.47000	0.13000	-0.13000	-0.00534	0.00000
"C21"	0.07251	0.00000	0.10000	0.00000	0.07251	0.00000
":END"
":BEGIN"	"09:16:26 06:30:03"
"PATTERN: ADM6-60-01.5[-L][-S][-SLT]-4[-0][-1][-2][-A][-TR][-FR]"
"DISPLAY: accelerate_M20_V14 (Flash)"
"UNIT: "
"C20_A001"	0.35572	0.35000	0.05000	-0.05000	0.00572	0.00000
"C20_A006"	0.36362	0.35000	0.05000	-0.05000	0.01362	0.00000
"C20_A011"	0.36671	0.35000	0.05000	-0.05000	0.01671	0.00000
"C20_A016"	0.36465	0.35000	0.05000	-0.05000	0.01465	0.00000
"C20_A021"	0.37586	0.35000	0.05000	-0.05000	0.02586	0.00000
"C20_A026"	0.35354	0.35000	0.05000	-0.05000	0.00354	0.00000
"C20_A031"	0.36861	0.35000	0.05000	-0.05000	0.01861	0.00000
"C20_A036"	0.35992	0.35000	0.05000	-0.05000	0.00992	0.00000
"C20_A041"	0.35947	0.35000	0.05000	-0.05000	0.00947	0.00000
"C20_A046"	0.35458	0.35000	0.05000	-0.05000	0.00458	0.00000
"C20_A051"	0.35794	0.35000	0.05000	-0.05000	0.00794	0.00000
"C20_A056"	0.33518	0.35000	0.05000	-0.05000	-0.01482	0.00000
"C20_A060"	0.34359	0.35000	0.05000	-0.05000	-0.00641	0.00000
"C11A"	37.46004	37.47000	0.13000	-0.13000	-0.00996	0.00000
"C20_B060"	0.34056	0.35000	0.05000	-0.05000	-0.00944	0.00000
"C18_AB060"	1.11582	1.09000	0.10000	-0.10000	0.02582	0.00000
"C20_B056"	0.33598	0.35000	0.05000	-0.05000	-0.01402	0.00000
"C20_B051"	0.35033	0.35000	0.05000	-0.05000	0.00033	0.00000
"C20_B046"	0.34574	0.35000	0.05000	-0.05000	-0.00426	0.00000
"C20_B041"	0.35850	0.35000	0.05000	-0.05000	0.00850	0.00000
"C20_B036"	0.36104	0.35000	0.05000	-0.05000	0.01104	0.00000
"C20_B031"	0.35687	0.35000	0.05000	-0.05000	0.00687	0.00000
"C20_B026"	0.35692	0.35000	0.05000	-0.05000	0.00692	0.00000
"C20_B021"	0.37201	0.35000	0.05000	-0.05000	0.02201	0.00000
"C20_B016"	0.35541	0.35000	0.05000	-0.05000	0.00541	0.00000
"C20_B011"	0.34745	0.35000	0.05000	-0.05000	-0.00255	0.00000
"C20_B006"	0.34806	0.35000	0.05000	-0.05000	-0.00194	0.00000
"C20_B001"	0.33647	0.35000	0.05000	-0.05000	-0.01353	0.00000
"C18_AB001"	1.12816	1.09000	0.10000	-0.10000	0.03816	0.00000
"C11B"	37.47862	37.47000	0.13000	-0.13000	0.00862	0.00000
"C20_C001"	0.35295	0.35000	0.05000	-0.05000	0.00295	0.00000
"C19_BC001"	1.42396	1.45000	0.10000	-0.10000	-0.02604	0.00000
"C20_C006"	0.33711	0.35000	0.05000	-0.05000	-0.01289	0.00000
"C20_C011"	0.33600	0.35000	0.05000	-0.05000	-0.01400	0.00000
"C20_C016"	0.33453	0.35000	0.05000	-0.05000	-0.01547	0.00000
"C20_C021"	0.32981	0.35000	0.05000	-0.05000	-0.02019	0.00000
"C20_C026"	0.32784	0.35000	0.05000	-0.05000	-0.02216	0.00000
"C20_C031"	0.33374	0.35000	0.05000	-0.05000	-0.01626	0.00000
"C20_C036"	0.31528	0.35000	0.05000	-0.05000	-0.03472	0.00000
"C20_C041"	0.33002	0.35000	0.05000	-0.05000	-0.01998	0.00000
"C20_C046"	0.31341	0.35000	0.05000	-0.05000	-0.03659	0.00000
"C20_C051"	0.31900	0.35000	0.05000	-0.05000	-0.03100	0.00000
"C20_C056"	0.31222	0.35000	0.05000	-0.05000	-0.03778	0.00000
"C20_C060"	0.31101	0.35000	0.05000	-0.05000	-0.03899	0.00000
"C19_BC060"	1.41918	1.45000	0.10000	-0.10000	-0.03082	0.00000
"C11C"	37.46904	37.47000	0.13000	-0.13000	-0.00096	0.00000
"C20_D060"	0.37433	0.35000	0.05000	-0.05000	0.02433	0.00000
"C18_CD060"	1.11665	1.09000	0.10000	-0.10000	0.02665	0.00000
"C20_D056"	0.36570	0.35000	0.05000	-0.05000	0.01570	0.00000
"C20_D051"	0.38571	0.35000	0.05000	-0.05000	0.03571	0.00000
"C20_D046"	0.37301	0.35000	0.05000	-0.05000	0.02301	0.00000
"C20_D041"	0.37109	0.35000	0.05000	-0.05000	0.02109	0.00000
"C20_D036"	0.36193	0.35000	0.05000	-0.05000	0.01193	0.00000
"C20_D031"	0.37853	0.35000	0.05000	-0.05000	0.02853	0.00000
"C20_D026"	0.36159	0.35000	0.05000	-0.05000	0.01159	0.00000
"C20_D021"	0.36508	0.35000	0.05000	-0.05000	0.01508	0.00000
"C20_D016"	0.35858	0.35000	0.05000	-0.05000	0.00858	0.00000
"C20_D011"	0.35750	0.35000	0.05000	-0.05000	0.00750	0.00000
"C20_D006"	0.37032	0.35000	0.05000	-0.05000	0.02032	0.00000
"C20_D001"	0.38531	0.35000	0.05000	-0.05000	0.03531	0.00000
"C18_CD001"	1.09986	1.09000	0.10000	-0.10000	0.00986	0.00000
"C11D"	37.46494	37.47000	0.13000	-0.13000	-0.00506	0.00000
"C21"	0.07278	0.00000	0.10000	0.00000	0.07278	0.00000
":END"
":BEGIN"	"09:16:26 06:43:33"
"PATTERN: ADM6-60-01.5[-L][-S][-SLT]-4[-0][-1][-2][-A][-TR][-FR]"
"DISPLAY: accelerate_M20_V14 (Flash)"
"UNIT: "
"C20_A001"	0.35272	0.35000	0.05000	-0.05000	0.00272	0.00000
"C20_A006"	0.36402	0.35000	0.05000	-0.05000	0.01402	0.00000
"C20_A011"	0.36663	0.35000	0.05000	-0.05000	0.01663	0.00000
"C20_A016"	0.36578	0.35000	0.05000	-0.05000	0.01578	0.00000
"C20_A021"	0.37600	0.35000	0.05000	-0.05000	0.02600	0.00000
"C20_A026"	0.35387	0.35000	0.05000	-0.05000	0.00387	0.00000
"C20_A031"	0.36818	0.35000	0.05000	-0.05000	0.01818	0.00000
"C20_A036"	0.35936	0.35000	0.05000	-0.05000	0.00936	0.00000
"C20_A041"	0.35999	0.35000	0.05000	-0.05000	0.00999	0.00000
"C20_A046"	0.35393	0.35000	0.05000	-0.05000	0.00393	0.00000
"C20_A051"	0.35840	0.35000	0.05000	-0.05000	0.00840	0.00000
"C20_A056"	0.33554	0.35000	0.05000	-0.05000	-0.01446	0.00000
"C20_A060"	0.34317	0.35000	0.05000	-0.05000	-0.00683	0.00000
"C11A"	37.45914	37.47000	0.13000	-0.13000	-0.01086	0.00000
"C20_B060"	0.34073	0.35000	0.05000	-0.05000	-0.00927	0.00000
"C18_AB060"	1.11541	1.09000	0.10000	-0.10000	0.02541	0.00000
"C20_B056"	0.33562	0.35000	0.05000	-0.05000	-0.01438	0.00000
"C20_B051"	0.35084	0.35000	0.05000	-0.05000	0.00084	0.00000
"C20_B046"	0.34587	0.35000	0.05000	-0.05000	-0.00413	0.00000
"C20_B041"	0.35866	0.35000	0.05000	-0.05000	0.00866	0.00000
"C20_B036"	0.36107	0.35000	0.05000	-0.05000	0.01107	0.00000
"C20_B031"	0.35638	0.35000	0.05000	-0.05000	0.00638	0.00000
"C20_B026"	0.35707	0.35000	0.05000	-0.05000	0.00707	0.00000
"C20_B021"	0.37286	0.35000	0.05000	-0.05000	0.02286	0.00000
"C20_B016"	0.35636	0.35000	0.05000	-0.05000	0.00636	0.00000
"C20_B011"	0.34769	0.35000	0.05000	-0.05000	-0.00231	0.00000
"C20_B006"	0.34745	0.35000	0.05000	-0.05000	-0.00255	0.00000
"C20_B001"	0.33610	0.35000	0.05000	-0.05000	-0.01390	0.00000
"C18_AB001"	1.11940	1.09000	0.10000	-0.10000	0.02940	0.00000
"C11B"	37.47851	37.47000	0.13000	-0.13000	0.00851	0.00000
"C20_C001"	0.35185	0.35000	0.05000	-0.05000	0.00185	0.00000
"C19_BC001"	1.40178	1.45000	0.10000	-0.10000	-0.04822	0.00000
"C20_C006"	0.33626	0.35000	0.05000	-0.05000	-0.01374	0.00000
"C20_C011"	0.33465	0.35000	0.05000	-0.05000	-0.01535	0.00000
"C20_C016"	0.33234	0.35000	0.05000	-0.05000	-0.01766	0.00000
"C20_C021"	0.32986	0.35000	0.05000	-0.05000	-0.02014	0.00000
"C20_C026"	0.32764	0.35000	0.05000	-0.05000	-0.02236	0.00000
"C20_C031"	0.33392	0.35000	0.05000	-0.05000	-0.01608	0.00000
"C20_C036"	0.31536	0.35000	0.05000	-0.05000	-0.03464	0.00000
"C20_C041"	0.33024	0.35000	0.05000	-0.05000	-0.01976	0.00000
"C20_C046"	0.31368	0.35000	0.05000	-0.05000	-0.03632	0.00000
"C20_C051"	0.31838	0.35000	0.05000	-0.05000	-0.03162	0.00000
"C20_C056"	0.31192	0.35000	0.05000	-0.05000	-0.03808	0.00000
"C20_C060"	0.31066	0.35000	0.05000	-0.05000	-0.03934	0.00000
"C19_BC060"	1.41757	1.45000	0.10000	-0.10000	-0.03243	0.00000
"C11C"	37.46940	37.47000	0.13000	-0.13000	-0.00060	0.00000
"C20_D060"	0.37529	0.35000	0.05000	-0.05000	0.02529	0.00000
"C18_CD060"	1.11966	1.09000	0.10000	-0.10000	0.02966	0.00000
"C20_D056"	0.36600	0.35000	0.05000	-0.05000	0.01600	0.00000
"C20_D051"	0.38771	0.35000	0.05000	-0.05000	0.03771	0.00000
"C20_D046"	0.37390	0.35000	0.05000	-0.05000	0.02390	0.00000
"C20_D041"	0.37181	0.35000	0.05000	-0.05000	0.02181	0.00000
"C20_D036"	0.36188	0.35000	0.05000	-0.05000	0.01188	0.00000
"C20_D031"	0.37892	0.35000	0.05000	-0.05000	0.02892	0.00000
"C20_D026"	0.36047	0.35000	0.05000	-0.05000	0.01047	0.00000
"C20_D021"	0.36517	0.35000	0.05000	-0.05000	0.01517	0.00000
"C20_D016"	0.35860	0.35000	0.05000	-0.05000	0.00860	0.00000
"C20_D011"	0.35702	0.35000	0.05000	-0.05000	0.00702	0.00000
"C20_D006"	0.37061	0.35000	0.05000	-0.05000	0.02061	0.00000
"C20_D001"	0.38691	0.35000	0.05000	-0.05000	0.03691	0.00000
"C18_CD001"	1.12208	1.09000	0.10000	-0.10000	0.03208	0.00000
"C11D"	37.46680	37.47000	0.13000	-0.13000	-0.00320	0.00000
"C21"	0.07283	0.00000	0.10000	0.00000	0.07283	0.00000
":END"
":BEGIN"	"09:16:26 06:56:59"
"PATTERN: ADM6-60-01.5[-L][-S][-SLT]-4[-0][-1][-2][-A][-TR][-FR]"
"DISPLAY: accelerate_M20_V14 (Flash)"
"UNIT: "
"C20_A001"	0.35530	0.35000	0.05000	-0.05000	0.00530	0.00000
"C20_A006"	0.36323	0.35000	0.05000	-0.05000	0.01323	0.00000
"C20_A011"	0.36700	0.35000	0.05000	-0.05000	0.01700	0.00000
"C20_A016"	0.36553	0.35000	0.05000	-0.05000	0.01553	0.00000
"C20_A021"	0.37489	0.35000	0.05000	-0.05000	0.02489	0.00000
"C20_A026"	0.35322	0.35000	0.05000	-0.05000	0.00322	0.00000
"C20_A031"	0.36724	0.35000	0.05000	-0.05000	0.01724	0.00000
"C20_A036"	0.35848	0.35000	0.05000	-0.05000	0.00848	0.00000
"C20_A041"	0.35953	0.35000	0.05000	-0.05000	0.00953	0.00000
"C20_A046"	0.35439	0.35000	0.05000	-0.05000	0.00439	0.00000
"C20_A051"	0.35901	0.35000	0.05000	-0.05000	0.00901	0.00000
"C20_A056"	0.33553	0.35000	0.05000	-0.05000	-0.01447	0.00000
"C20_A060"	0.34305	0.35000	0.05000	-0.05000	-0.00695	0.00000
"C11A"	37.45927	37.47000	0.13000	-0.13000	-0.01073	0.00000
"C20_B060"	0.34064	0.35000	0.05000	-0.05000	-0.00936	0.00000
"C18_AB060"	1.11467	1.09000	0.10000	-0.10000	0.02467	0.00000
"C20_B056"	0.33639	0.35000	0.05000	-0.05000	-0.01361	0.00000
"C20_B051"	0.35152	0.35000	0.05000	-0.05000	0.00152	0.00000
"C20_B046"	0.34640	0.35000	0.05000	-0.05000	-0.00360	0.00000
"C20_B041"	0.35877	0.35000	0.05000	-0.05000	0.00877	0.00000
"C20_B036"	0.36135	0.35000	0.05000	-0.05000	0.01135	0.00000
"C20_B031"	0.35726	0.35000	0.05000	-0.05000	0.00726	0.00000
"C20_B026"	0.35719	0.35000	0.05000	-0.05000	0.00719	0.00000
"C20_B021"	0.37266	0.35000	0.05000	-0.05000	0.02266	0.00000
"C20_B016"	0.35625	0.35000	0.05000	-0.05000	0.00625	0.00000
"C20_B011"	0.34597	0.35000	0.05000	-0.05000	-0.00403	0.00000
"C20_B006"	0.34754	0.35000	0.05000	-0.05000	-0.00246	0.00000
"C20_B001"	0.33596	0.35000	0.05000	-0.05000	-0.01404	0.00000
"C18_AB001"	1.12828	1.09000	0.10000	-0.10000	0.03828	0.00000
"C11B"	37.47874	37.47000	0.13000	-0.13000	0.00874	0.00000
"C20_C001"	0.35171	0.35000	0.05000	-0.05000	0.00171	0.00000
"C19_BC001"	1.40170	1.45000	0.10000	-0.10000	-0.04830	0.00000
"C20_C006"	0.33614	0.35000	0.05000	-0.05000	-0.01386	0.00000
"C20_C011"	0.33491	0.35000	0.05000	-0.05000	-0.01509	0.00000
"C20_C016"	0.33349	0.35000	0.05000	-0.05000	-0.01651	0.00000
"C20_C021"	0.32958	0.35000	0.05000	-0.05000	-0.02042	0.00000
"C20_C026"	0.32777	0.35000	0.05000	-0.05000	-0.02223	0.00000
"C20_C031"	0.33369	0.35000	0.05000	-0.05000	-0.01631	0.00000
"C20_C036"	0.31497	0.35000	0.05000	-0.05000	-0.03503	0.00000
"C20_C041"	0.33044	0.35000	0.05000	-0.05000	-0.01956	0.00000
"C20_C046"	0.31436	0.35000	0.05000	-0.05000	-0.03564	0.00000
"C20_C051"	0.31934	0.35000	0.05000	-0.05000	-0.03066	0.00000
"C20_C056"	0.31212	0.35000	0.05000	-0.05000	-0.03788	0.00000
"C20_C060"	0.31103	0.35000	0.05000	-0.05000	-0.03897	0.00000
"C19_BC060"	1.42028	1.45000	0.10000	-0.10000	-0.02972	0.00000
"C11C"	37.46976	37.47000	0.13000	-0.13000	-0.00024	0.00000
"C20_D060"	0.37536	0.35000	0.05000	-0.05000	0.02536	0.00000
"C18_CD060"	1.11712	1.09000	0.10000	-0.10000	0.02712	0.00000
"C20_D056"	0.36661	0.35000	0.05000	-0.05000	0.01661	0.00000
"C20_D051"	0.38708	0.35000	0.05000	-0.05000	0.03708	0.00000
"C20_D046"	0.37335	0.35000	0.05000	-0.05000	0.02335	0.00000
"C20_D041"	0.37179	0.35000	0.05000	-0.05000	0.02179	0.00000
"C20_D036"	0.36141	0.35000	0.05000	-0.05000	0.01141	0.00000
"C20_D031"	0.38002	0.35000	0.05000	-0.05000	0.03002	0.00000
"C20_D026"	0.36058	0.35000	0.05000	-0.05000	0.01058	0.00000
"C20_D021"	0.36506	0.35000	0.05000	-0.05000	0.01506	0.00000
"C20_D016"	0.35808	0.35000	0.05000	-0.05000	0.00808	0.00000
"C20_D011"	0.35681	0.35000	0.05000	-0.05000	0.00681	0.00000
"C20_D006"	0.36963	0.35000	0.05000	-0.05000	0.01963	0.00000
"C20_D001"	0.38607	0.35000	0.05000	-0.05000	0.03607	0.00000
"C18_CD001"	1.12210	1.09000	0.10000	-0.10000	0.03210	0.00000
"C11D"	37.46494	37.47000	0.13000	-0.13000	-0.00506	0.00000
"C21"	0.07252	0.00000	0.10000	0.00000	0.07252	0.00000
":END"
":BEGIN"	"09:16:26 07:10:20"
"PATTERN: ADM6-60-01.5[-L][-S][-SLT]-4[-0][-1][-2][-A][-TR][-FR]"
"DISPLAY: accelerate_M20_V14 (Flash)"
"UNIT: "
"C20_A001"	0.34964	0.35000	0.05000	-0.05000	-0.00036	0.00000
"C20_A006"	0.36253	0.35000	0.05000	-0.05000	0.01253	0.00000
"C20_A011"	0.36544	0.35000	0.05000	-0.05000	0.01544	0.00000
"C20_A016"	0.36495	0.35000	0.05000	-0.05000	0.01495	0.00000
"C20_A021"	0.37515	0.35000	0.05000	-0.05000	0.02515	0.00000
"C20_A026"	0.35248	0.35000	0.05000	-0.05000	0.00248	0.00000
"C20_A031"	0.36901	0.35000	0.05000	-0.05000	0.01901	0.00000
"C20_A036"	0.35900	0.35000	0.05000	-0.05000	0.00900	0.00000
"C20_A041"	0.35841	0.35000	0.05000	-0.05000	0.00841	0.00000
"C20_A046"	0.35500	0.35000	0.05000	-0.05000	0.00500	0.00000
"C20_A051"	0.35861	0.35000	0.05000	-0.05000	0.00861	0.00000
"C20_A056"	0.33455	0.35000	0.05000	-0.05000	-0.01545	0.00000
"C20_A060"	0.34285	0.35000	0.05000	-0.05000	-0.00715	0.00000
"C11A"	37.45945	37.47000	0.13000	-0.13000	-0.01055	0.00000
"C20_B060"	0.34072	0.35000	0.05000	-0.05000	-0.00928	0.00000
"C18_AB060"	1.11656	1.09000	0.10000	-0.10000	0.02656	0.00000
"C20_B056"	0.33603	0.35000	0.05000	-0.05000	-0.01397	0.00000
"C20_B051"	0.35190	0.35000	0.05000	-0.05000	0.00190	0.00000
"C20_B046"	0.34690	0.35000	0.05000	-0.05000	-0.00310	0.00000
"C20_B041"	0.35855	0.35000	0.05000	-0.05000	0.00855	0.00000
"C20_B036"	0.36064	0.35000	0.05000	-0.05000	0.01064	0.00000
"C20_B031"	0.35720	0.35000	0.05000	-0.05000	0.00720	0.00000
"C20_B026"	0.35672	0.35000	0.05000	-0.05000	0.00672	0.00000
"C20_B021"	0.37353	0.35000	0.05000	-0.05000	0.02353	0.00000
"C20_B016"	0.35602	0.35000	0.05000	-0.05000	0.00602	0.00000
"C20_B011"	0.34641	0.35000	0.05000	-0.05000	-0.00359	0.00000
"C20_B006"	0.34781	0.35000	0.05000	-0.05000	-0.00219	0.00000
"C20_B001"	0.33695	0.35000	0.05000	-0.05000	-0.01305	0.00000
"C18_AB001"	1.12954	1.09000	0.10000	-0.10000	0.03954	0.00000
"C11B"	37.47748	37.47000	0.13000	-0.13000	0.00748	0.00000
"C20_C001"	0.35113	0.35000	0.05000	-0.05000	0.00113	0.00000
"C19_BC001"	1.40966	1.45000	0.10000	-0.10000	-0.04034	0.00000
"C20_C006"	0.33644	0.35000	0.05000	-0.05000	-0.01356	0.00000
"C20_C011"	0.33567	0.35000	0.05000	-0.05000	-0.01433	0.00000
"C20_C016"	0.33379	0.35000	0.05000	-0.05000	-0.01621	0.00000
"C20_C021"	0.32953	0.35000	0.05000	-0.05000	-0.02047	0.00000
"C20_C026"	0.32785	0.35000	0.05000	-0.05000	-0.02215	0.00000
"C20_C031"	0.33327	0.35000	0.05000	-0.05000	-0.01673	0.00000
"C20_C036"	0.31522	0.35000	0.05000	-0.05000	-0.03478	0.00000
"C20_C041"	0.32941	0.35000	0.05000	-0.05000	-0.02059	0.00000
"C20_C046"	0.31292	0.35000	0.05000	-0.05000	-0.03708	0.00000
"C20_C051"	0.31878	0.35000	0.05000	-0.05000	-0.03122	0.00000
"C20_C056"	0.31123	0.35000	0.05000	-0.05000	-0.03877	0.00000
"C20_C060"	0.31121	0.35000	0.05000	-0.05000	-0.03879	0.00000
"C19_BC060"	1.41560	1.45000	0.10000	-0.10000	-0.03440	0.00000
"C11C"	37.47120	37.47000	0.13000	-0.13000	0.00120	0.00000
"C20_D060"	0.37539	0.35000	0.05000	-0.05000	0.02539	0.00000
"C18_CD060"	1.12072	1.09000	0.10000	-0.10000	0.03072	0.00000
"C20_D056"	0.36631	0.35000	0.05000	-0.05000	0.01631	0.00000
"C20_D051"	0.38539	0.35000	0.05000	-0.05000	0.03539	0.00000
"C20_D046"	0.37353	0.35000	0.05000	-0.05000	0.02353	0.00000
"C20_D041"	0.37116	0.35000	0.05000	-0.05000	0.02116	0.00000
"C20_D036"	0.36274	0.35000	0.05000	-0.05000	0.01274	0.00000
"C20_D031"	0.38027	0.35000	0.05000	-0.05000	0.03027	0.00000
"C20_D026"	0.36277	0.35000	0.05000	-0.05000	0.01277	0.00000
"C20_D021"	0.36461	0.35000	0.05000	-0.05000	0.01461	0.00000
"C20_D016"	0.35826	0.35000	0.05000	-0.05000	0.00826	0.00000
"C20_D011"	0.35758	0.35000	0.05000	-0.05000	0.00758	0.00000
"C20_D006"	0.37033	0.35000	0.05000	-0.05000	0.02033	0.00000
"C20_D001"	0.38538	0.35000	0.05000	-0.05000	0.03538	0.00000
"C18_CD001"	1.10809	1.09000	0.10000	-0.10000	0.01809	0.00000
"C11D"	37.46405	37.47000	0.13000	-0.13000	-0.00595	0.00000
"C21"	0.07381	0.00000	0.10000	0.00000	0.07381	0.00000
":END"
":BEGIN"	"09:16:26 07:23:37"
"PATTERN: ADM6-60-01.5[-L][-S][-SLT]-4[-0][-1][-2][-A][-TR][-FR]"
"DISPLAY: accelerate_M20_V14 (Flash)"
"UNIT: "
"C20_A001"	0.35055	0.35000	0.05000	-0.05000	0.00055	0.00000
"C20_A006"	0.36301	0.35000	0.05000	-0.05000	0.01301	0.00000
"C20_A011"	0.36623	0.35000	0.05000	-0.05000	0.01623	0.00000
"C20_A016"	0.36532	0.35000	0.05000	-0.05000	0.01532	0.00000
"C20_A021"	0.37521	0.35000	0.05000	-0.05000	0.02521	0.00000
"C20_A026"	0.35336	0.35000	0.05000	-0.05000	0.00336	0.00000
"C20_A031"	0.36865	0.35000	0.05000	-0.05000	0.01865	0.00000
"C20_A036"	0.35981	0.35000	0.05000	-0.05000	0.00981	0.00000
"C20_A041"	0.36115	0.35000	0.05000	-0.05000	0.01115	0.00000
"C20_A046"	0.35566	0.35000	0.05000	-0.05000	0.00566	0.00000
"C20_A051"	0.35913	0.35000	0.05000	-0.05000	0.00913	0.00000
"C20_A056"	0.33532	0.35000	0.05000	-0.05000	-0.01468	0.00000
"C20_A060"	0.34350	0.35000	0.05000	-0.05000	-0.00650	0.00000
"C11A"	37.45990	37.47000	0.13000	-0.13000	-0.01010	0.00000
"C20_B060"	0.34097	0.35000	0.05000	-0.05000	-0.00903	0.00000
"C18_AB060"	1.11670	1.09000	0.10000	-0.10000	0.02670	0.00000
"C20_B056"	0.33562	0.35000	0.05000	-0.05000	-0.01438	0.00000
"C20_B051"	0.35171	0.35000	0.05000	-0.05000	0.00171	0.00000
"C20_B046"	0.34614	0.35000	0.05000	-0.05000	-0.00386	0.00000
"C20_B041"	0.35896	0.35000	0.05000	-0.05000	0.00896	0.00000
"C20_B036"	0.36060	0.35000	0.05000	-0.05000	0.01060	0.00000
"C20_B031"	0.35734	0.35000	0.05000	-0.05000	0.00734	0.00000
"C20_B026"	0.35707	0.35000	0.05000	-0.05000	0.00707	0.00000
"C20_B021"	0.37189	0.35000	0.05000	-0.05000	0.02189	0.00000
"C20_B016"	0.35655	0.35000	0.05000	-0.05000	0.00655	0.00000
"C20_B011"	0.34697	0.35000	0.05000	-0.05000	-0.00303	0.00000
"C20_B006"	0.34748	0.35000	0.05000	-0.05000	-0.00252	0.00000
"C20_B001"	0.33579	0.35000	0.05000	-0.05000	-0.01421	0.00000
"C18_AB001"	1.12963	1.09000	0.10000	-0.10000	0.03963	0.00000
"C11B"	37.47781	37.47000	0.13000	-0.13000	0.00781	0.00000
"C20_C001"	0.35270	0.35000	0.05000	-0.05000	0.00270	0.00000
"C19_BC001"	1.41666	1.45000	0.10000	-0.10000	-0.03334	0.00000
"C20_C006"	0.33632	0.35000	0.05000	-0.05000	-0.01368	0.00000
"C20_C011"	0.33544	0.35000	0.05000	-0.05000	-0.01456	0.00000
"C20_C016"	0.33319	0.35000	0.05000	-0.05000	-0.01681	0.00000
"C20_C021"	0.33010	0.35000	0.05000	-0.05000	-0.01990	0.00000
"C20_C026"	0.32715	0.35000	0.05000	-0.05000	-0.02285	0.00000
"C20_C031"	0.33334	0.35000	0.05000	-0.05000	-0.01666	0.00000
"C20_C036"	0.31525	0.35000	0.05000	-0.05000	-0.03475	0.00000
"C20_C041"	0.33125	0.35000	0.05000	-0.05000	-0.01875	0.00000
"C20_C046"	0.31358	0.35000	0.05000	-0.05000	-0.03642	0.00000
"C20_C051"	0.31829	0.35000	0.05000	-0.05000	-0.03171	0.00000
"C20_C056"	0.31111	0.35000	0.05000	-0.05000	-0.03889	0.00000
"C20_C060"	0.31168	0.35000	0.05000	-0.05000	-0.03832	0.00000
"C19_BC060"	1.40953	1.45000	0.10000	-0.10000	-0.04047	0.00000
"C11C"	37.47000	37.47000	0.13000	-0.13000	0.00000	0.00000
"C20_D060"	0.37530	0.35000	0.05000	-0.05000	0.02530	0.00000
"C18_CD060"	1.12689	1.09000	0.10000	-0.10000	0.03689	0.00000
"C20_D056"	0.36582	0.35000	0.05000	-0.05000	0.01582	0.00000
"C20_D051"	0.38663	0.35000	0.05000	-0.05000	0.03663	0.00000
"C20_D046"	0.37314	0.35000	0.05000	-0.05000	0.02314	0.00000
"C20_D041"	0.37181	0.35000	0.05000	-0.05000	0.02181	0.00000
"C20_D036"	0.36235	0.35000	0.05000	-0.05000	0.01235	0.00000
"C20_D031"	0.38054	0.35000	0.05000	-0.05000	0.03054	0.00000
"C20_D026"	0.36267	0.35000	0.05000	-0.05000	0.01267	0.00000
"C20_D021"	0.36518	0.35000	0.05000	-0.05000	0.01518	0.00000
"C20_D016"	0.35849	0.35000	0.05000	-0.05000	0.00849	0.00000
"C20_D011"	0.35750	0.35000	0.05000	-0.05000	0.00750	0.00000
"C20_D006"	0.37023	0.35000	0.05000	-0.05000	0.02023	0.00000
"C20_D001"	0.38601	0.35000	0.05000	-0.05000	0.03601	0.00000
"C18_CD001"	1.10717	1.09000	0.10000	-0.10000	0.01717	0.00000
"C11D"	37.46521	37.47000	0.13000	-0.13000	-0.00479	0.00000
"C21"	0.07276	0.00000	0.10000	0.00000	0.07276	0.00000
":END"
":BEGIN"	"09:16:26 07:37:05"
"PATTERN: ADM6-60-01.5[-L][-S][-SLT]-4[-0][-1][-2][-A][-TR][-FR]"
"DISPLAY: accelerate_M20_V14 (Flash)"
"UNIT: "
"C20_A001"	0.35860	0.35000	0.05000	-0.05000	0.00860	0.00000
"C20_A006"	0.36311	0.35000	0.05000	-0.05000	0.01311	0.00000
"C20_A011"	0.36646	0.35000	0.05000	-0.05000	0.01646	0.00000
"C20_A016"	0.36481	0.35000	0.05000	-0.05000	0.01481	0.00000
"C20_A021"	0.37618	0.35000	0.05000	-0.05000	0.02618	0.00000
"C20_A026"	0.35393	0.35000	0.05000	-0.05000	0.00393	0.00000
"C20_A031"	0.36914	0.35000	0.05000	-0.05000	0.01914	0.00000
"C20_A036"	0.36000	0.35000	0.05000	-0.05000	0.01000	0.00000
"C20_A041"	0.35956	0.35000	0.05000	-0.05000	0.00956	0.00000
"C20_A046"	0.35344	0.35000	0.05000	-0.05000	0.00344	0.00000
"C20_A051"	0.35920	0.35000	0.05000	-0.05000	0.00920	0.00000
"C20_A056"	0.33595	0.35000	0.05000	-0.05000	-0.01405	0.00000
"C20_A060"	0.34269	0.35000	0.05000	-0.05000	-0.00731	0.00000
"C11A"	37.45875	37.47000	0.13000	-0.13000	-0.01125	0.00000
"C20_B060"	0.34089	0.35000	0.05000	-0.05000	-0.00911	0.00000
"C18_AB060"	1.11517	1.09000	0.10000	-0.10000	0.02517	0.00000
"C20_B056"	0.33442	0.35000	0.05000	-0.05000	-0.01558	0.00000
"C20_B051"	0.35079	0.35000	0.05000	-0.05000	0.00079	0.00000
"C20_B046"	0.34561	0.35000	0.05000	-0.05000	-0.00439	0.00000
"C20_B041"	0.35848	0.35000	0.05000	-0.05000	0.00848	0.00000
"C20_B036"	0.36058	0.35000	0.05000	-0.05000	0.01058	0.00000
"C20_B031"	0.35657	0.35000	0.05000	-0.05000	0.00657	0.00000
"C20_B026"	0.35757	0.35000	0.05000	-0.05000	0.00757	0.00000
"C20_B021"	0.37200	0.35000	0.05000	-0.05000	0.02200	0.00000
"C20_B016"	0.35619	0.35000	0.05000	-0.05000	0.00619	0.00000
"C20_B011"	0.34624	0.35000	0.05000	-0.05000	-0.00376	0.00000
"C20_B006"	0.34725	0.35000	0.05000	-0.05000	-0.00275	0.00000
"C20_B001"	0.33638	0.35000	0.05000	-0.05000	-0.01362	0.00000
"C18_AB001"	1.12829	1.09000	0.10000	-0.10000	0.03829	0.00000
"C11B"	37.47872	37.47000	0.13000	-0.13000	0.00872	0.00000
"C20_C001"	0.35186	0.35000	0.05000	-0.05000	0.00186	0.00000
"C19_BC001"	1.40956	1.45000	0.10000	-0.10000	-0.04044	0.00000
"C20_C006"	0.33619	0.35000	0.05000	-0.05000	-0.01381	0.00000
"C20_C011"	0.33521	0.35000	0.05000	-0.05000	-0.01479	0.00000
"C20_C016"	0.33314	0.35000	0.05000	-0.05000	-0.01686	0.00000
"C20_C021"	0.32988	0.35000	0.05000	-0.05000	-0.02012	0.00000
"C20_C026"	0.32882	0.35000	0.05000	-0.05000	-0.02118	0.00000
"C20_C031"	0.33252	0.35000	0.05000	-0.05000	-0.01748	0.00000
"C20_C036"	0.31550	0.35000	0.05000	-0.05000	-0.03450	0.00000
"C20_C041"	0.33095	0.35000	0.05000	-0.05000	-0.01905	0.00000
"C20_C046"	0.31334	0.35000	0.05000	-0.05000	-0.03666	0.00000
"C20_C051"	0.31868	0.35000	0.05000	-0.05000	-0.03132	0.00000
"C20_C056"	0.31187	0.35000	0.05000	-0.05000	-0.03813	0.00000
"C20_C060"	0.31082	0.35000	0.05000	-0.05000	-0.03918	0.00000
"C19_BC060"	1.41047	1.45000	0.10000	-0.10000	-0.03953	0.00000
"C11C"	37.46884	37.47000	0.13000	-0.13000	-0.00116	0.00000
"C20_D060"	0.37655	0.35000	0.05000	-0.05000	0.02655	0.00000
"C18_CD060"	1.12659	1.09000	0.10000	-0.10000	0.03659	0.00000
"C20_D056"	0.36603	0.35000	0.05000	-0.05000	0.01603	0.00000
"C20_D051"	0.38641	0.35000	0.05000	-0.05000	0.03641	0.00000
"C20_D046"	0.37350	0.35000	0.05000	-0.05000	0.02350	0.00000
"C20_D041"	0.37237	0.35000	0.05000	-0.05000	0.02237	0.00000
"C20_D036"	0.36126	0.35000	0.05000	-0.05000	0.01126	0.00000
"C20_D031"	0.38042	0.35000	0.05000	-0.05000	0.03042	0.00000
"C20_D026"	0.36227	0.35000	0.05000	-0.05000	0.01227	0.00000
"C20_D021"	0.36534	0.35000	0.05000	-0.05000	0.01534	0.00000
"C20_D016"	0.35804	0.35000	0.05000	-0.05000	0.00804	0.00000
"C20_D011"	0.35672	0.35000	0.05000	-0.05000	0.00672	0.00000
"C20_D006"	0.37038	0.35000	0.05000	-0.05000	0.02038	0.00000
"C20_D001"	0.38519	0.35000	0.05000	-0.05000	0.03519	0.00000
"C18_CD001"	1.11396	1.09000	0.10000	-0.10000	0.02396	0.00000
"C11D"	37.46568	37.47000	0.13000	-0.13000	-0.00432	0.00000
"C21"	0.07463	0.00000	0.10000	0.00000	0.07463	0.00000
":END"
":BEGIN"	"09:16:26 07:50:33"
"PATTERN: ADM6-60-01.5[-L][-S][-SLT]-4[-0][-1][-2][-A][-TR][-FR]"
"DISPLAY: accelerate_M20_V14 (Flash)"
"UNIT: "
"C20_A001"	0.35273	0.35000	0.05000	-0.05000	0.00273	0.00000
"C20_A006"	0.36468	0.35000	0.05000	-0.05000	0.01468	0.00000
"C20_A011"	0.36617	0.35000	0.05000	-0.05000	0.01617	0.00000
"C20_A016"	0.36599	0.35000	0.05000	-0.05000	0.01599	0.00000
"C20_A021"	0.37655	0.35000	0.05000	-0.05000	0.02655	0.00000
"C20_A026"	0.35330	0.35000	0.05000	-0.05000	0.00330	0.00000
"C20_A031"	0.36865	0.35000	0.05000	-0.05000	0.01865	0.00000
"C20_A036"	0.36067	0.35000	0.05000	-0.05000	0.01067	0.00000
"C20_A041"	0.35865	0.35000	0.05000	-0.05000	0.00865	0.00000
"C20_A046"	0.35438	0.35000	0.05000	-0.05000	0.00438	0.00000
"C20_A051"	0.35907	0.35000	0.05000	-0.05000	0.00907	0.00000
"C20_A056"	0.33503	0.35000	0.05000	-0.05000	-0.01497	0.00000
"C20_A060"	0.34231	0.35000	0.05000	-0.05000	-0.00769	0.00000
"C11A"	37.45875	37.47000	0.13000	-0.13000	-0.01125	0.00000
"C20_B060"	0.34091	0.35000	0.05000	-0.05000	-0.00909	0.00000
"C18_AB060"	1.11603	1.09000	0.10000	-0.10000	0.02603	0.00000
"C20_B056"	0.33584	0.35000	0.05000	-0.05000	-0.01416	0.00000
"C20_B051"	0.35131	0.35000	0.05000	-0.05000	0.00131	0.00000
"C20_B046"	0.34703	0.35000	0.05000	-0.05000	-0.00297	0.00000
"C20_B041"	0.35875	0.35000	0.05000	-0.05000	0.00875	0.00000
"C20_B036"	0.36146	0.35000	0.05000	-0.05000	0.01146	0.00000
"C20_B031"	0.35650	0.35000	0.05000	-0.05000	0.00650	0.00000
"C20_B026"	0.35762	0.35000	0.05000	-0.05000	0.00762	0.00000
"C20_B021"	0.37238	0.35000	0.05000	-0.05000	0.02238	0.00000
"C20_B016"	0.35630	0.35000	0.05000	-0.05000	0.00630	0.00000
"C20_B011"	0.34602	0.35000	0.05000	-0.05000	-0.00398	0.00000
"C20_B006"	0.34726	0.35000	0.05000	-0.05000	-0.00274	0.00000
"C20_B001"	0.33569	0.35000	0.05000	-0.05000	-0.01431	0.00000
"C18_AB001"	1.12951	1.09000	0.10000	-0.10000	0.03951	0.00000
"C11B"	37.47908	37.47000	0.13000	-0.13000	0.00908	0.00000
"C20_C001"	0.35187	0.35000	0.05000	-0.05000	0.00187	0.00000
"C19_BC001"	1.42418	1.45000	0.10000	-0.10000	-0.02582	0.00000
"C20_C006"	0.33684	0.35000	0.05000	-0.05000	-0.01316	0.00000
"C20_C011"	0.33513	0.35000	0.05000	-0.05000	-0.01487	0.00000
"C20_C016"	0.33296	0.35000	0.05000	-0.05000	-0.01704	0.00000
"C20_C021"	0.32945	0.35000	0.05000	-0.05000	-0.02055	0.00000
"C20_C026"	0.32796	0.35000	0.05000	-0.05000	-0.02204	0.00000
"C20_C031"	0.33312	0.35000	0.05000	-0.05000	-0.01688	0.00000
"C20_C036"	0.31523	0.35000	0.05000	-0.05000	-0.03477	0.00000
"C20_C041"	0.32914	0.35000	0.05000	-0.05000	-0.02086	0.00000
"C20_C046"	0.31481	0.35000	0.05000	-0.05000	-0.03519	0.00000
"C20_C051"	0.31939	0.35000	0.05000	-0.05000	-0.03061	0.00000
"C20_C056"	0.31215	0.35000	0.05000	-0.05000	-0.03785	0.00000
"C20_C060"	0.31087	0.35000	0.05000	-0.05000	-0.03913	0.00000
"C19_BC060"	1.40940	1.45000	0.10000	-0.10000	-0.04060	0.00000
"C11C"	37.47035	37.47000	0.13000	-0.13000	0.00035	0.00000
"C20_D060"	0.37521	0.35000	0.05000	-0.05000	0.02521	0.00000
"C18_CD060"	1.12727	1.09000	0.10000	-0.10000	0.03727	0.00000
"C20_D056"	0.36640	0.35000	0.05000	-0.05000	0.01640	0.00000
"C20_D051"	0.38593	0.35000	0.05000	-0.05000	0.03593	0.00000
"C20_D046"	0.37358	0.35000	0.05000	-0.05000	0.02358	0.00000
"C20_D041"	0.37156	0.35000	0.05000	-0.05000	0.02156	0.00000
"C20_D036"	0.36235	0.35000	0.05000	-0.05000	0.01235	0.00000
"C20_D031"	0.38039	0.35000	0.05000	-0.05000	0.03039	0.00000
"C20_D026"	0.36276	0.35000	0.05000	-0.05000	0.01276	0.00000
"C20_D021"	0.36529	0.35000	0.05000	-0.05000	0.01529	0.00000
"C20_D016"	0.35829	0.35000	0.05000	-0.05000	0.00829	0.00000
"C20_D011"	0.35684	0.35000	0.05000	-0.05000	0.00684	0.00000
"C20_D006"	0.37078	0.35000	0.05000	-0.05000	0.02078	0.00000
"C20_D001"	0.38520	0.35000	0.05000	-0.05000	0.03520	0.00000
"C18_CD001"	1.09340	1.09000	0.10000	-0.10000	0.00340	0.00000
"C11D"	37.46511	37.47000	0.13000	-0.13000	-0.00489	0.00000
"C21"	0.07187	0.00000	0.10000	0.00000	0.07187	0.00000
":END"
":BEGIN"	"09:23:26 06:08:29"
"PATTERN: ADM6-60-01.5[-L][-S][-SLT]-4[-0][-1][-2][-A][-TR][-FR]"
"DISPLAY: accelerate_M20"
"UNIT: "
"C20_A001"	0.37318	0.35000	0.05000	-0.05000	0.02318	0.00000
"C20_A006"	0.36411	0.35000	0.05000	-0.05000	0.01411	0.00000
"C20_A011"	0.37236	0.35000	0.05000	-0.05000	0.02236	0.00000
"C20_A016"	0.36673	0.35000	0.05000	-0.05000	0.01673	0.00000
"C20_A021"	0.37677	0.35000	0.05000	-0.05000	0.02677	0.00000
"C20_A026"	0.36996	0.35000	0.05000	-0.05000	0.01996	0.00000
"C20_A031"	0.36098	0.35000	0.05000	-0.05000	0.01098	0.00000
"C20_A036"	0.36878	0.35000	0.05000	-0.05000	0.01878	0.00000
"C20_A041"	0.35723	0.35000	0.05000	-0.05000	0.00723	0.00000
"C20_A046"	0.35004	0.35000	0.05000	-0.05000	0.00004	0.00000
"C20_A051"	0.34687	0.35000	0.05000	-0.05000	-0.00313	0.00000
"C20_A056"	0.34703	0.35000	0.05000	-0.05000	-0.00297	0.00000
"C20_A060"	0.35599	0.35000	0.05000	-0.05000	0.00599	0.00000
"C11A"	37.46565	37.47000	0.13000	-0.13000	-0.00435	0.00000
"C20_B060"	0.34396	0.35000	0.05000	-0.05000	-0.00604	0.00000
"C18_AB060"	1.11582	1.09000	0.10000	-0.10000	0.02582	0.00000
"C20_B056"	0.34429	0.35000	0.05000	-0.05000	-0.00571	0.00000
"C20_B051"	0.34243	0.35000	0.05000	-0.05000	-0.00757	0.00000
"C20_B046"	0.34574	0.35000	0.05000	-0.05000	-0.00426	0.00000
"C20_B041"	0.34337	0.35000	0.05000	-0.05000	-0.00663	0.00000
"C20_B036"	0.34585	0.35000	0.05000	-0.05000	-0.00415	0.00000
"C20_B031"	0.35002	0.35000	0.05000	-0.05000	0.00002	0.00000
"C20_B026"	0.35650	0.35000	0.05000	-0.05000	0.00650	0.00000
"C20_B021"	0.35696	0.35000	0.05000	-0.05000	0.00696	0.00000
"C20_B016"	0.34943	0.35000	0.05000	-0.05000	-0.00057	0.00000
"C20_B011"	0.34891	0.35000	0.05000	-0.05000	-0.00109	0.00000
"C20_B006"	0.34489	0.35000	0.05000	-0.05000	-0.00511	0.00000
"C20_B001"	0.34693	0.35000	0.05000	-0.05000	-0.00307	0.00000
"C18_AB001"	1.12020	1.09000	0.10000	-0.10000	0.03020	0.00000
"C11B"	37.47568	37.47000	0.13000	-0.13000	0.00568	0.00000
"C20_C001"	0.35527	0.35000	0.05000	-0.05000	0.00527	0.00000
"C19_BC001"	1.42724	1.45000	0.10000	-0.10000	-0.02276	0.00000
"C20_C006"	0.33217	0.35000	0.05000	-0.05000	-0.01783	0.00000
"C20_C011"	0.33124	0.35000	0.05000	-0.05000	-0.01876	0.00000
"C20_C016"	0.33454	0.35000	0.05000	-0.05000	-0.01546	0.00000
"C20_C021"	0.33157	0.35000	0.05000	-0.05000	-0.01843	0.00000
"C20_C026"	0.32808	0.35000	0.05000	-0.05000	-0.02192	0.00000
"C20_C031"	0.33113	0.35000	0.05000	-0.05000	-0.01887	0.00000
"C20_C036"	0.32618	0.35000	0.05000	-0.05000	-0.02382	0.00000
"C20_C041"	0.32861	0.35000	0.05000	-0.05000	-0.02139	0.00000
"C20_C046"	0.31717	0.35000	0.05000	-0.05000	-0.03283	0.00000
"C20_C051"	0.31556	0.35000	0.05000	-0.05000	-0.03444	0.00000
"C20_C056"	0.30861	0.35000	0.05000	-0.05000	-0.04139	0.00000
"C20_C060"	0.31886	0.35000	0.05000	-0.05000	-0.03114	0.00000
"C19_BC060"	1.40694	1.45000	0.10000	-0.10000	-0.04306	0.00000
"C11C"	37.46544	37.47000	0.13000	-0.13000	-0.00456	0.00000
"C20_D060"	0.36997	0.35000	0.05000	-0.05000	0.01997	0.00000
"C18_CD060"	1.13805	1.09000	0.10000	-0.10000	0.04805	0.00000
"C20_D056"	0.36127	0.35000	0.05000	-0.05000	0.01127	0.00000
"C20_D051"	0.37553	0.35000	0.05000	-0.05000	0.02553	0.00000
"C20_D046"	0.36446	0.35000	0.05000	-0.05000	0.01446	0.00000
"C20_D041"	0.37483	0.35000	0.05000	-0.05000	0.02483	0.00000
"C20_D036"	0.37033	0.35000	0.05000	-0.05000	0.02033	0.00000
"C20_D031"	0.37446	0.35000	0.05000	-0.05000	0.02446	0.00000
"C20_D026"	0.36267	0.35000	0.05000	-0.05000	0.01267	0.00000
"C20_D021"	0.36808	0.35000	0.05000	-0.05000	0.01808	0.00000
"C20_D016"	0.36948	0.35000	0.05000	-0.05000	0.01948	0.00000
"C20_D011"	0.37209	0.35000	0.05000	-0.05000	0.02209	0.00000
"C20_D006"	0.36034	0.35000	0.05000	-0.05000	0.01034	0.00000
"C20_D001"	0.39056	0.35000	0.05000	-0.05000	0.04056	0.00000
"C18_CD001"	1.10135	1.09000	0.10000	-0.10000	0.01135	0.00000
"C11D"	37.46144	37.47000	0.13000	-0.13000	-0.00856	0.00000
"C21"	0.06220	0.00000	0.10000	0.00000	0.06220	0.00000
":END"
":BEGIN"	"09:23:26 06:21:17"
"PATTERN: ADM6-60-01.5[-L][-S][-SLT]-4[-0][-1][-2][-A][-TR][-FR]"
"DISPLAY: accelerate_M20"
"UNIT: "
"C20_A001"	0.37208	0.35000	0.05000	-0.05000	0.02208	0.00000
"C20_A006"	0.36410	0.35000	0.05000	-0.05000	0.01410	0.00000
"C20_A011"	0.37261	0.35000	0.05000	-0.05000	0.02261	0.00000
"C20_A016"	0.36523	0.35000	0.05000	-0.05000	0.01523	0.00000
"C20_A021"	0.37720	0.35000	0.05000	-0.05000	0.02720	0.00000
"C20_A026"	0.36925	0.35000	0.05000	-0.05000	0.01925	0.00000
"C20_A031"	0.36080	0.35000	0.05000	-0.05000	0.01080	0.00000
"C20_A036"	0.36906	0.35000	0.05000	-0.05000	0.01906	0.00000
"C20_A041"	0.35724	0.35000	0.05000	-0.05000	0.00724	0.00000
"C20_A046"	0.35200	0.35000	0.05000	-0.05000	0.00200	0.00000
"C20_A051"	0.34781	0.35000	0.05000	-0.05000	-0.00219	0.00000
"C20_A056"	0.34786	0.35000	0.05000	-0.05000	-0.00214	0.00000
"C20_A060"	0.35553	0.35000	0.05000	-0.05000	0.00553	0.00000
"C11A"	37.46865	37.47000	0.13000	-0.13000	-0.00135	0.00000
"C20_B060"	0.34410	0.35000	0.05000	-0.05000	-0.00590	0.00000
"C18_AB060"	1.11444	1.09000	0.10000	-0.10000	0.02444	0.00000
"C20_B056"	0.34401	0.35000	0.05000	-0.05000	-0.00599	0.00000
"C20_B051"	0.34150	0.35000	0.05000	-0.05000	-0.00850	0.00000
"C20_B046"	0.35099	0.35000	0.05000	-0.05000	0.00099	0.00000
"C20_B041"	0.34375	0.35000	0.05000	-0.05000	-0.00625	0.00000
"C20_B036"	0.34598	0.35000	0.05000	-0.05000	-0.00402	0.00000
"C20_B031"	0.35100	0.35000	0.05000	-0.05000	0.00100	0.00000
"C20_B026"	0.35709	0.35000	0.05000	-0.05000	0.00709	0.00000
"C20_B021"	0.35882	0.35000	0.05000	-0.05000	0.00882	0.00000
"C20_B016"	0.34965	0.35000	0.05000	-0.05000	-0.00035	0.00000
"C20_B011"	0.35151	0.35000	0.05000	-0.05000	0.00151	0.00000
"C20_B006"	0.34925	0.35000	0.05000	-0.05000	-0.00075	0.00000
"C20_B001"	0.34687	0.35000	0.05000	-0.05000	-0.00313	0.00000
"C18_AB001"	1.12274	1.09000	0.10000	-0.10000	0.03274	0.00000
"C11B"	37.47650	37.47000	0.13000	-0.13000	0.00650	0.00000
"C20_C001"	0.35640	0.35000	0.05000	-0.05000	0.00640	0.00000
"C19_BC001"	1.39699	1.45000	0.10000	-0.10000	-0.05301	0.00000
"C20_C006"	0.33322	0.35000	0.05000	-0.05000	-0.01678	0.00000
"C20_C011"	0.33529	0.35000	0.05000	-0.05000	-0.01471	0.00000
"C20_C016"	0.33662	0.35000	0.05000	-0.05000	-0.01338	0.00000
"C20_C021"	0.33088	0.35000	0.05000	-0.05000	-0.01912	0.00000
"C20_C026"	0.32902	0.35000	0.05000	-0.05000	-0.02098	0.00000
"C20_C031"	0.33089	0.35000	0.05000	-0.05000	-0.01911	0.00000
"C20_C036"	0.32810	0.35000	0.05000	-0.05000	-0.02190	0.00000
"C20_C041"	0.32679	0.35000	0.05000	-0.05000	-0.02321	0.00000
"C20_C046"	0.31541	0.35000	0.05000	-0.05000	-0.03459	0.00000
"C20_C051"	0.31655	0.35000	0.05000	-0.05000	-0.03345	0.00000
"C20_C056"	0.30956	0.35000	0.05000	-0.05000	-0.04044	0.00000
"C20_C060"	0.31770	0.35000	0.05000	-0.05000	-0.03230	0.00000
"C19_BC060"	1.40820	1.45000	0.10000	-0.10000	-0.04180	0.00000
"C11C"	37.46750	37.47000	0.13000	-0.13000	-0.00250	0.00000
"C20_D060"	0.36971	0.35000	0.05000	-0.05000	0.01971	0.00000
"C18_CD060"	1.13768	1.09000	0.10000	-0.10000	0.04768	0.00000
"C20_D056"	0.36347	0.35000	0.05000	-0.05000	0.01347	0.00000
"C20_D051"	0.37490	0.35000	0.05000	-0.05000	0.02490	0.00000
"C20_D046"	0.36430	0.35000	0.05000	-0.05000	0.01430	0.00000
"C20_D041"	0.37451	0.35000	0.05000	-0.05000	0.02451	0.00000
"C20_D036"	0.37196	0.35000	0.05000	-0.05000	0.02196	0.00000
"C20_D031"	0.37622	0.35000	0.05000	-0.05000	0.02622	0.00000
"C20_D026"	0.36442	0.35000	0.05000	-0.05000	0.01442	0.00000
"C20_D021"	0.36953	0.35000	0.05000	-0.05000	0.01953	0.00000
"C20_D016"	0.37030	0.35000	0.05000	-0.05000	0.02030	0.00000
"C20_D011"	0.37427	0.35000	0.05000	-0.05000	0.02427	0.00000
"C20_D006"	0.35885	0.35000	0.05000	-0.05000	0.00885	0.00000
"C20_D001"	0.39153	0.35000	0.05000	-0.05000	0.04153	0.00000
"C18_CD001"	1.12995	1.09000	0.10000	-0.10000	0.03995	0.00000
"C11D"	37.46204	37.47000	0.13000	-0.13000	-0.00796	0.00000
"C21"	0.06183	0.00000	0.10000	0.00000	0.06183	0.00000
":END"
":BEGIN"	"09:23:26 06:34:27"
"PATTERN: ADM6-60-01.5[-L][-S][-SLT]-4[-0][-1][-2][-A][-TR][-FR]"
"DISPLAY: accelerate_M20"
"UNIT: "
"C20_A001"	0.37527	0.35000	0.05000	-0.05000	0.02527	0.00000
"C20_A006"	0.36683	0.35000	0.05000	-0.05000	0.01683	0.00000
"C20_A011"	0.37425	0.35000	0.05000	-0.05000	0.02425	0.00000
"C20_A016"	0.36802	0.35000	0.05000	-0.05000	0.01802	0.00000
"C20_A021"	0.37817	0.35000	0.05000	-0.05000	0.02817	0.00000
"C20_A026"	0.37031	0.35000	0.05000	-0.05000	0.02031	0.00000
"C20_A031"	0.36141	0.35000	0.05000	-0.05000	0.01141	0.00000
"C20_A036"	0.37162	0.35000	0.05000	-0.05000	0.02162	0.00000
"C20_A041"	0.36031	0.35000	0.05000	-0.05000	0.01031	0.00000
"C20_A046"	0.35232	0.35000	0.05000	-0.05000	0.00232	0.00000
"C20_A051"	0.34865	0.35000	0.05000	-0.05000	-0.00135	0.00000
"C20_A056"	0.35036	0.35000	0.05000	-0.05000	0.00036	0.00000
"C20_A060"	0.35783	0.35000	0.05000	-0.05000	0.00783	0.00000
"C11A"	37.46644	37.47000	0.13000	-0.13000	-0.00356	0.00000
"C20_B060"	0.34277	0.35000	0.05000	-0.05000	-0.00723	0.00000
"C18_AB060"	1.11559	1.09000	0.10000	-0.10000	0.02559	0.00000
"C20_B056"	0.34239	0.35000	0.05000	-0.05000	-0.00761	0.00000
"C20_B051"	0.34151	0.35000	0.05000	-0.05000	-0.00849	0.00000
"C20_B046"	0.34907	0.35000	0.05000	-0.05000	-0.00093	0.00000
"C20_B041"	0.34218	0.35000	0.05000	-0.05000	-0.00782	0.00000
"C20_B036"	0.34454	0.35000	0.05000	-0.05000	-0.00546	0.00000
"C20_B031"	0.34843	0.35000	0.05000	-0.05000	-0.00157	0.00000
"C20_B026"	0.35535	0.35000	0.05000	-0.05000	0.00535	0.00000
"C20_B021"	0.35778	0.35000	0.05000	-0.05000	0.00778	0.00000
"C20_B016"	0.34866	0.35000	0.05000	-0.05000	-0.00134	0.00000
"C20_B011"	0.34928	0.35000	0.05000	-0.05000	-0.00072	0.00000
"C20_B006"	0.34358	0.35000	0.05000	-0.05000	-0.00642	0.00000
"C20_B001"	0.34616	0.35000	0.05000	-0.05000	-0.00384	0.00000
"C18_AB001"	1.12224	1.09000	0.10000	-0.10000	0.03224	0.00000
"C11B"	37.47690	37.47000	0.13000	-0.13000	0.00690	0.00000
"C20_C001"	0.35734	0.35000	0.05000	-0.05000	0.00734	0.00000
"C19_BC001"	1.41487	1.45000	0.10000	-0.10000	-0.03513	0.00000
"C20_C006"	0.33423	0.35000	0.05000	-0.05000	-0.01577	0.00000
"C20_C011"	0.33648	0.35000	0.05000	-0.05000	-0.01352	0.00000
"C20_C016"	0.33751	0.35000	0.05000	-0.05000	-0.01249	0.00000
"C20_C021"	0.33274	0.35000	0.05000	-0.05000	-0.01726	0.00000
"C20_C026"	0.32955	0.35000	0.05000	-0.05000	-0.02045	0.00000
"C20_C031"	0.33264	0.35000	0.05000	-0.05000	-0.01736	0.00000
"C20_C036"	0.32916	0.35000	0.05000	-0.05000	-0.02084	0.00000
"C20_C041"	0.32834	0.35000	0.05000	-0.05000	-0.02166	0.00000
"C20_C046"	0.31550	0.35000	0.05000	-0.05000	-0.03450	0.00000
"C20_C051"	0.31630	0.35000	0.05000	-0.05000	-0.03370	0.00000
"C20_C056"	0.31057	0.35000	0.05000	-0.05000	-0.03943	0.00000
"C20_C060"	0.31782	0.35000	0.05000	-0.05000	-0.03218	0.00000
"C19_BC060"	1.42704	1.45000	0.10000	-0.10000	-0.02296	0.00000
"C11C"	37.46594	37.47000	0.13000	-0.13000	-0.00406	0.00000
"C20_D060"	0.36663	0.35000	0.05000	-0.05000	0.01663	0.00000
"C18_CD060"	1.11795	1.09000	0.10000	-0.10000	0.02795	0.00000
"C20_D056"	0.36014	0.35000	0.05000	-0.05000	0.01014	0.00000
"C20_D051"	0.37119	0.35000	0.05000	-0.05000	0.02119	0.00000
"C20_D046"	0.36113	0.35000	0.05000	-0.05000	0.01113	0.00000
"C20_D041"	0.37295	0.35000	0.05000	-0.05000	0.02295	0.00000
"C20_D036"	0.36983	0.35000	0.05000	-0.05000	0.01983	0.00000
"C20_D031"	0.37342	0.35000	0.05000	-0.05000	0.02342	0.00000
"C20_D026"	0.36166	0.35000	0.05000	-0.05000	0.01166	0.00000
"C20_D021"	0.36726	0.35000	0.05000	-0.05000	0.01726	0.00000
"C20_D016"	0.36818	0.35000	0.05000	-0.05000	0.01818	0.00000
"C20_D011"	0.37063	0.35000	0.05000	-0.05000	0.02063	0.00000
"C20_D006"	0.35902	0.35000	0.05000	-0.05000	0.00902	0.00000
"C20_D001"	0.39013	0.35000	0.05000	-0.05000	0.04013	0.00000
"C18_CD001"	1.11093	1.09000	0.10000	-0.10000	0.02093	0.00000
"C11D"	37.46274	37.47000	0.13000	-0.13000	-0.00726	0.00000
"C21"	0.06127	0.00000	0.10000	0.00000	0.06127	0.00000
":END"
":BEGIN"	"09:23:26 06:47:42"
"PATTERN: ADM6-60-01.5[-L][-S][-SLT]-4[-0][-1][-2][-A][-TR][-FR]"
"DISPLAY: accelerate_M20"
"UNIT: "
"C20_A001"	0.37320	0.35000	0.05000	-0.05000	0.02320	0.00000
"C20_A006"	0.36486	0.35000	0.05000	-0.05000	0.01486	0.00000
"C20_A011"	0.37166	0.35000	0.05000	-0.05000	0.02166	0.00000
"C20_A016"	0.36712	0.35000	0.05000	-0.05000	0.01712	0.00000
"C20_A021"	0.37709	0.35000	0.05000	-0.05000	0.02709	0.00000
"C20_A026"	0.36896	0.35000	0.05000	-0.05000	0.01896	0.00000
"C20_A031"	0.35980	0.35000	0.05000	-0.05000	0.00980	0.00000
"C20_A036"	0.37273	0.35000	0.05000	-0.05000	0.02273	0.00000
"C20_A041"	0.35735	0.35000	0.05000	-0.05000	0.00735	0.00000
"C20_A046"	0.35090	0.35000	0.05000	-0.05000	0.00090	0.00000
"C20_A051"	0.34719	0.35000	0.05000	-0.05000	-0.00281	0.00000
"C20_A056"	0.34709	0.35000	0.05000	-0.05000	-0.00291	0.00000
"C20_A060"	0.35596	0.35000	0.05000	-0.05000	0.00596	0.00000
"C11A"	37.46589	37.47000	0.13000	-0.13000	-0.00411	0.00000
"C20_B060"	0.34426	0.35000	0.05000	-0.05000	-0.00574	0.00000
"C18_AB060"	1.11290	1.09000	0.10000	-0.10000	0.02290	0.00000
"C20_B056"	0.34403	0.35000	0.05000	-0.05000	-0.00597	0.00000
"C20_B051"	0.34139	0.35000	0.05000	-0.05000	-0.00861	0.00000
"C20_B046"	0.35077	0.35000	0.05000	-0.05000	0.00077	0.00000
"C20_B041"	0.34350	0.35000	0.05000	-0.05000	-0.00650	0.00000
"C20_B036"	0.34557	0.35000	0.05000	-0.05000	-0.00443	0.00000
"C20_B031"	0.34909	0.35000	0.05000	-0.05000	-0.00091	0.00000
"C20_B026"	0.35738	0.35000	0.05000	-0.05000	0.00738	0.00000
"C20_B021"	0.35884	0.35000	0.05000	-0.05000	0.00884	0.00000
"C20_B016"	0.34983	0.35000	0.05000	-0.05000	-0.00017	0.00000
"C20_B011"	0.35017	0.35000	0.05000	-0.05000	0.00017	0.00000
"C20_B006"	0.35025	0.35000	0.05000	-0.05000	0.00025	0.00000
"C20_B001"	0.34811	0.35000	0.05000	-0.05000	-0.00189	0.00000
"C18_AB001"	1.12245	1.09000	0.10000	-0.10000	0.03245	0.00000
"C11B"	37.47642	37.47000	0.13000	-0.13000	0.00642	0.00000
"C20_C001"	0.35586	0.35000	0.05000	-0.05000	0.00586	0.00000
"C19_BC001"	1.41449	1.45000	0.10000	-0.10000	-0.03551	0.00000
"C20_C006"	0.33375	0.35000	0.05000	-0.05000	-0.01625	0.00000
"C20_C011"	0.33366	0.35000	0.05000	-0.05000	-0.01634	0.00000
"C20_C016"	0.33618	0.35000	0.05000	-0.05000	-0.01382	0.00000
"C20_C021"	0.33263	0.35000	0.05000	-0.05000	-0.01737	0.00000
"C20_C026"	0.32835	0.35000	0.05000	-0.05000	-0.02165	0.00000
"C20_C031"	0.32980	0.35000	0.05000	-0.05000	-0.02020	0.00000
"C20_C036"	0.32766	0.35000	0.05000	-0.05000	-0.02234	0.00000
"C20_C041"	0.32811	0.35000	0.05000	-0.05000	-0.02189	0.00000
"C20_C046"	0.31655	0.35000	0.05000	-0.05000	-0.03345	0.00000
"C20_C051"	0.31558	0.35000	0.05000	-0.05000	-0.03442	0.00000
"C20_C056"	0.30899	0.35000	0.05000	-0.05000	-0.04101	0.00000
"C20_C060"	0.31845	0.35000	0.05000	-0.05000	-0.03155	0.00000
"C19_BC060"	1.40983	1.45000	0.10000	-0.10000	-0.04017	0.00000
"C11C"	37.46648	37.47000	0.13000	-0.13000	-0.00352	0.00000
"C20_D060"	0.37080	0.35000	0.05000	-0.05000	0.02080	0.00000
"C18_CD060"	1.13768	1.09000	0.10000	-0.10000	0.04768	0.00000
"C20_D056"	0.36357	0.35000	0.05000	-0.05000	0.01357	0.00000
"C20_D051"	0.37434	0.35000	0.05000	-0.05000	0.02434	0.00000
"C20_D046"	0.36480	0.35000	0.05000	-0.05000	0.01480	0.00000
"C20_D041"	0.37578	0.35000	0.05000	-0.05000	0.02578	0.00000
"C20_D036"	0.37197	0.35000	0.05000	-0.05000	0.02197	0.00000
"C20_D031"	0.37594	0.35000	0.05000	-0.05000	0.02594	0.00000
"C20_D026"	0.36283	0.35000	0.05000	-0.05000	0.01283	0.00000
"C20_D021"	0.36906	0.35000	0.05000	-0.05000	0.01906	0.00000
"C20_D016"	0.36949	0.35000	0.05000	-0.05000	0.01949	0.00000
"C20_D011"	0.37351	0.35000	0.05000	-0.05000	0.02351	0.00000
"C20_D006"	0.36104	0.35000	0.05000	-0.05000	0.01104	0.00000
"C20_D001"	0.39137	0.35000	0.05000	-0.05000	0.04137	0.00000
"C18_CD001"	1.11185	1.09000	0.10000	-0.10000	0.02185	0.00000
"C11D"	37.46157	37.47000	0.13000	-0.13000	-0.00843	0.00000
"C21"	0.06193	0.00000	0.10000	0.00000	0.06193	0.00000
":END"
":BEGIN"	"09:23:26 07:00:57"
"PATTERN: ADM6-60-01.5[-L][-S][-SLT]-4[-0][-1][-2][-A][-TR][-FR]"
"DISPLAY: accelerate_M20"
"UNIT: "
"C20_A001"	0.37289	0.35000	0.05000	-0.05000	0.02289	0.00000
"C20_A006"	0.36490	0.35000	0.05000	-0.05000	0.01490	0.00000
"C20_A011"	0.37192	0.35000	0.05000	-0.05000	0.02192	0.00000
"C20_A016"	0.36787	0.35000	0.05000	-0.05000	0.01787	0.00000
"C20_A021"	0.37637	0.35000	0.05000	-0.05000	0.02637	0.00000
"C20_A026"	0.36903	0.35000	0.05000	-0.05000	0.01903	0.00000
"C20_A031"	0.36122	0.35000	0.05000	-0.05000	0.01122	0.00000
"C20_A036"	0.36930	0.35000	0.05000	-0.05000	0.01930	0.00000
"C20_A041"	0.35795	0.35000	0.05000	-0.05000	0.00795	0.00000
"C20_A046"	0.35124	0.35000	0.05000	-0.05000	0.00124	0.00000
"C20_A051"	0.34708	0.35000	0.05000	-0.05000	-0.00292	0.00000
"C20_A056"	0.34735	0.35000	0.05000	-0.05000	-0.00265	0.00000
"C20_A060"	0.35618	0.35000	0.05000	-0.05000	0.00618	0.00000
"C11A"	37.46567	37.47000	0.13000	-0.13000	-0.00433	0.00000
"C20_B060"	0.34395	0.35000	0.05000	-0.05000	-0.00605	0.00000
"C18_AB060"	1.10965	1.09000	0.10000	-0.10000	0.01965	0.00000
"C20_B056"	0.34448	0.35000	0.05000	-0.05000	-0.00552	0.00000
"C20_B051"	0.34164	0.35000	0.05000	-0.05000	-0.00836	0.00000
"C20_B046"	0.34679	0.35000	0.05000	-0.05000	-0.00321	0.00000
"C20_B041"	0.34369	0.35000	0.05000	-0.05000	-0.00631	0.00000
"C20_B036"	0.34560	0.35000	0.05000	-0.05000	-0.00440	0.00000
"C20_B031"	0.34970	0.35000	0.05000	-0.05000	-0.00030	0.00000
"C20_B026"	0.35675	0.35000	0.05000	-0.05000	0.00675	0.00000
"C20_B021"	0.35919	0.35000	0.05000	-0.05000	0.00919	0.00000
"C20_B016"	0.34946	0.35000	0.05000	-0.05000	-0.00054	0.00000
"C20_B011"	0.35033	0.35000	0.05000	-0.05000	0.00033	0.00000
"C20_B006"	0.34506	0.35000	0.05000	-0.05000	-0.00494	0.00000
"C20_B001"	0.34662	0.35000	0.05000	-0.05000	-0.00338	0.00000
"C18_AB001"	1.11998	1.09000	0.10000	-0.10000	0.02998	0.00000
"C11B"	37.47562	37.47000	0.13000	-0.13000	0.00562	0.00000
"C20_C001"	0.35645	0.35000	0.05000	-0.05000	0.00645	0.00000
"C19_BC001"	1.39972	1.45000	0.10000	-0.10000	-0.05028	0.00000
"C20_C006"	0.33375	0.35000	0.05000	-0.05000	-0.01625	0.00000
"C20_C011"	0.33404	0.35000	0.05000	-0.05000	-0.01596	0.00000
"C20_C016"	0.33567	0.35000	0.05000	-0.05000	-0.01433	0.00000
"C20_C021"	0.33232	0.35000	0.05000	-0.05000	-0.01768	0.00000
"C20_C026"	0.32840	0.35000	0.05000	-0.05000	-0.02160	0.00000
"C20_C031"	0.33082	0.35000	0.05000	-0.05000	-0.01918	0.00000
"C20_C036"	0.32831	0.35000	0.05000	-0.05000	-0.02169	0.00000
"C20_C041"	0.32843	0.35000	0.05000	-0.05000	-0.02157	0.00000
"C20_C046"	0.31629	0.35000	0.05000	-0.05000	-0.03371	0.00000
"C20_C051"	0.31554	0.35000	0.05000	-0.05000	-0.03446	0.00000
"C20_C056"	0.30898	0.35000	0.05000	-0.05000	-0.04102	0.00000
"C20_C060"	0.31871	0.35000	0.05000	-0.05000	-0.03129	0.00000
"C19_BC060"	1.41274	1.45000	0.10000	-0.10000	-0.03726	0.00000
"C11C"	37.46618	37.47000	0.13000	-0.13000	-0.00382	0.00000
"C20_D060"	0.37023	0.35000	0.05000	-0.05000	0.02023	0.00000
"C18_CD060"	1.13776	1.09000	0.10000	-0.10000	0.04776	0.00000
"C20_D056"	0.36256	0.35000	0.05000	-0.05000	0.01256	0.00000
"C20_D051"	0.37322	0.35000	0.05000	-0.05000	0.02322	0.00000
"C20_D046"	0.36353	0.35000	0.05000	-0.05000	0.01353	0.00000
"C20_D041"	0.37581	0.35000	0.05000	-0.05000	0.02581	0.00000
"C20_D036"	0.37118	0.35000	0.05000	-0.05000	0.02118	0.00000
"C20_D031"	0.37506	0.35000	0.05000	-0.05000	0.02506	0.00000
"C20_D026"	0.36247	0.35000	0.05000	-0.05000	0.01247	0.00000
"C20_D021"	0.36894	0.35000	0.05000	-0.05000	0.01894	0.00000
"C20_D016"	0.36934	0.35000	0.05000	-0.05000	0.01934	0.00000
"C20_D011"	0.37235	0.35000	0.05000	-0.05000	0.02235	0.00000
"C20_D006"	0.36052	0.35000	0.05000	-0.05000	0.01052	0.00000
"C20_D001"	0.39027	0.35000	0.05000	-0.05000	0.04027	0.00000
"C18_CD001"	1.12888	1.09000	0.10000	-0.10000	0.03888	0.00000
"C11D"	37.46188	37.47000	0.13000	-0.13000	-0.00812	0.00000
"C21"	0.06164	0.00000	0.10000	0.00000	0.06164	0.00000
":END"
":BEGIN"	"09:23:26 07:14:07"
"PATTERN: ADM6-60-01.5[-L][-S][-SLT]-4[-0][-1][-2][-A][-TR][-FR]"
"DISPLAY: accelerate_M20"
"UNIT: "
"C20_A001"	0.37249	0.35000	0.05000	-0.05000	0.02249	0.00000
"C20_A006"	0.36531	0.35000	0.05000	-0.05000	0.01531	0.00000
"C20_A011"	0.37247	0.35000	0.05000	-0.05000	0.02247	0.00000
"C20_A016"	0.36589	0.35000	0.05000	-0.05000	0.01589	0.00000
"C20_A021"	0.37700	0.35000	0.05000	-0.05000	0.02700	0.00000
"C20_A026"	0.36946	0.35000	0.05000	-0.05000	0.01946	0.00000
"C20_A031"	0.36142	0.35000	0.05000	-0.05000	0.01142	0.00000
"C20_A036"	0.36981	0.35000	0.05000	-0.05000	0.01981	0.00000
"C20_A041"	0.35923	0.35000	0.05000	-0.05000	0.00923	0.00000
"C20_A046"	0.35049	0.35000	0.05000	-0.05000	0.00049	0.00000
"C20_A051"	0.34498	0.35000	0.05000	-0.05000	-0.00502	0.00000
"C20_A056"	0.34715	0.35000	0.05000	-0.05000	-0.00285	0.00000
"C20_A060"	0.35591	0.35000	0.05000	-0.05000	0.00591	0.00000
"C11A"	37.46747	37.47000	0.13000	-0.13000	-0.00253	0.00000
"C20_B060"	0.34476	0.35000	0.05000	-0.05000	-0.00524	0.00000
"C18_AB060"	1.11552	1.09000	0.10000	-0.10000	0.02552	0.00000
"C20_B056"	0.34228	0.35000	0.05000	-0.05000	-0.00772	0.00000
"C20_B051"	0.34125	0.35000	0.05000	-0.05000	-0.00875	0.00000
"C20_B046"	0.34610	0.35000	0.05000	-0.05000	-0.00390	0.00000
"C20_B041"	0.34446	0.35000	0.05000	-0.05000	-0.00554	0.00000
"C20_B036"	0.34589	0.35000	0.05000	-0.05000	-0.00411	0.00000
"C20_B031"	0.35022	0.35000	0.05000	-0.05000	0.00022	0.00000
"C20_B026"	0.35660	0.35000	0.05000	-0.05000	0.00660	0.00000
"C20_B021"	0.35703	0.35000	0.05000	-0.05000	0.00703	0.00000
"C20_B016"	0.34961	0.35000	0.05000	-0.05000	-0.00039	0.00000
"C20_B011"	0.35023	0.35000	0.05000	-0.05000	0.00023	0.00000
"C20_B006"	0.34832	0.35000	0.05000	-0.05000	-0.00168	0.00000
"C20_B001"	0.34650	0.35000	0.05000	-0.05000	-0.00350	0.00000
"C18_AB001"	1.11966	1.09000	0.10000	-0.10000	0.02966	0.00000
"C11B"	37.47615	37.47000	0.13000	-0.13000	0.00615	0.00000
"C20_C001"	0.35568	0.35000	0.05000	-0.05000	0.00568	0.00000
"C19_BC001"	1.40091	1.45000	0.10000	-0.10000	-0.04909	0.00000
"C20_C006"	0.33295	0.35000	0.05000	-0.05000	-0.01705	0.00000
"C20_C011"	0.33414	0.35000	0.05000	-0.05000	-0.01586	0.00000
"C20_C016"	0.33463	0.35000	0.05000	-0.05000	-0.01537	0.00000
"C20_C021"	0.33139	0.35000	0.05000	-0.05000	-0.01861	0.00000
"C20_C026"	0.32825	0.35000	0.05000	-0.05000	-0.02175	0.00000
"C20_C031"	0.33033	0.35000	0.05000	-0.05000	-0.01967	0.00000
"C20_C036"	0.32782	0.35000	0.05000	-0.05000	-0.02218	0.00000
"C20_C041"	0.32752	0.35000	0.05000	-0.05000	-0.02248	0.00000
"C20_C046"	0.31782	0.35000	0.05000	-0.05000	-0.03218	0.00000
"C20_C051"	0.31528	0.35000	0.05000	-0.05000	-0.03472	0.00000
"C20_C056"	0.30852	0.35000	0.05000	-0.05000	-0.04148	0.00000
"C20_C060"	0.31821	0.35000	0.05000	-0.05000	-0.03179	0.00000
"C19_BC060"	1.41003	1.45000	0.10000	-0.10000	-0.03997	0.00000
"C11C"	37.46642	37.47000	0.13000	-0.13000	-0.00358	0.00000
"C20_D060"	0.36955	0.35000	0.05000	-0.05000	0.01955	0.00000
"C18_CD060"	1.13478	1.09000	0.10000	-0.10000	0.04478	0.00000
"C20_D056"	0.36116	0.35000	0.05000	-0.05000	0.01116	0.00000
"C20_D051"	0.37493	0.35000	0.05000	-0.05000	0.02493	0.00000
"C20_D046"	0.36460	0.35000	0.05000	-0.05000	0.01460	0.00000
"C20_D041"	0.37517	0.35000	0.05000	-0.05000	0.02517	0.00000
"C20_D036"	0.37139	0.35000	0.05000	-0.05000	0.02139	0.00000
"C20_D031"	0.37527	0.35000	0.05000	-0.05000	0.02527	0.00000
"C20_D026"	0.36298	0.35000	0.05000	-0.05000	0.01298	0.00000
"C20_D021"	0.36858	0.35000	0.05000	-0.05000	0.01858	0.00000
"C20_D016"	0.36959	0.35000	0.05000	-0.05000	0.01959	0.00000
"C20_D011"	0.37288	0.35000	0.05000	-0.05000	0.02288	0.00000
"C20_D006"	0.35956	0.35000	0.05000	-0.05000	0.00956	0.00000
"C20_D001"	0.39038	0.35000	0.05000	-0.05000	0.04038	0.00000
"C18_CD001"	1.12784	1.09000	0.10000	-0.10000	0.03784	0.00000
"C11D"	37.46281	37.47000	0.13000	-0.13000	-0.00719	0.00000
"C21"	0.06193	0.00000	0.10000	0.00000	0.06193	0.00000
":END"
":BEGIN"	"09:23:26 09:26:29"
"PATTERN: ADM6-60-01.5[-L][-S][-SLT]-4[-0][-1][-2][-A][-TR][-FR]"
"DISPLAY: accelerate_M20"
"UNIT: "
"C20_A001"	0.37157	0.35000	0.05000	-0.05000	0.02157	0.00000
"C20_A006"	0.36473	0.35000	0.05000	-0.05000	0.01473	0.00000
"C20_A011"	0.37195	0.35000	0.05000	-0.05000	0.02195	0.00000
"C20_A016"	0.36404	0.35000	0.05000	-0.05000	0.01404	0.00000
"C20_A021"	0.37597	0.35000	0.05000	-0.05000	0.02597	0.00000
"C20_A026"	0.36862	0.35000	0.05000	-0.05000	0.01862	0.00000
"C20_A031"	0.36036	0.35000	0.05000	-0.05000	0.01036	0.00000
"C20_A036"	0.36742	0.35000	0.05000	-0.05000	0.01742	0.00000
"C20_A041"	0.35734	0.35000	0.05000	-0.05000	0.00734	0.00000
"C20_A046"	0.34849	0.35000	0.05000	-0.05000	-0.00151	0.00000
"C20_A051"	0.34544	0.35000	0.05000	-0.05000	-0.00456	0.00000
"C20_A056"	0.34680	0.35000	0.05000	-0.05000	-0.00320	0.00000
"C20_A060"	0.35474	0.35000	0.05000	-0.05000	0.00474	0.00000
"C11A"	37.46567	37.47000	0.13000	-0.13000	-0.00433	0.00000
"C20_B060"	0.34437	0.35000	0.05000	-0.05000	-0.00563	0.00000
"C18_AB060"	1.11383	1.09000	0.10000	-0.10000	0.02383	0.00000
"C20_B056"	0.34416	0.35000	0.05000	-0.05000	-0.00584	0.00000
"C20_B051"	0.34079	0.35000	0.05000	-0.05000	-0.00921	0.00000
"C20_B046"	0.34612	0.35000	0.05000	-0.05000	-0.00388	0.00000
"C20_B041"	0.34311	0.35000	0.05000	-0.05000	-0.00689	0.00000
"C20_B036"	0.34508	0.35000	0.05000	-0.05000	-0.00492	0.00000
"C20_B031"	0.34902	0.35000	0.05000	-0.05000	-0.00098	0.00000
"C20_B026"	0.35638	0.35000	0.05000	-0.05000	0.00638	0.00000
"C20_B021"	0.35660	0.35000	0.05000	-0.05000	0.00660	0.00000
"C20_B016"	0.34965	0.35000	0.05000	-0.05000	-0.00035	0.00000
"C20_B011"	0.35001	0.35000	0.05000	-0.05000	0.00001	0.00000
"C20_B006"	0.34487	0.35000	0.05000	-0.05000	-0.00513	0.00000
"C20_B001"	0.34639	0.35000	0.05000	-0.05000	-0.00361	0.00000
"C18_AB001"	1.12052	1.09000	0.10000	-0.10000	0.03052	0.00000
"C11B"	37.47541	37.47000	0.13000	-0.13000	0.00541	0.00000
"C20_C001"	0.35467	0.35000	0.05000	-0.05000	0.00467	0.00000
"C19_BC001"	1.41734	1.45000	0.10000	-0.10000	-0.03266	0.00000
"C20_C006"	0.33379	0.35000	0.05000	-0.05000	-0.01621	0.00000
"C20_C011"	0.33535	0.35000	0.05000	-0.05000	-0.01465	0.00000
"C20_C016"	0.33414	0.35000	0.05000	-0.05000	-0.01586	0.00000
"C20_C021"	0.32998	0.35000	0.05000	-0.05000	-0.02002	0.00000
"C20_C026"	0.32666	0.35000	0.05000	-0.05000	-0.02334	0.00000
"C20_C031"	0.32921	0.35000	0.05000	-0.05000	-0.02079	0.00000
"C20_C036"	0.32680	0.35000	0.05000	-0.05000	-0.02320	0.00000
"C20_C041"	0.32805	0.35000	0.05000	-0.05000	-0.02195	0.00000
"C20_C046"	0.31591	0.35000	0.05000	-0.05000	-0.03409	0.00000
"C20_C051"	0.31510	0.35000	0.05000	-0.05000	-0.03490	0.00000
"C20_C056"	0.30779	0.35000	0.05000	-0.05000	-0.04221	0.00000
"C20_C060"	0.31889	0.35000	0.05000	-0.05000	-0.03111	0.00000
"C19_BC060"	1.40744	1.45000	0.10000	-0.10000	-0.04256	0.00000
"C11C"	37.46517	37.47000	0.13000	-0.13000	-0.00483	0.00000
"C20_D060"	0.37033	0.35000	0.05000	-0.05000	0.02033	0.00000
"C18_CD060"	1.13807	1.09000	0.10000	-0.10000	0.04807	0.00000
"C20_D056"	0.36209	0.35000	0.05000	-0.05000	0.01209	0.00000
"C20_D051"	0.37492	0.35000	0.05000	-0.05000	0.02492	0.00000
"C20_D046"	0.36454	0.35000	0.05000	-0.05000	0.01454	0.00000
"C20_D041"	0.37549	0.35000	0.05000	-0.05000	0.02549	0.00000
"C20_D036"	0.37080	0.35000	0.05000	-0.05000	0.02080	0.00000
"C20_D031"	0.37447	0.35000	0.05000	-0.05000	0.02447	0.00000
"C20_D026"	0.36195	0.35000	0.05000	-0.05000	0.01195	0.00000
"C20_D021"	0.36820	0.35000	0.05000	-0.05000	0.01820	0.00000
"C20_D016"	0.36942	0.35000	0.05000	-0.05000	0.01942	0.00000
"C20_D011"	0.37264	0.35000	0.05000	-0.05000	0.02264	0.00000
"C20_D006"	0.36245	0.35000	0.05000	-0.05000	0.01245	0.00000
"C20_D001"	0.38839	0.35000	0.05000	-0.05000	0.03839	0.00000
"C18_CD001"	1.11169	1.09000	0.10000	-0.10000	0.02169	0.00000
"C11D"	37.46144	37.47000	0.13000	-0.13000	-0.00856	0.00000
"C21"	0.06204	0.00000	0.10000	0.00000	0.06204	0.00000
":END"
":BEGIN"	"09:23:26 09:39:33"
"PATTERN: ADM6-60-01.5[-L][-S][-SLT]-4[-0][-1][-2][-A][-TR][-FR]"
"DISPLAY: accelerate_M20"
"UNIT: "
"C20_A001"	0.37158	0.35000	0.05000	-0.05000	0.02158	0.00000
"C20_A006"	0.36422	0.35000	0.05000	-0.05000	0.01422	0.00000
"C20_A011"	0.37272	0.35000	0.05000	-0.05000	0.02272	0.00000
"C20_A016"	0.36514	0.35000	0.05000	-0.05000	0.01514	0.00000
"C20_A021"	0.37723	0.35000	0.05000	-0.05000	0.02723	0.00000
"C20_A026"	0.36865	0.35000	0.05000	-0.05000	0.01865	0.00000
"C20_A031"	0.36073	0.35000	0.05000	-0.05000	0.01073	0.00000
"C20_A036"	0.36950	0.35000	0.05000	-0.05000	0.01950	0.00000
"C20_A041"	0.35759	0.35000	0.05000	-0.05000	0.00759	0.00000
"C20_A046"	0.35020	0.35000	0.05000	-0.05000	0.00020	0.00000
"C20_A051"	0.34497	0.35000	0.05000	-0.05000	-0.00503	0.00000
"C20_A056"	0.34779	0.35000	0.05000	-0.05000	-0.00221	0.00000
"C20_A060"	0.35531	0.35000	0.05000	-0.05000	0.00531	0.00000
"C11A"	37.46647	37.47000	0.13000	-0.13000	-0.00353	0.00000
"C20_B060"	0.34488	0.35000	0.05000	-0.05000	-0.00512	0.00000
"C18_AB060"	1.11384	1.09000	0.10000	-0.10000	0.02384	0.00000
"C20_B056"	0.34390	0.35000	0.05000	-0.05000	-0.00610	0.00000
"C20_B051"	0.34078	0.35000	0.05000	-0.05000	-0.00922	0.00000
"C20_B046"	0.34619	0.35000	0.05000	-0.05000	-0.00381	0.00000
"C20_B041"	0.34352	0.35000	0.05000	-0.05000	-0.00648	0.00000
"C20_B036"	0.34607	0.35000	0.05000	-0.05000	-0.00393	0.00000
"C20_B031"	0.35008	0.35000	0.05000	-0.05000	0.00008	0.00000
"C20_B026"	0.35672	0.35000	0.05000	-0.05000	0.00672	0.00000
"C20_B021"	0.35958	0.35000	0.05000	-0.05000	0.00958	0.00000
"C20_B016"	0.34994	0.35000	0.05000	-0.05000	-0.00006	0.00000
"C20_B011"	0.35030	0.35000	0.05000	-0.05000	0.00030	0.00000
"C20_B006"	0.34448	0.35000	0.05000	-0.05000	-0.00552	0.00000
"C20_B001"	0.34624	0.35000	0.05000	-0.05000	-0.00376	0.00000
"C18_AB001"	1.12013	1.09000	0.10000	-0.10000	0.03013	0.00000
"C11B"	37.47740	37.47000	0.13000	-0.13000	0.00740	0.00000
"C20_C001"	0.35518	0.35000	0.05000	-0.05000	0.00518	0.00000
"C19_BC001"	1.40087	1.45000	0.10000	-0.10000	-0.04913	0.00000
"C20_C006"	0.33346	0.35000	0.05000	-0.05000	-0.01654	0.00000
"C20_C011"	0.33529	0.35000	0.05000	-0.05000	-0.01471	0.00000
"C20_C016"	0.33505	0.35000	0.05000	-0.05000	-0.01495	0.00000
"C20_C021"	0.33001	0.35000	0.05000	-0.05000	-0.01999	0.00000
"C20_C026"	0.32761	0.35000	0.05000	-0.05000	-0.02239	0.00000
"C20_C031"	0.32982	0.35000	0.05000	-0.05000	-0.02018	0.00000
"C20_C036"	0.32728	0.35000	0.05000	-0.05000	-0.02272	0.00000
"C20_C041"	0.32704	0.35000	0.05000	-0.05000	-0.02296	0.00000
"C20_C046"	0.31574	0.35000	0.05000	-0.05000	-0.03426	0.00000
"C20_C051"	0.31546	0.35000	0.05000	-0.05000	-0.03454	0.00000
"C20_C056"	0.30883	0.35000	0.05000	-0.05000	-0.04117	0.00000
"C20_C060"	0.31794	0.35000	0.05000	-0.05000	-0.03206	0.00000
"C19_BC060"	1.41027	1.45000	0.10000	-0.10000	-0.03973	0.00000
"C11C"	37.46579	37.47000	0.13000	-0.13000	-0.00421	0.00000
"C20_D060"	0.37025	0.35000	0.05000	-0.05000	0.02025	0.00000
"C18_CD060"	1.13700	1.09000	0.10000	-0.10000	0.04700	0.00000
"C20_D056"	0.36256	0.35000	0.05000	-0.05000	0.01256	0.00000
"C20_D051"	0.37458	0.35000	0.05000	-0.05000	0.02458	0.00000
"C20_D046"	0.36412	0.35000	0.05000	-0.05000	0.01412	0.00000
"C20_D041"	0.37506	0.35000	0.05000	-0.05000	0.02506	0.00000
"C20_D036"	0.37164	0.35000	0.05000	-0.05000	0.02164	0.00000
"C20_D031"	0.37529	0.35000	0.05000	-0.05000	0.02529	0.00000
"C20_D026"	0.36276	0.35000	0.05000	-0.05000	0.01276	0.00000
"C20_D021"	0.36930	0.35000	0.05000	-0.05000	0.01930	0.00000
"C20_D016"	0.37011	0.35000	0.05000	-0.05000	0.02011	0.00000
"C20_D011"	0.37396	0.35000	0.05000	-0.05000	0.02396	0.00000
"C20_D006"	0.36072	0.35000	0.05000	-0.05000	0.01072	0.00000
"C20_D001"	0.39019	0.35000	0.05000	-0.05000	0.04019	0.00000
"C18_CD001"	1.12811	1.09000	0.10000	-0.10000	0.03811	0.00000
"C11D"	37.46140	37.47000	0.13000	-0.13000	-0.00860	0.00000
"C21"	0.06198	0.00000	0.10000	0.00000	0.06198	0.00000
":END"
":BEGIN"	"09:23:26 09:52:22"
"PATTERN: ADM6-60-01.5[-L][-S][-SLT]-4[-0][-1][-2][-A][-TR][-FR]"
"DISPLAY: accelerate_M20"
"UNIT: "
"C20_A001"	0.37349	0.35000	0.05000	-0.05000	0.02349	0.00000
"C20_A006"	0.36416	0.35000	0.05000	-0.05000	0.01416	0.00000
"C20_A011"	0.37192	0.35000	0.05000	-0.05000	0.02192	0.00000
"C20_A016"	0.36531	0.35000	0.05000	-0.05000	0.01531	0.00000
"C20_A021"	0.37757	0.35000	0.05000	-0.05000	0.02757	0.00000
"C20_A026"	0.36899	0.35000	0.05000	-0.05000	0.01899	0.00000
"C20_A031"	0.36084	0.35000	0.05000	-0.05000	0.01084	0.00000
"C20_A036"	0.36812	0.35000	0.05000	-0.05000	0.01812	0.00000
"C20_A041"	0.35593	0.35000	0.05000	-0.05000	0.00593	0.00000
"C20_A046"	0.35131	0.35000	0.05000	-0.05000	0.00131	0.00000
"C20_A051"	0.34667	0.35000	0.05000	-0.05000	-0.00333	0.00000
"C20_A056"	0.34950	0.35000	0.05000	-0.05000	-0.00050	0.00000
"C20_A060"	0.35513	0.35000	0.05000	-0.05000	0.00513	0.00000
"C11A"	37.46532	37.47000	0.13000	-0.13000	-0.00468	0.00000
"C20_B060"	0.34411	0.35000	0.05000	-0.05000	-0.00589	0.00000
"C18_AB060"	1.11774	1.09000	0.10000	-0.10000	0.02774	0.00000
"C20_B056"	0.34441	0.35000	0.05000	-0.05000	-0.00559	0.00000
"C20_B051"	0.34224	0.35000	0.05000	-0.05000	-0.00776	0.00000
"C20_B046"	0.34683	0.35000	0.05000	-0.05000	-0.00317	0.00000
"C20_B041"	0.34304	0.35000	0.05000	-0.05000	-0.00696	0.00000
"C20_B036"	0.34507	0.35000	0.05000	-0.05000	-0.00493	0.00000
"C20_B031"	0.34888	0.35000	0.05000	-0.05000	-0.00112	0.00000
"C20_B026"	0.35739	0.35000	0.05000	-0.05000	0.00739	0.00000
"C20_B021"	0.35736	0.35000	0.05000	-0.05000	0.00736	0.00000
"C20_B016"	0.35011	0.35000	0.05000	-0.05000	0.00011	0.00000
"C20_B011"	0.34884	0.35000	0.05000	-0.05000	-0.00116	0.00000
"C20_B006"	0.35049	0.35000	0.05000	-0.05000	0.00049	0.00000
"C20_B001"	0.34670	0.35000	0.05000	-0.05000	-0.00330	0.00000
"C18_AB001"	1.12013	1.09000	0.10000	-0.10000	0.03013	0.00000
"C11B"	37.47659	37.47000	0.13000	-0.13000	0.00659	0.00000
"C20_C001"	0.35639	0.35000	0.05000	-0.05000	0.00639	0.00000
"C19_BC001"	1.41723	1.45000	0.10000	-0.10000	-0.03277	0.00000
"C20_C006"	0.33465	0.35000	0.05000	-0.05000	-0.01535	0.00000
"C20_C011"	0.33343	0.35000	0.05000	-0.05000	-0.01657	0.00000
"C20_C016"	0.33515	0.35000	0.05000	-0.05000	-0.01485	0.00000
"C20_C021"	0.33109	0.35000	0.05000	-0.05000	-0.01891	0.00000
"C20_C026"	0.32728	0.35000	0.05000	-0.05000	-0.02272	0.00000
"C20_C031"	0.32944	0.35000	0.05000	-0.05000	-0.02056	0.00000
"C20_C036"	0.32807	0.35000	0.05000	-0.05000	-0.02193	0.00000
"C20_C041"	0.32901	0.35000	0.05000	-0.05000	-0.02099	0.00000
"C20_C046"	0.31619	0.35000	0.05000	-0.05000	-0.03381	0.00000
"C20_C051"	0.31506	0.35000	0.05000	-0.05000	-0.03494	0.00000
"C20_C056"	0.30961	0.35000	0.05000	-0.05000	-0.04039	0.00000
"C20_C060"	0.31917	0.35000	0.05000	-0.05000	-0.03083	0.00000
"C19_BC060"	1.41034	1.45000	0.10000	-0.10000	-0.03966	0.00000
"C11C"	37.46751	37.47000	0.13000	-0.13000	-0.00249	0.00000
"C20_D060"	0.37022	0.35000	0.05000	-0.05000	0.02022	0.00000
"C18_CD060"	1.13818	1.09000	0.10000	-0.10000	0.04818	0.00000
"C20_D056"	0.36248	0.35000	0.05000	-0.05000	0.01248	0.00000
"C20_D051"	0.37261	0.35000	0.05000	-0.05000	0.02261	0.00000
"C20_D046"	0.36388	0.35000	0.05000	-0.05000	0.01388	0.00000
"C20_D041"	0.37583	0.35000	0.05000	-0.05000	0.02583	0.00000
"C20_D036"	0.37053	0.35000	0.05000	-0.05000	0.02053	0.00000
"C20_D031"	0.37408	0.35000	0.05000	-0.05000	0.02408	0.00000
"C20_D026"	0.36254	0.35000	0.05000	-0.05000	0.01254	0.00000
"C20_D021"	0.36754	0.35000	0.05000	-0.05000	0.01754	0.00000
"C20_D016"	0.36926	0.35000	0.05000	-0.05000	0.01926	0.00000
"C20_D011"	0.37379	0.35000	0.05000	-0.05000	0.02379	0.00000
"C20_D006"	0.36198	0.35000	0.05000	-0.05000	0.01198	0.00000
"C20_D001"	0.38910	0.35000	0.05000	-0.05000	0.03910	0.00000
"C18_CD001"	1.10961	1.09000	0.10000	-0.10000	0.01961	0.00000
"C11D"	37.46164	37.47000	0.13000	-0.13000	-0.00836	0.00000
"C21"	0.06133	0.00000	0.10000	0.00000	0.06133	0.00000
":END"
":BEGIN"	"09:25:26 05:47:11"
"PATTERN: ADM6-60-01.5[-L][-S][-SLT]-4[-0][-1][-2][-A][-TR][-FR]"
"DISPLAY: accelerate_M20"
"UNIT: "
"C20_A001"	0.36231	0.35000	0.05000	-0.05000	0.01231	0.00000
"C20_A006"	0.36881	0.35000	0.05000	-0.05000	0.01881	0.00000
"C20_A011"	0.35592	0.35000	0.05000	-0.05000	0.00592	0.00000
"C20_A016"	0.36720	0.35000	0.05000	-0.05000	0.01720	0.00000
"C20_A021"	0.35457	0.35000	0.05000	-0.05000	0.00457	0.00000
"C20_A026"	0.35448	0.35000	0.05000	-0.05000	0.00448	0.00000
"C20_A031"	0.35337	0.35000	0.05000	-0.05000	0.00337	0.00000
"C20_A036"	0.35387	0.35000	0.05000	-0.05000	0.00387	0.00000
"C20_A041"	0.34456	0.35000	0.05000	-0.05000	-0.00544	0.00000
"C20_A046"	0.33970	0.35000	0.05000	-0.05000	-0.01030	0.00000
"C20_A051"	0.33439	0.35000	0.05000	-0.05000	-0.01561	0.00000
"C20_A056"	0.32375	0.35000	0.05000	-0.05000	-0.02625	0.00000
"C20_A060"	0.32857	0.35000	0.05000	-0.05000	-0.02143	0.00000
"C11A"	37.45727	37.47000	0.13000	-0.13000	-0.01273	0.00000
"C20_B060"	0.34167	0.35000	0.05000	-0.05000	-0.00833	0.00000
"C18_AB060"	1.11836	1.09000	0.10000	-0.10000	0.02836	0.00000
"C20_B056"	0.33768	0.35000	0.05000	-0.05000	-0.01232	0.00000
"C20_B051"	0.34415	0.35000	0.05000	-0.05000	-0.00585	0.00000
"C20_B046"	0.34426	0.35000	0.05000	-0.05000	-0.00574	0.00000
"C20_B041"	0.34769	0.35000	0.05000	-0.05000	-0.00231	0.00000
"C20_B036"	0.35079	0.35000	0.05000	-0.05000	0.00079	0.00000
"C20_B031"	0.34378	0.35000	0.05000	-0.05000	-0.00622	0.00000
"C20_B026"	0.34877	0.35000	0.05000	-0.05000	-0.00123	0.00000
"C20_B021"	0.34251	0.35000	0.05000	-0.05000	-0.00749	0.00000
"C20_B016"	0.35271	0.35000	0.05000	-0.05000	0.00271	0.00000
"C20_B011"	0.34177	0.35000	0.05000	-0.05000	-0.00823	0.00000
"C20_B006"	0.34798	0.35000	0.05000	-0.05000	-0.00202	0.00000
"C20_B001"	0.33927	0.35000	0.05000	-0.05000	-0.01073	0.00000
"C18_AB001"	1.12726	1.09000	0.10000	-0.10000	0.03726	0.00000
"C11B"	37.47180	37.47000	0.13000	-0.13000	0.00180	0.00000
"C20_C001"	0.34879	0.35000	0.05000	-0.05000	-0.00121	0.00000
"C19_BC001"	1.41272	1.45000	0.10000	-0.10000	-0.03728	0.00000
"C20_C006"	0.33792	0.35000	0.05000	-0.05000	-0.01208	0.00000
"C20_C011"	0.32883	0.35000	0.05000	-0.05000	-0.02117	0.00000
"C20_C016"	0.32149	0.35000	0.05000	-0.05000	-0.02851	0.00000
"C20_C021"	0.33135	0.35000	0.05000	-0.05000	-0.01865	0.00000
"C20_C026"	0.33089	0.35000	0.05000	-0.05000	-0.01911	0.00000
"C20_C031"	0.33169	0.35000	0.05000	-0.05000	-0.01831	0.00000
"C20_C036"	0.32678	0.35000	0.05000	-0.05000	-0.02322	0.00000
"C20_C041"	0.32344	0.35000	0.05000	-0.05000	-0.02656	0.00000
"C20_C046"	0.30316	0.35000	0.05000	-0.05000	-0.04684	0.00000
"C20_C051"	0.31954	0.35000	0.05000	-0.05000	-0.03046	0.00000
"C20_C056"	0.31259	0.35000	0.05000	-0.05000	-0.03741	0.00000
"C20_C060"	0.30016	0.35000	0.05000	-0.05000	-0.04984	0.00000
"C19_BC060"	1.41453	1.45000	0.10000	-0.10000	-0.03547	0.00000
"C11C"	37.46495	37.47000	0.13000	-0.13000	-0.00505	0.00000
"C20_D060"	0.34275	0.35000	0.05000	-0.05000	-0.00725	0.00000
"C18_CD060"	1.13109	1.09000	0.10000	-0.10000	0.04109	0.00000
"C20_D056"	0.34380	0.35000	0.05000	-0.05000	-0.00620	0.00000
"C20_D051"	0.35904	0.35000	0.05000	-0.05000	0.00904	0.00000
"C20_D046"	0.35134	0.35000	0.05000	-0.05000	0.00134	0.00000
"C20_D041"	0.36994	0.35000	0.05000	-0.05000	0.01994	0.00000
"C20_D036"	0.36409	0.35000	0.05000	-0.05000	0.01409	0.00000
"C20_D031"	0.37502	0.35000	0.05000	-0.05000	0.02502	0.00000
"C20_D026"	0.36177	0.35000	0.05000	-0.05000	0.01177	0.00000
"C20_D021"	0.37714	0.35000	0.05000	-0.05000	0.02714	0.00000
"C20_D016"	0.35142	0.35000	0.05000	-0.05000	0.00142	0.00000
"C20_D011"	0.36682	0.35000	0.05000	-0.05000	0.01682	0.00000
"C20_D006"	0.36730	0.35000	0.05000	-0.05000	0.01730	0.00000
"C20_D001"	0.37501	0.35000	0.05000	-0.05000	0.02501	0.00000
"C18_CD001"	1.12208	1.09000	0.10000	-0.10000	0.03208	0.00000
"C11D"	37.48278	37.47000	0.13000	-0.13000	0.01278	0.00000
"C21"	0.05115	0.00000	0.10000	0.00000	0.05115	0.00000
":END"
":BEGIN"	"09:25:26 08:35:27"
"PATTERN: ADM6-60-01.5[-L][-S][-SLT]-4[-0][-1][-2][-A][-TR][-FR]"
"DISPLAY: accelerate_M20"
"UNIT: "
"C20_A001"	0.36583	0.35000	0.05000	-0.05000	0.01583	0.00000
"C20_A006"	0.36592	0.35000	0.05000	-0.05000	0.01592	0.00000
"C20_A011"	0.35644	0.35000	0.05000	-0.05000	0.00644	0.00000
"C20_A016"	0.36877	0.35000	0.05000	-0.05000	0.01877	0.00000
"C20_A021"	0.35589	0.35000	0.05000	-0.05000	0.00589	0.00000
"C20_A026"	0.35554	0.35000	0.05000	-0.05000	0.00554	0.00000
"C20_A031"	0.35318	0.35000	0.05000	-0.05000	0.00318	0.00000
"C20_A036"	0.35379	0.35000	0.05000	-0.05000	0.00379	0.00000
"C20_A041"	0.34618	0.35000	0.05000	-0.05000	-0.00382	0.00000
"C20_A046"	0.34116	0.35000	0.05000	-0.05000	-0.00884	0.00000
"C20_A051"	0.33603	0.35000	0.05000	-0.05000	-0.01397	0.00000
"C20_A056"	0.32583	0.35000	0.05000	-0.05000	-0.02417	0.00000
"C20_A060"	0.32988	0.35000	0.05000	-0.05000	-0.02012	0.00000
"C11A"	37.45747	37.47000	0.13000	-0.13000	-0.01253	0.00000
"C20_B060"	0.33996	0.35000	0.05000	-0.05000	-0.01004	0.00000
"C18_AB060"	1.11896	1.09000	0.10000	-0.10000	0.02896	0.00000
"C20_B056"	0.33732	0.35000	0.05000	-0.05000	-0.01268	0.00000
"C20_B051"	0.34254	0.35000	0.05000	-0.05000	-0.00746	0.00000
"C20_B046"	0.34352	0.35000	0.05000	-0.05000	-0.00648	0.00000
"C20_B041"	0.34659	0.35000	0.05000	-0.05000	-0.00341	0.00000
"C20_B036"	0.34980	0.35000	0.05000	-0.05000	-0.00020	0.00000
"C20_B031"	0.34331	0.35000	0.05000	-0.05000	-0.00669	0.00000
"C20_B026"	0.34749	0.35000	0.05000	-0.05000	-0.00251	0.00000
"C20_B021"	0.34144	0.35000	0.05000	-0.05000	-0.00856	0.00000
"C20_B016"	0.35226	0.35000	0.05000	-0.05000	0.00226	0.00000
"C20_B011"	0.33975	0.35000	0.05000	-0.05000	-0.01025	0.00000
"C20_B006"	0.34725	0.35000	0.05000	-0.05000	-0.00275	0.00000
"C20_B001"	0.33809	0.35000	0.05000	-0.05000	-0.01191	0.00000
"C18_AB001"	1.12838	1.09000	0.10000	-0.10000	0.03838	0.00000
"C11B"	37.47211	37.47000	0.13000	-0.13000	0.00211	0.00000
"C20_C001"	0.34917	0.35000	0.05000	-0.05000	-0.00083	0.00000
"C19_BC001"	1.41005	1.45000	0.10000	-0.10000	-0.03995	0.00000
"C20_C006"	0.33821	0.35000	0.05000	-0.05000	-0.01179	0.00000
"C20_C011"	0.32919	0.35000	0.05000	-0.05000	-0.02081	0.00000
"C20_C016"	0.32149	0.35000	0.05000	-0.05000	-0.02851	0.00000
"C20_C021"	0.33227	0.35000	0.05000	-0.05000	-0.01773	0.00000
"C20_C026"	0.33112	0.35000	0.05000	-0.05000	-0.01888	0.00000
"C20_C031"	0.33188	0.35000	0.05000	-0.05000	-0.01812	0.00000
"C20_C036"	0.32767	0.35000	0.05000	-0.05000	-0.02233	0.00000
"C20_C041"	0.32399	0.35000	0.05000	-0.05000	-0.02601	0.00000
"C20_C046"	0.30206	0.35000	0.05000	-0.05000	-0.04794	0.00000
"C20_C051"	0.31949	0.35000	0.05000	-0.05000	-0.03051	0.00000
"C20_C056"	0.31348	0.35000	0.05000	-0.05000	-0.03652	0.00000
"C20_C060"	0.30075	0.35000	0.05000	-0.05000	-0.04925	0.00000
"C19_BC060"	1.41463	1.45000	0.10000	-0.10000	-0.03537	0.00000
"C11C"	37.46453	37.47000	0.13000	-0.13000	-0.00547	0.00000
"C20_D060"	0.34069	0.35000	0.05000	-0.05000	-0.00931	0.00000
"C18_CD060"	1.13071	1.09000	0.10000	-0.10000	0.04071	0.00000
"C20_D056"	0.34396	0.35000	0.05000	-0.05000	-0.00604	0.00000
"C20_D051"	0.35897	0.35000	0.05000	-0.05000	0.00897	0.00000
"C20_D046"	0.35031	0.35000	0.05000	-0.05000	0.00031	0.00000
"C20_D041"	0.36783	0.35000	0.05000	-0.05000	0.01783	0.00000
"C20_D036"	0.36359	0.35000	0.05000	-0.05000	0.01359	0.00000
"C20_D031"	0.37454	0.35000	0.05000	-0.05000	0.02454	0.00000
"C20_D026"	0.36139	0.35000	0.05000	-0.05000	0.01139	0.00000
"C20_D021"	0.37677	0.35000	0.05000	-0.05000	0.02677	0.00000
"C20_D016"	0.35168	0.35000	0.05000	-0.05000	0.00168	0.00000
"C20_D011"	0.36645	0.35000	0.05000	-0.05000	0.01645	0.00000
"C20_D006"	0.36714	0.35000	0.05000	-0.05000	0.01714	0.00000
"C20_D001"	0.37374	0.35000	0.05000	-0.05000	0.02374	0.00000
"C18_CD001"	1.12114	1.09000	0.10000	-0.10000	0.03114	0.00000
"C11D"	37.48334	37.47000	0.13000	-0.13000	0.01334	0.00000
"C21"	0.05201	0.00000	0.10000	0.00000	0.05201	0.00000
":END"
":BEGIN"	"09:25:26 08:49:00"
"PATTERN: ADM6-60-01.5[-L][-S][-SLT]-4[-0][-1][-2][-A][-TR][-FR]"
"DISPLAY: accelerate_M20"
"UNIT: "
"C20_A001"	0.36666	0.35000	0.05000	-0.05000	0.01666	0.00000
"C20_A006"	0.36601	0.35000	0.05000	-0.05000	0.01601	0.00000
"C20_A011"	0.35759	0.35000	0.05000	-0.05000	0.00759	0.00000
"C20_A016"	0.36834	0.35000	0.05000	-0.05000	0.01834	0.00000
"C20_A021"	0.35600	0.35000	0.05000	-0.05000	0.00600	0.00000
"C20_A026"	0.35580	0.35000	0.05000	-0.05000	0.00580	0.00000
"C20_A031"	0.35257	0.35000	0.05000	-0.05000	0.00257	0.00000
"C20_A036"	0.35266	0.35000	0.05000	-0.05000	0.00266	0.00000
"C20_A041"	0.34668	0.35000	0.05000	-0.05000	-0.00332	0.00000
"C20_A046"	0.34172	0.35000	0.05000	-0.05000	-0.00828	0.00000
"C20_A051"	0.33589	0.35000	0.05000	-0.05000	-0.01411	0.00000
"C20_A056"	0.32457	0.35000	0.05000	-0.05000	-0.02543	0.00000
"C20_A060"	0.33018	0.35000	0.05000	-0.05000	-0.01982	0.00000
"C11A"	37.45823	37.47000	0.13000	-0.13000	-0.01177	0.00000
"C20_B060"	0.33926	0.35000	0.05000	-0.05000	-0.01074	0.00000
"C18_AB060"	1.11936	1.09000	0.10000	-0.10000	0.02936	0.00000
"C20_B056"	0.33751	0.35000	0.05000	-0.05000	-0.01249	0.00000
"C20_B051"	0.34271	0.35000	0.05000	-0.05000	-0.00729	0.00000
"C20_B046"	0.34384	0.35000	0.05000	-0.05000	-0.00616	0.00000
"C20_B041"	0.34744	0.35000	0.05000	-0.05000	-0.00256	0.00000
"C20_B036"	0.34967	0.35000	0.05000	-0.05000	-0.00033	0.00000
"C20_B031"	0.34348	0.35000	0.05000	-0.05000	-0.00652	0.00000
"C20_B026"	0.34887	0.35000	0.05000	-0.05000	-0.00113	0.00000
"C20_B021"	0.34387	0.35000	0.05000	-0.05000	-0.00613	0.00000
"C20_B016"	0.35172	0.35000	0.05000	-0.05000	0.00172	0.00000
"C20_B011"	0.34118	0.35000	0.05000	-0.05000	-0.00882	0.00000
"C20_B006"	0.34834	0.35000	0.05000	-0.05000	-0.00166	0.00000
"C20_B001"	0.33924	0.35000	0.05000	-0.05000	-0.01076	0.00000
"C18_AB001"	1.12531	1.09000	0.10000	-0.10000	0.03531	0.00000
"C11B"	37.47209	37.47000	0.13000	-0.13000	0.00209	0.00000
"C20_C001"	0.34960	0.35000	0.05000	-0.05000	-0.00040	0.00000
"C19_BC001"	1.41138	1.45000	0.10000	-0.10000	-0.03862	0.00000
"C20_C006"	0.33902	0.35000	0.05000	-0.05000	-0.01098	0.00000
"C20_C011"	0.32893	0.35000	0.05000	-0.05000	-0.02107	0.00000
"C20_C016"	0.32189	0.35000	0.05000	-0.05000	-0.02811	0.00000
"C20_C021"	0.33171	0.35000	0.05000	-0.05000	-0.01829	0.00000
"C20_C026"	0.33117	0.35000	0.05000	-0.05000	-0.01883	0.00000
"C20_C031"	0.33297	0.35000	0.05000	-0.05000	-0.01703	0.00000
"C20_C036"	0.32735	0.35000	0.05000	-0.05000	-0.02265	0.00000
"C20_C041"	0.32471	0.35000	0.05000	-0.05000	-0.02529	0.00000
"C20_C046"	0.30320	0.35000	0.05000	-0.05000	-0.04680	0.00000
"C20_C051"	0.32053	0.35000	0.05000	-0.05000	-0.02947	0.00000
"C20_C056"	0.31422	0.35000	0.05000	-0.05000	-0.03578	0.00000
"C20_C060"	0.30109	0.35000	0.05000	-0.05000	-0.04891	0.00000
"C19_BC060"	1.41403	1.45000	0.10000	-0.10000	-0.03597	0.00000
"C11C"	37.46520	37.47000	0.13000	-0.13000	-0.00480	0.00000
"C20_D060"	0.34156	0.35000	0.05000	-0.05000	-0.00844	0.00000
"C18_CD060"	1.13277	1.09000	0.10000	-0.10000	0.04277	0.00000
"C20_D056"	0.34387	0.35000	0.05000	-0.05000	-0.00613	0.00000
"C20_D051"	0.35942	0.35000	0.05000	-0.05000	0.00942	0.00000
"C20_D046"	0.35072	0.35000	0.05000	-0.05000	0.00072	0.00000
"C20_D041"	0.36966	0.35000	0.05000	-0.05000	0.01966	0.00000
"C20_D036"	0.36373	0.35000	0.05000	-0.05000	0.01373	0.00000
"C20_D031"	0.37516	0.35000	0.05000	-0.05000	0.02516	0.00000
"C20_D026"	0.36232	0.35000	0.05000	-0.05000	0.01232	0.00000
"C20_D021"	0.37642	0.35000	0.05000	-0.05000	0.02642	0.00000
"C20_D016"	0.35057	0.35000	0.05000	-0.05000	0.00057	0.00000
"C20_D011"	0.36659	0.35000	0.05000	-0.05000	0.01659	0.00000
"C20_D006"	0.37134	0.35000	0.05000	-0.05000	0.02134	0.00000
"C20_D001"	0.37594	0.35000	0.05000	-0.05000	0.02594	0.00000
"C18_CD001"	1.12416	1.09000	0.10000	-0.10000	0.03416	0.00000
"C11D"	37.48194	37.47000	0.13000	-0.13000	0.01194	0.00000
"C21"	0.05156	0.00000	0.10000	0.00000	0.05156	0.00000
":END"
":BEGIN"	"09:25:26 09:02:18"
"PATTERN: ADM6-60-01.5[-L][-S][-SLT]-4[-0][-1][-2][-A][-TR][-FR]"
"DISPLAY: accelerate_M20"
"UNIT: "
"C20_A001"	0.36534	0.35000	0.05000	-0.05000	0.01534	0.00000
"C20_A006"	0.36644	0.35000	0.05000	-0.05000	0.01644	0.00000
"C20_A011"	0.35759	0.35000	0.05000	-0.05000	0.00759	0.00000
"C20_A016"	0.36833	0.35000	0.05000	-0.05000	0.01833	0.00000
"C20_A021"	0.35592	0.35000	0.05000	-0.05000	0.00592	0.00000
"C20_A026"	0.35620	0.35000	0.05000	-0.05000	0.00620	0.00000
"C20_A031"	0.35291	0.35000	0.05000	-0.05000	0.00291	0.00000
"C20_A036"	0.35262	0.35000	0.05000	-0.05000	0.00262	0.00000
"C20_A041"	0.34675	0.35000	0.05000	-0.05000	-0.00325	0.00000
"C20_A046"	0.34058	0.35000	0.05000	-0.05000	-0.00942	0.00000
"C20_A051"	0.33584	0.35000	0.05000	-0.05000	-0.01416	0.00000
"C20_A056"	0.32454	0.35000	0.05000	-0.05000	-0.02546	0.00000
"C20_A060"	0.32950	0.35000	0.05000	-0.05000	-0.02050	0.00000
"C11A"	37.45756	37.47000	0.13000	-0.13000	-0.01244	0.00000
"C20_B060"	0.33948	0.35000	0.05000	-0.05000	-0.01052	0.00000
"C18_AB060"	1.12607	1.09000	0.10000	-0.10000	0.03607	0.00000
"C20_B056"	0.33683	0.35000	0.05000	-0.05000	-0.01317	0.00000
"C20_B051"	0.34243	0.35000	0.05000	-0.05000	-0.00757	0.00000
"C20_B046"	0.34305	0.35000	0.05000	-0.05000	-0.00695	0.00000
"C20_B041"	0.34684	0.35000	0.05000	-0.05000	-0.00316	0.00000
"C20_B036"	0.34949	0.35000	0.05000	-0.05000	-0.00051	0.00000
"C20_B031"	0.34358	0.35000	0.05000	-0.05000	-0.00642	0.00000
"C20_B026"	0.34760	0.35000	0.05000	-0.05000	-0.00240	0.00000
"C20_B021"	0.34211	0.35000	0.05000	-0.05000	-0.00789	0.00000
"C20_B016"	0.35259	0.35000	0.05000	-0.05000	0.00259	0.00000
"C20_B011"	0.34089	0.35000	0.05000	-0.05000	-0.00911	0.00000
"C20_B006"	0.34772	0.35000	0.05000	-0.05000	-0.00228	0.00000
"C20_B001"	0.33843	0.35000	0.05000	-0.05000	-0.01157	0.00000
"C18_AB001"	1.13017	1.09000	0.10000	-0.10000	0.04017	0.00000
"C11B"	37.47206	37.47000	0.13000	-0.13000	0.00206	0.00000
"C20_C001"	0.34871	0.35000	0.05000	-0.05000	-0.00129	0.00000
"C19_BC001"	1.40826	1.45000	0.10000	-0.10000	-0.04174	0.00000
"C20_C006"	0.33824	0.35000	0.05000	-0.05000	-0.01176	0.00000
"C20_C011"	0.33023	0.35000	0.05000	-0.05000	-0.01977	0.00000
"C20_C016"	0.32221	0.35000	0.05000	-0.05000	-0.02779	0.00000
"C20_C021"	0.33246	0.35000	0.05000	-0.05000	-0.01754	0.00000
"C20_C026"	0.33102	0.35000	0.05000	-0.05000	-0.01898	0.00000
"C20_C031"	0.33221	0.35000	0.05000	-0.05000	-0.01779	0.00000
"C20_C036"	0.32715	0.35000	0.05000	-0.05000	-0.02285	0.00000
"C20_C041"	0.32441	0.35000	0.05000	-0.05000	-0.02559	0.00000
"C20_C046"	0.30253	0.35000	0.05000	-0.05000	-0.04747	0.00000
"C20_C051"	0.31995	0.35000	0.05000	-0.05000	-0.03005	0.00000
"C20_C056"	0.31443	0.35000	0.05000	-0.05000	-0.03557	0.00000
"C20_C060"	0.30052	0.35000	0.05000	-0.05000	-0.04948	0.00000
"C19_BC060"	1.41403	1.45000	0.10000	-0.10000	-0.03597	0.00000
"C11C"	37.46650	37.47000	0.13000	-0.13000	-0.00350	0.00000
"C20_D060"	0.34242	0.35000	0.05000	-0.05000	-0.00758	0.00000
"C18_CD060"	1.13258	1.09000	0.10000	-0.10000	0.04258	0.00000
"C20_D056"	0.34460	0.35000	0.05000	-0.05000	-0.00540	0.00000
"C20_D051"	0.35873	0.35000	0.05000	-0.05000	0.00873	0.00000
"C20_D046"	0.35074	0.35000	0.05000	-0.05000	0.00074	0.00000
"C20_D041"	0.37045	0.35000	0.05000	-0.05000	0.02045	0.00000
"C20_D036"	0.36435	0.35000	0.05000	-0.05000	0.01435	0.00000
"C20_D031"	0.37498	0.35000	0.05000	-0.05000	0.02498	0.00000
"C20_D026"	0.36253	0.35000	0.05000	-0.05000	0.01253	0.00000
"C20_D021"	0.37649	0.35000	0.05000	-0.05000	0.02649	0.00000
"C20_D016"	0.35040	0.35000	0.05000	-0.05000	0.00040	0.00000
"C20_D011"	0.36621	0.35000	0.05000	-0.05000	0.01621	0.00000
"C20_D006"	0.37086	0.35000	0.05000	-0.05000	0.02086	0.00000
"C20_D001"	0.37593	0.35000	0.05000	-0.05000	0.02593	0.00000
"C18_CD001"	1.12233	1.09000	0.10000	-0.10000	0.03233	0.00000
"C11D"	37.48228	37.47000	0.13000	-0.13000	0.01228	0.00000
"C21"	0.05149	0.00000	0.10000	0.00000	0.05149	0.00000
":END"
":BEGIN"	"09:25:26 09:15:38"
"PATTERN: ADM6-60-01.5[-L][-S][-SLT]-4[-0][-1][-2][-A][-TR][-FR]"
"DISPLAY: accelerate_M20"
"UNIT: "
"C20_A001"	0.36551	0.35000	0.05000	-0.05000	0.01551	0.00000
"C20_A006"	0.37032	0.35000	0.05000	-0.05000	0.02032	0.00000
"C20_A011"	0.35718	0.35000	0.05000	-0.05000	0.00718	0.00000
"C20_A016"	0.36755	0.35000	0.05000	-0.05000	0.01755	0.00000
"C20_A021"	0.35541	0.35000	0.05000	-0.05000	0.00541	0.00000
"C20_A026"	0.35480	0.35000	0.05000	-0.05000	0.00480	0.00000
"C20_A031"	0.35108	0.35000	0.05000	-0.05000	0.00108	0.00000
"C20_A036"	0.35181	0.35000	0.05000	-0.05000	0.00181	0.00000
"C20_A041"	0.34598	0.35000	0.05000	-0.05000	-0.00402	0.00000
"C20_A046"	0.33997	0.35000	0.05000	-0.05000	-0.01003	0.00000
"C20_A051"	0.33571	0.35000	0.05000	-0.05000	-0.01429	0.00000
"C20_A056"	0.32387	0.35000	0.05000	-0.05000	-0.02613	0.00000
"C20_A060"	0.32885	0.35000	0.05000	-0.05000	-0.02115	0.00000
"C11A"	37.45744	37.47000	0.13000	-0.13000	-0.01256	0.00000
"C20_B060"	0.34058	0.35000	0.05000	-0.05000	-0.00942	0.00000
"C18_AB060"	1.11775	1.09000	0.10000	-0.10000	0.02775	0.00000
"C20_B056"	0.33757	0.35000	0.05000	-0.05000	-0.01243	0.00000
"C20_B051"	0.34262	0.35000	0.05000	-0.05000	-0.00738	0.00000
"C20_B046"	0.34429	0.35000	0.05000	-0.05000	-0.00571	0.00000
"C20_B041"	0.34756	0.35000	0.05000	-0.05000	-0.00244	0.00000
"C20_B036"	0.35047	0.35000	0.05000	-0.05000	0.00047	0.00000
"C20_B031"	0.34390	0.35000	0.05000	-0.05000	-0.00610	0.00000
"C20_B026"	0.34903	0.35000	0.05000	-0.05000	-0.00097	0.00000
"C20_B021"	0.34321	0.35000	0.05000	-0.05000	-0.00679	0.00000
"C20_B016"	0.35377	0.35000	0.05000	-0.05000	0.00377	0.00000
"C20_B011"	0.34216	0.35000	0.05000	-0.05000	-0.00784	0.00000
"C20_B006"	0.34892	0.35000	0.05000	-0.05000	-0.00108	0.00000
"C20_B001"	0.34003	0.35000	0.05000	-0.05000	-0.00997	0.00000
"C18_AB001"	1.12529	1.09000	0.10000	-0.10000	0.03529	0.00000
"C11B"	37.47369	37.47000	0.13000	-0.13000	0.00369	0.00000
"C20_C001"	0.34934	0.35000	0.05000	-0.05000	-0.00066	0.00000
"C19_BC001"	1.40939	1.45000	0.10000	-0.10000	-0.04061	0.00000
"C20_C006"	0.33761	0.35000	0.05000	-0.05000	-0.01239	0.00000
"C20_C011"	0.32913	0.35000	0.05000	-0.05000	-0.02087	0.00000
"C20_C016"	0.32188	0.35000	0.05000	-0.05000	-0.02812	0.00000
"C20_C021"	0.33129	0.35000	0.05000	-0.05000	-0.01871	0.00000
"C20_C026"	0.33040	0.35000	0.05000	-0.05000	-0.01960	0.00000
"C20_C031"	0.33202	0.35000	0.05000	-0.05000	-0.01798	0.00000
"C20_C036"	0.32694	0.35000	0.05000	-0.05000	-0.02306	0.00000
"C20_C041"	0.32406	0.35000	0.05000	-0.05000	-0.02594	0.00000
"C20_C046"	0.30189	0.35000	0.05000	-0.05000	-0.04811	0.00000
"C20_C051"	0.31918	0.35000	0.05000	-0.05000	-0.03082	0.00000
"C20_C056"	0.31350	0.35000	0.05000	-0.05000	-0.03650	0.00000
"C20_C060"	0.30084	0.35000	0.05000	-0.05000	-0.04916	0.00000
"C19_BC060"	1.41435	1.45000	0.10000	-0.10000	-0.03565	0.00000
"C11C"	37.46535	37.47000	0.13000	-0.13000	-0.00465	0.00000
"C20_D060"	0.34437	0.35000	0.05000	-0.05000	-0.00563	0.00000
"C18_CD060"	1.13315	1.09000	0.10000	-0.10000	0.04315	0.00000
"C20_D056"	0.34568	0.35000	0.05000	-0.05000	-0.00432	0.00000
"C20_D051"	0.36017	0.35000	0.05000	-0.05000	0.01017	0.00000
"C20_D046"	0.35148	0.35000	0.05000	-0.05000	0.00148	0.00000
"C20_D041"	0.37069	0.35000	0.05000	-0.05000	0.02069	0.00000
"C20_D036"	0.36513	0.35000	0.05000	-0.05000	0.01513	0.00000
"C20_D031"	0.37640	0.35000	0.05000	-0.05000	0.02640	0.00000
"C20_D026"	0.36389	0.35000	0.05000	-0.05000	0.01389	0.00000
"C20_D021"	0.37735	0.35000	0.05000	-0.05000	0.02735	0.00000
"C20_D016"	0.35230	0.35000	0.05000	-0.05000	0.00230	0.00000
"C20_D011"	0.36677	0.35000	0.05000	-0.05000	0.01677	0.00000
"C20_D006"	0.37191	0.35000	0.05000	-0.05000	0.02191	0.00000
"C20_D001"	0.37666	0.35000	0.05000	-0.05000	0.02666	0.00000
"C18_CD001"	1.12619	1.09000	0.10000	-0.10000	0.03619	0.00000
"C11D"	37.48204	37.47000	0.13000	-0.13000	0.01204	0.00000
"C21"	0.05194	0.00000	0.10000	0.00000	0.05194	0.00000
":END"
":BEGIN"	"09:25:26 09:28:58"
"PATTERN: ADM6-60-01.5[-L][-S][-SLT]-4[-0][-1][-2][-A][-TR][-FR]"
"DISPLAY: accelerate_M20"
"UNIT: "
"C20_A001"	0.36458	0.35000	0.05000	-0.05000	0.01458	0.00000
"C20_A006"	0.36593	0.35000	0.05000	-0.05000	0.01593	0.00000
"C20_A011"	0.35732	0.35000	0.05000	-0.05000	0.00732	0.00000
"C20_A016"	0.36828	0.35000	0.05000	-0.05000	0.01828	0.00000
"C20_A021"	0.35571	0.35000	0.05000	-0.05000	0.00571	0.00000
"C20_A026"	0.35578	0.35000	0.05000	-0.05000	0.00578	0.00000
"C20_A031"	0.35250	0.35000	0.05000	-0.05000	0.00250	0.00000
"C20_A036"	0.35280	0.35000	0.05000	-0.05000	0.00280	0.00000
"C20_A041"	0.34663	0.35000	0.05000	-0.05000	-0.00337	0.00000
"C20_A046"	0.34051	0.35000	0.05000	-0.05000	-0.00949	0.00000
"C20_A051"	0.33531	0.35000	0.05000	-0.05000	-0.01469	0.00000
"C20_A056"	0.32468	0.35000	0.05000	-0.05000	-0.02532	0.00000
"C20_A060"	0.32947	0.35000	0.05000	-0.05000	-0.02053	0.00000
"C11A"	37.45729	37.47000	0.13000	-0.13000	-0.01271	0.00000
"C20_B060"	0.34015	0.35000	0.05000	-0.05000	-0.00985	0.00000
"C18_AB060"	1.11868	1.09000	0.10000	-0.10000	0.02868	0.00000
"C20_B056"	0.33704	0.35000	0.05000	-0.05000	-0.01296	0.00000
"C20_B051"	0.34344	0.35000	0.05000	-0.05000	-0.00656	0.00000
"C20_B046"	0.34352	0.35000	0.05000	-0.05000	-0.00648	0.00000
"C20_B041"	0.34747	0.35000	0.05000	-0.05000	-0.00253	0.00000
"C20_B036"	0.35039	0.35000	0.05000	-0.05000	0.00039	0.00000
"C20_B031"	0.34372	0.35000	0.05000	-0.05000	-0.00628	0.00000
"C20_B026"	0.34850	0.35000	0.05000	-0.05000	-0.00150	0.00000
"C20_B021"	0.34233	0.35000	0.05000	-0.05000	-0.00767	0.00000
"C20_B016"	0.35282	0.35000	0.05000	-0.05000	0.00282	0.00000
"C20_B011"	0.34186	0.35000	0.05000	-0.05000	-0.00814	0.00000
"C20_B006"	0.34758	0.35000	0.05000	-0.05000	-0.00242	0.00000
"C20_B001"	0.33877	0.35000	0.05000	-0.05000	-0.01123	0.00000
"C18_AB001"	1.12516	1.09000	0.10000	-0.10000	0.03516	0.00000
"C11B"	37.47218	37.47000	0.13000	-0.13000	0.00218	0.00000
"C20_C001"	0.34822	0.35000	0.05000	-0.05000	-0.00178	0.00000
"C19_BC001"	1.41313	1.45000	0.10000	-0.10000	-0.03687	0.00000
"C20_C006"	0.33821	0.35000	0.05000	-0.05000	-0.01179	0.00000
"C20_C011"	0.32955	0.35000	0.05000	-0.05000	-0.02045	0.00000
"C20_C016"	0.32187	0.35000	0.05000	-0.05000	-0.02813	0.00000
"C20_C021"	0.33234	0.35000	0.05000	-0.05000	-0.01766	0.00000
"C20_C026"	0.33079	0.35000	0.05000	-0.05000	-0.01921	0.00000
"C20_C031"	0.33211	0.35000	0.05000	-0.05000	-0.01789	0.00000
"C20_C036"	0.32727	0.35000	0.05000	-0.05000	-0.02273	0.00000
"C20_C041"	0.32472	0.35000	0.05000	-0.05000	-0.02528	0.00000
"C20_C046"	0.30260	0.35000	0.05000	-0.05000	-0.04740	0.00000
"C20_C051"	0.31970	0.35000	0.05000	-0.05000	-0.03030	0.00000
"C20_C056"	0.31291	0.35000	0.05000	-0.05000	-0.03709	0.00000
"C20_C060"	0.30077	0.35000	0.05000	-0.05000	-0.04923	0.00000
"C19_BC060"	1.41392	1.45000	0.10000	-0.10000	-0.03608	0.00000
"C11C"	37.46619	37.47000	0.13000	-0.13000	-0.00381	0.00000
"C20_D060"	0.34288	0.35000	0.05000	-0.05000	-0.00712	0.00000
"C18_CD060"	1.13259	1.09000	0.10000	-0.10000	0.04259	0.00000
"C20_D056"	0.34486	0.35000	0.05000	-0.05000	-0.00514	0.00000
"C20_D051"	0.35948	0.35000	0.05000	-0.05000	0.00948	0.00000
"C20_D046"	0.35106	0.35000	0.05000	-0.05000	0.00106	0.00000
"C20_D041"	0.37148	0.35000	0.05000	-0.05000	0.02148	0.00000
"C20_D036"	0.36473	0.35000	0.05000	-0.05000	0.01473	0.00000
"C20_D031"	0.37563	0.35000	0.05000	-0.05000	0.02563	0.00000
"C20_D026"	0.36317	0.35000	0.05000	-0.05000	0.01317	0.00000
"C20_D021"	0.37705	0.35000	0.05000	-0.05000	0.02705	0.00000
"C20_D016"	0.35225	0.35000	0.05000	-0.05000	0.00225	0.00000
"C20_D011"	0.36681	0.35000	0.05000	-0.05000	0.01681	0.00000
"C20_D006"	0.37071	0.35000	0.05000	-0.05000	0.02071	0.00000
"C20_D001"	0.37604	0.35000	0.05000	-0.05000	0.02604	0.00000
"C18_CD001"	1.12098	1.09000	0.10000	-0.10000	0.03098	0.00000
"C11D"	37.48190	37.47000	0.13000	-0.13000	0.01190	0.00000
"C21"	0.05152	0.00000	0.10000	0.00000	0.05152	0.00000
":END"
":BEGIN"	"09:25:26 09:42:16"
"PATTERN: ADM6-60-01.5[-L][-S][-SLT]-4[-0][-1][-2][-A][-TR][-FR]"
"DISPLAY: accelerate_M20"
"UNIT: "
"C20_A001"	0.36513	0.35000	0.05000	-0.05000	0.01513	0.00000
"C20_A006"	0.36598	0.35000	0.05000	-0.05000	0.01598	0.00000
"C20_A011"	0.35702	0.35000	0.05000	-0.05000	0.00702	0.00000
"C20_A016"	0.36819	0.35000	0.05000	-0.05000	0.01819	0.00000
"C20_A021"	0.35613	0.35000	0.05000	-0.05000	0.00613	0.00000
"C20_A026"	0.35570	0.35000	0.05000	-0.05000	0.00570	0.00000
"C20_A031"	0.35219	0.35000	0.05000	-0.05000	0.00219	0.00000
"C20_A036"	0.35240	0.35000	0.05000	-0.05000	0.00240	0.00000
"C20_A041"	0.34657	0.35000	0.05000	-0.05000	-0.00343	0.00000
"C20_A046"	0.34116	0.35000	0.05000	-0.05000	-0.00884	0.00000
"C20_A051"	0.33540	0.35000	0.05000	-0.05000	-0.01460	0.00000
"C20_A056"	0.32473	0.35000	0.05000	-0.05000	-0.02527	0.00000
"C20_A060"	0.32915	0.35000	0.05000	-0.05000	-0.02085	0.00000
"C11A"	37.45784	37.47000	0.13000	-0.13000	-0.01216	0.00000
"C20_B060"	0.33981	0.35000	0.05000	-0.05000	-0.01019	0.00000
"C18_AB060"	1.11845	1.09000	0.10000	-0.10000	0.02845	0.00000
"C20_B056"	0.33741	0.35000	0.05000	-0.05000	-0.01259	0.00000
"C20_B051"	0.34270	0.35000	0.05000	-0.05000	-0.00730	0.00000
"C20_B046"	0.34368	0.35000	0.05000	-0.05000	-0.00632	0.00000
"C20_B041"	0.34758	0.35000	0.05000	-0.05000	-0.00242	0.00000
"C20_B036"	0.35047	0.35000	0.05000	-0.05000	0.00047	0.00000
"C20_B031"	0.34314	0.35000	0.05000	-0.05000	-0.00686	0.00000
"C20_B026"	0.34957	0.35000	0.05000	-0.05000	-0.00043	0.00000
"C20_B021"	0.34274	0.35000	0.05000	-0.05000	-0.00726	0.00000
"C20_B016"	0.35314	0.35000	0.05000	-0.05000	0.00314	0.00000
"C20_B011"	0.34167	0.35000	0.05000	-0.05000	-0.00833	0.00000
"C20_B006"	0.34729	0.35000	0.05000	-0.05000	-0.00271	0.00000
"C20_B001"	0.33853	0.35000	0.05000	-0.05000	-0.01147	0.00000
"C18_AB001"	1.12505	1.09000	0.10000	-0.10000	0.03505	0.00000
"C11B"	37.47188	37.47000	0.13000	-0.13000	0.00188	0.00000
"C20_C001"	0.34956	0.35000	0.05000	-0.05000	-0.00044	0.00000
"C19_BC001"	1.41304	1.45000	0.10000	-0.10000	-0.03696	0.00000
"C20_C006"	0.33750	0.35000	0.05000	-0.05000	-0.01250	0.00000
"C20_C011"	0.32968	0.35000	0.05000	-0.05000	-0.02032	0.00000
"C20_C016"	0.32267	0.35000	0.05000	-0.05000	-0.02733	0.00000
"C20_C021"	0.33161	0.35000	0.05000	-0.05000	-0.01839	0.00000
"C20_C026"	0.33082	0.35000	0.05000	-0.05000	-0.01918	0.00000
"C20_C031"	0.33261	0.35000	0.05000	-0.05000	-0.01739	0.00000
"C20_C036"	0.32718	0.35000	0.05000	-0.05000	-0.02282	0.00000
"C20_C041"	0.32442	0.35000	0.05000	-0.05000	-0.02558	0.00000
"C20_C046"	0.30226	0.35000	0.05000	-0.05000	-0.04774	0.00000
"C20_C051"	0.31937	0.35000	0.05000	-0.05000	-0.03063	0.00000
"C20_C056"	0.31230	0.35000	0.05000	-0.05000	-0.03770	0.00000
"C20_C060"	0.30065	0.35000	0.05000	-0.05000	-0.04935	0.00000
"C19_BC060"	1.41355	1.45000	0.10000	-0.10000	-0.03645	0.00000
"C11C"	37.46513	37.47000	0.13000	-0.13000	-0.00487	0.00000
"C20_D060"	0.34332	0.35000	0.05000	-0.05000	-0.00668	0.00000
"C18_CD060"	1.13310	1.09000	0.10000	-0.10000	0.04310	0.00000
"C20_D056"	0.34308	0.35000	0.05000	-0.05000	-0.00692	0.00000
"C20_D051"	0.35930	0.35000	0.05000	-0.05000	0.00930	0.00000
"C20_D046"	0.35054	0.35000	0.05000	-0.05000	0.00054	0.00000
"C20_D041"	0.36980	0.35000	0.05000	-0.05000	0.01980	0.00000
"C20_D036"	0.36491	0.35000	0.05000	-0.05000	0.01491	0.00000
"C20_D031"	0.37574	0.35000	0.05000	-0.05000	0.02574	0.00000
"C20_D026"	0.36209	0.35000	0.05000	-0.05000	0.01209	0.00000
"C20_D021"	0.37562	0.35000	0.05000	-0.05000	0.02562	0.00000
"C20_D016"	0.35144	0.35000	0.05000	-0.05000	0.00144	0.00000
"C20_D011"	0.36674	0.35000	0.05000	-0.05000	0.01674	0.00000
"C20_D006"	0.37020	0.35000	0.05000	-0.05000	0.02020	0.00000
"C20_D001"	0.37650	0.35000	0.05000	-0.05000	0.02650	0.00000
"C18_CD001"	1.12097	1.09000	0.10000	-0.10000	0.03097	0.00000
"C11D"	37.48175	37.47000	0.13000	-0.13000	0.01175	0.00000
"C21"	0.05222	0.00000	0.10000	0.00000	0.05222	0.00000
":END"
":BEGIN"	"09:25:26 09:55:37"
"PATTERN: ADM6-60-01.5[-L][-S][-SLT]-4[-0][-1][-2][-A][-TR][-FR]"
"DISPLAY: accelerate_M20"
"UNIT: "
"C20_A001"	0.36486	0.35000	0.05000	-0.05000	0.01486	0.00000
"C20_A006"	0.36498	0.35000	0.05000	-0.05000	0.01498	0.00000
"C20_A011"	0.35619	0.35000	0.05000	-0.05000	0.00619	0.00000
"C20_A016"	0.36764	0.35000	0.05000	-0.05000	0.01764	0.00000
"C20_A021"	0.35518	0.35000	0.05000	-0.05000	0.00518	0.00000
"C20_A026"	0.35531	0.35000	0.05000	-0.05000	0.00531	0.00000
"C20_A031"	0.35104	0.35000	0.05000	-0.05000	0.00104	0.00000
"C20_A036"	0.35252	0.35000	0.05000	-0.05000	0.00252	0.00000
"C20_A041"	0.34673	0.35000	0.05000	-0.05000	-0.00327	0.00000
"C20_A046"	0.34030	0.35000	0.05000	-0.05000	-0.00970	0.00000
"C20_A051"	0.33488	0.35000	0.05000	-0.05000	-0.01512	0.00000
"C20_A056"	0.32386	0.35000	0.05000	-0.05000	-0.02614	0.00000
"C20_A060"	0.32856	0.35000	0.05000	-0.05000	-0.02144	0.00000
"C11A"	37.45799	37.47000	0.13000	-0.13000	-0.01201	0.00000
"C20_B060"	0.34055	0.35000	0.05000	-0.05000	-0.00945	0.00000
"C18_AB060"	1.12533	1.09000	0.10000	-0.10000	0.03533	0.00000
"C20_B056"	0.33758	0.35000	0.05000	-0.05000	-0.01242	0.00000
"C20_B051"	0.34330	0.35000	0.05000	-0.05000	-0.00670	0.00000
"C20_B046"	0.34432	0.35000	0.05000	-0.05000	-0.00568	0.00000
"C20_B041"	0.34799	0.35000	0.05000	-0.05000	-0.00201	0.00000
"C20_B036"	0.35084	0.35000	0.05000	-0.05000	0.00084	0.00000
"C20_B031"	0.34383	0.35000	0.05000	-0.05000	-0.00617	0.00000
"C20_B026"	0.34887	0.35000	0.05000	-0.05000	-0.00113	0.00000
"C20_B021"	0.34347	0.35000	0.05000	-0.05000	-0.00653	0.00000
"C20_B016"	0.35355	0.35000	0.05000	-0.05000	0.00355	0.00000
"C20_B011"	0.34170	0.35000	0.05000	-0.05000	-0.00830	0.00000
"C20_B006"	0.34880	0.35000	0.05000	-0.05000	-0.00120	0.00000
"C20_B001"	0.33956	0.35000	0.05000	-0.05000	-0.01044	0.00000
"C18_AB001"	1.12203	1.09000	0.10000	-0.10000	0.03203	0.00000
"C11B"	37.47156	37.47000	0.13000	-0.13000	0.00156	0.00000
"C20_C001"	0.34858	0.35000	0.05000	-0.05000	-0.00142	0.00000
"C19_BC001"	1.41409	1.45000	0.10000	-0.10000	-0.03591	0.00000
"C20_C006"	0.33801	0.35000	0.05000	-0.05000	-0.01199	0.00000
"C20_C011"	0.32765	0.35000	0.05000	-0.05000	-0.02235	0.00000
"C20_C016"	0.32150	0.35000	0.05000	-0.05000	-0.02850	0.00000
"C20_C021"	0.33094	0.35000	0.05000	-0.05000	-0.01906	0.00000
"C20_C026"	0.33064	0.35000	0.05000	-0.05000	-0.01936	0.00000
"C20_C031"	0.33213	0.35000	0.05000	-0.05000	-0.01787	0.00000
"C20_C036"	0.32663	0.35000	0.05000	-0.05000	-0.02337	0.00000
"C20_C041"	0.32353	0.35000	0.05000	-0.05000	-0.02647	0.00000
"C20_C046"	0.30246	0.35000	0.05000	-0.05000	-0.04754	0.00000
"C20_C051"	0.31933	0.35000	0.05000	-0.05000	-0.03067	0.00000
"C20_C056"	0.31244	0.35000	0.05000	-0.05000	-0.03756	0.00000
"C20_C060"	0.30093	0.35000	0.05000	-0.05000	-0.04907	0.00000
"C19_BC060"	1.41449	1.45000	0.10000	-0.10000	-0.03551	0.00000
"C11C"	37.46469	37.47000	0.13000	-0.13000	-0.00531	0.00000
"C20_D060"	0.34341	0.35000	0.05000	-0.05000	-0.00659	0.00000
"C18_CD060"	1.12112	1.09000	0.10000	-0.10000	0.03112	0.00000
"C20_D056"	0.34558	0.35000	0.05000	-0.05000	-0.00442	0.00000
"C20_D051"	0.36047	0.35000	0.05000	-0.05000	0.01047	0.00000
"C20_D046"	0.35105	0.35000	0.05000	-0.05000	0.00105	0.00000
"C20_D041"	0.37122	0.35000	0.05000	-0.05000	0.02122	0.00000
"C20_D036"	0.36525	0.35000	0.05000	-0.05000	0.01525	0.00000
"C20_D031"	0.37645	0.35000	0.05000	-0.05000	0.02645	0.00000
"C20_D026"	0.36324	0.35000	0.05000	-0.05000	0.01324	0.00000
"C20_D021"	0.37707	0.35000	0.05000	-0.05000	0.02707	0.00000
"C20_D016"	0.35263	0.35000	0.05000	-0.05000	0.00263	0.00000
"C20_D011"	0.36735	0.35000	0.05000	-0.05000	0.01735	0.00000
"C20_D006"	0.37164	0.35000	0.05000	-0.05000	0.02164	0.00000
"C20_D001"	0.37785	0.35000	0.05000	-0.05000	0.02785	0.00000
"C18_CD001"	1.12465	1.09000	0.10000	-0.10000	0.03465	0.00000
"C11D"	37.48158	37.47000	0.13000	-0.13000	0.01158	0.00000
"C21"	0.05184	0.00000	0.10000	0.00000	0.05184	0.00000
":END"
":BEGIN"	"09:25:26 10:10:43"
"PATTERN: ADM6-60-01.5[-L][-S][-SLT]-4[-0][-1][-2][-A][-TR][-FR]"
"DISPLAY: accelerate_M20"
"UNIT: "
"C20_A001"	0.36647	0.35000	0.05000	-0.05000	0.01647	0.00000
"C20_A006"	0.36630	0.35000	0.05000	-0.05000	0.01630	0.00000
"C20_A011"	0.35721	0.35000	0.05000	-0.05000	0.00721	0.00000
"C20_A016"	0.36813	0.35000	0.05000	-0.05000	0.01813	0.00000
"C20_A021"	0.35501	0.35000	0.05000	-0.05000	0.00501	0.00000
"C20_A026"	0.35640	0.35000	0.05000	-0.05000	0.00640	0.00000
"C20_A031"	0.35256	0.35000	0.05000	-0.05000	0.00256	0.00000
"C20_A036"	0.35279	0.35000	0.05000	-0.05000	0.00279	0.00000
"C20_A041"	0.34705	0.35000	0.05000	-0.05000	-0.00295	0.00000
"C20_A046"	0.34081	0.35000	0.05000	-0.05000	-0.00919	0.00000
"C20_A051"	0.33576	0.35000	0.05000	-0.05000	-0.01424	0.00000
"C20_A056"	0.32474	0.35000	0.05000	-0.05000	-0.02526	0.00000
"C20_A060"	0.32962	0.35000	0.05000	-0.05000	-0.02038	0.00000
"C11A"	37.45853	37.47000	0.13000	-0.13000	-0.01147	0.00000
"C20_B060"	0.33979	0.35000	0.05000	-0.05000	-0.01021	0.00000
"C18_AB060"	1.11851	1.09000	0.10000	-0.10000	0.02851	0.00000
"C20_B056"	0.33758	0.35000	0.05000	-0.05000	-0.01242	0.00000
"C20_B051"	0.34289	0.35000	0.05000	-0.05000	-0.00711	0.00000
"C20_B046"	0.34372	0.35000	0.05000	-0.05000	-0.00628	0.00000
"C20_B041"	0.34702	0.35000	0.05000	-0.05000	-0.00298	0.00000
"C20_B036"	0.35006	0.35000	0.05000	-0.05000	0.00006	0.00000
"C20_B031"	0.34299	0.35000	0.05000	-0.05000	-0.00701	0.00000
"C20_B026"	0.34782	0.35000	0.05000	-0.05000	-0.00218	0.00000
"C20_B021"	0.34191	0.35000	0.05000	-0.05000	-0.00809	0.00000
"C20_B016"	0.35243	0.35000	0.05000	-0.05000	0.00243	0.00000
"C20_B011"	0.34077	0.35000	0.05000	-0.05000	-0.00923	0.00000
"C20_B006"	0.34750	0.35000	0.05000	-0.05000	-0.00250	0.00000
"C20_B001"	0.33869	0.35000	0.05000	-0.05000	-0.01131	0.00000
"C18_AB001"	1.12582	1.09000	0.10000	-0.10000	0.03582	0.00000
"C11B"	37.47231	37.47000	0.13000	-0.13000	0.00231	0.00000
"C20_C001"	0.34853	0.35000	0.05000	-0.05000	-0.00147	0.00000
"C19_BC001"	1.41307	1.45000	0.10000	-0.10000	-0.03693	0.00000
"C20_C006"	0.33781	0.35000	0.05000	-0.05000	-0.01219	0.00000
"C20_C011"	0.32989	0.35000	0.05000	-0.05000	-0.02011	0.00000
"C20_C016"	0.32211	0.35000	0.05000	-0.05000	-0.02789	0.00000
"C20_C021"	0.33124	0.35000	0.05000	-0.05000	-0.01876	0.00000
"C20_C026"	0.33056	0.35000	0.05000	-0.05000	-0.01944	0.00000
"C20_C031"	0.33298	0.35000	0.05000	-0.05000	-0.01702	0.00000
"C20_C036"	0.32740	0.35000	0.05000	-0.05000	-0.02260	0.00000
"C20_C041"	0.32460	0.35000	0.05000	-0.05000	-0.02540	0.00000
"C20_C046"	0.30371	0.35000	0.05000	-0.05000	-0.04629	0.00000
"C20_C051"	0.31975	0.35000	0.05000	-0.05000	-0.03025	0.00000
"C20_C056"	0.31375	0.35000	0.05000	-0.05000	-0.03625	0.00000
"C20_C060"	0.30137	0.35000	0.05000	-0.05000	-0.04863	0.00000
"C19_BC060"	1.41425	1.45000	0.10000	-0.10000	-0.03575	0.00000
"C11C"	37.46526	37.47000	0.13000	-0.13000	-0.00474	0.00000
"C20_D060"	0.34330	0.35000	0.05000	-0.05000	-0.00670	0.00000
"C18_CD060"	1.13248	1.09000	0.10000	-0.10000	0.04248	0.00000
"C20_D056"	0.34372	0.35000	0.05000	-0.05000	-0.00628	0.00000
"C20_D051"	0.35911	0.35000	0.05000	-0.05000	0.00911	0.00000
"C20_D046"	0.35060	0.35000	0.05000	-0.05000	0.00060	0.00000
"C20_D041"	0.37028	0.35000	0.05000	-0.05000	0.02028	0.00000
"C20_D036"	0.36425	0.35000	0.05000	-0.05000	0.01425	0.00000
"C20_D031"	0.37548	0.35000	0.05000	-0.05000	0.02548	0.00000
"C20_D026"	0.36214	0.35000	0.05000	-0.05000	0.01214	0.00000
"C20_D021"	0.37647	0.35000	0.05000	-0.05000	0.02647	0.00000
"C20_D016"	0.35162	0.35000	0.05000	-0.05000	0.00162	0.00000
"C20_D011"	0.36730	0.35000	0.05000	-0.05000	0.01730	0.00000
"C20_D006"	0.37100	0.35000	0.05000	-0.05000	0.02100	0.00000
"C20_D001"	0.37590	0.35000	0.05000	-0.05000	0.02590	0.00000
"C18_CD001"	1.12234	1.09000	0.10000	-0.10000	0.03234	0.00000
"C11D"	37.48264	37.47000	0.13000	-0.13000	0.01264	0.00000
"C21"	0.05112	0.00000	0.10000	0.00000	0.05112	0.00000
":END"
":BEGIN"	"09:29:26 05:58:58"
"PATTERN: ADM6-60-01.5[-L][-S][-SLT]-4[-0][-1][-2][-A][-TR][-FR]"
"DISPLAY: accelerate_M20"
"UNIT: "
"C20_A001"	0.36779	0.35000	0.05000	-0.05000	0.01779	0.00000
"C20_A006"	0.36692	0.35000	0.05000	-0.05000	0.01692	0.00000
"C20_A011"	0.36951	0.35000	0.05000	-0.05000	0.01951	0.00000
"C20_A016"	0.36133	0.35000	0.05000	-0.05000	0.01133	0.00000
"C20_A021"	0.37977	0.35000	0.05000	-0.05000	0.02977	0.00000
"C20_A026"	0.36368	0.35000	0.05000	-0.05000	0.01368	0.00000
"C20_A031"	0.35838	0.35000	0.05000	-0.05000	0.00838	0.00000
"C20_A036"	0.35122	0.35000	0.05000	-0.05000	0.00122	0.00000
"C20_A041"	0.35007	0.35000	0.05000	-0.05000	0.00007	0.00000
"C20_A046"	0.34766	0.35000	0.05000	-0.05000	-0.00234	0.00000
"C20_A051"	0.33854	0.35000	0.05000	-0.05000	-0.01146	0.00000
"C20_A056"	0.34075	0.35000	0.05000	-0.05000	-0.00925	0.00000
"C20_A060"	0.34005	0.35000	0.05000	-0.05000	-0.00995	0.00000
"C11A"	37.46241	37.47000	0.13000	-0.13000	-0.00759	0.00000
"C20_B060"	0.35050	0.35000	0.05000	-0.05000	0.00050	0.00000
"C18_AB060"	1.09635	1.09000	0.10000	-0.10000	0.00635	0.00000
"C20_B056"	0.35165	0.35000	0.05000	-0.05000	0.00165	0.00000
"C20_B051"	0.34627	0.35000	0.05000	-0.05000	-0.00373	0.00000
"C20_B046"	0.35401	0.35000	0.05000	-0.05000	0.00401	0.00000
"C20_B041"	0.35458	0.35000	0.05000	-0.05000	0.00458	0.00000
"C20_B036"	0.35069	0.35000	0.05000	-0.05000	0.00069	0.00000
"C20_B031"	0.35922	0.35000	0.05000	-0.05000	0.00922	0.00000
"C20_B026"	0.35325	0.35000	0.05000	-0.05000	0.00325	0.00000
"C20_B021"	0.36913	0.35000	0.05000	-0.05000	0.01913	0.00000
"C20_B016"	0.35315	0.35000	0.05000	-0.05000	0.00315	0.00000
"C20_B011"	0.35554	0.35000	0.05000	-0.05000	0.00554	0.00000
"C20_B006"	0.35486	0.35000	0.05000	-0.05000	0.00486	0.00000
"C20_B001"	0.35768	0.35000	0.05000	-0.05000	0.00768	0.00000
"C18_AB001"	1.13504	1.09000	0.10000	-0.10000	0.04504	0.00000
"C11B"	37.47859	37.47000	0.13000	-0.13000	0.00859	0.00000
"C20_C001"	0.34449	0.35000	0.05000	-0.05000	-0.00551	0.00000
"C19_BC001"	1.40580	1.45000	0.10000	-0.10000	-0.04420	0.00000
"C20_C006"	0.33626	0.35000	0.05000	-0.05000	-0.01374	0.00000
"C20_C011"	0.34077	0.35000	0.05000	-0.05000	-0.00923	0.00000
"C20_C016"	0.33215	0.35000	0.05000	-0.05000	-0.01785	0.00000
"C20_C021"	0.33336	0.35000	0.05000	-0.05000	-0.01664	0.00000
"C20_C026"	0.33241	0.35000	0.05000	-0.05000	-0.01759	0.00000
"C20_C031"	0.33270	0.35000	0.05000	-0.05000	-0.01730	0.00000
"C20_C036"	0.32973	0.35000	0.05000	-0.05000	-0.02027	0.00000
"C20_C041"	0.32508	0.35000	0.05000	-0.05000	-0.02492	0.00000
"C20_C046"	0.31111	0.35000	0.05000	-0.05000	-0.03889	0.00000
"C20_C051"	0.31588	0.35000	0.05000	-0.05000	-0.03412	0.00000
"C20_C056"	0.30990	0.35000	0.05000	-0.05000	-0.04010	0.00000
"C20_C060"	0.31074	0.35000	0.05000	-0.05000	-0.03926	0.00000
"C19_BC060"	1.42695	1.45000	0.10000	-0.10000	-0.02305	0.00000
"C11C"	37.47379	37.47000	0.13000	-0.13000	0.00379	0.00000
"C20_D060"	0.36803	0.35000	0.05000	-0.05000	0.01803	0.00000
"C18_CD060"	1.12804	1.09000	0.10000	-0.10000	0.03804	0.00000
"C20_D056"	0.36202	0.35000	0.05000	-0.05000	0.01202	0.00000
"C20_D051"	0.37226	0.35000	0.05000	-0.05000	0.02226	0.00000
"C20_D046"	0.35911	0.35000	0.05000	-0.05000	0.00911	0.00000
"C20_D041"	0.37594	0.35000	0.05000	-0.05000	0.02594	0.00000
"C20_D036"	0.37855	0.35000	0.05000	-0.05000	0.02855	0.00000
"C20_D031"	0.38198	0.35000	0.05000	-0.05000	0.03198	0.00000
"C20_D026"	0.37187	0.35000	0.05000	-0.05000	0.02187	0.00000
"C20_D021"	0.37122	0.35000	0.05000	-0.05000	0.02122	0.00000
"C20_D016"	0.36589	0.35000	0.05000	-0.05000	0.01589	0.00000
"C20_D011"	0.37150	0.35000	0.05000	-0.05000	0.02150	0.00000
"C20_D006"	0.36686	0.35000	0.05000	-0.05000	0.01686	0.00000
"C20_D001"	0.37448	0.35000	0.05000	-0.05000	0.02448	0.00000
"C18_CD001"	1.10922	1.09000	0.10000	-0.10000	0.01922	0.00000
"C11D"	37.45891	37.47000	0.13000	-0.13000	-0.01109	0.00000
"C21"	0.05798	0.00000	0.10000	0.00000	0.05798	0.00000
":END"
":BEGIN"	"09:29:26 06:12:18"
"PATTERN: ADM6-60-01.5[-L][-S][-SLT]-4[-0][-1][-2][-A][-TR][-FR]"
"DISPLAY: accelerate_M20"
"UNIT: "
"C20_A001"	0.37019	0.35000	0.05000	-0.05000	0.02019	0.00000
"C20_A006"	0.36764	0.35000	0.05000	-0.05000	0.01764	0.00000
"C20_A011"	0.37166	0.35000	0.05000	-0.05000	0.02166	0.00000
"C20_A016"	0.36018	0.35000	0.05000	-0.05000	0.01018	0.00000
"C20_A021"	0.37732	0.35000	0.05000	-0.05000	0.02732	0.00000
"C20_A026"	0.36291	0.35000	0.05000	-0.05000	0.01291	0.00000
"C20_A031"	0.35778	0.35000	0.05000	-0.05000	0.00778	0.00000
"C20_A036"	0.35052	0.35000	0.05000	-0.05000	0.00052	0.00000
"C20_A041"	0.34988	0.35000	0.05000	-0.05000	-0.00012	0.00000
"C20_A046"	0.34719	0.35000	0.05000	-0.05000	-0.00281	0.00000
"C20_A051"	0.33808	0.35000	0.05000	-0.05000	-0.01192	0.00000
"C20_A056"	0.33903	0.35000	0.05000	-0.05000	-0.01097	0.00000
"C20_A060"	0.34018	0.35000	0.05000	-0.05000	-0.00982	0.00000
"C11A"	37.47156	37.47000	0.13000	-0.13000	0.00156	0.00000
"C20_B060"	0.34835	0.35000	0.05000	-0.05000	-0.00165	0.00000
"C18_AB060"	1.09633	1.09000	0.10000	-0.10000	0.00633	0.00000
"C20_B056"	0.35266	0.35000	0.05000	-0.05000	0.00266	0.00000
"C20_B051"	0.34733	0.35000	0.05000	-0.05000	-0.00267	0.00000
"C20_B046"	0.35549	0.35000	0.05000	-0.05000	0.00549	0.00000
"C20_B041"	0.35571	0.35000	0.05000	-0.05000	0.00571	0.00000
"C20_B036"	0.35253	0.35000	0.05000	-0.05000	0.00253	0.00000
"C20_B031"	0.35115	0.35000	0.05000	-0.05000	0.00115	0.00000
"C20_B026"	0.35500	0.35000	0.05000	-0.05000	0.00500	0.00000
"C20_B021"	0.36924	0.35000	0.05000	-0.05000	0.01924	0.00000
"C20_B016"	0.35309	0.35000	0.05000	-0.05000	0.00309	0.00000
"C20_B011"	0.35543	0.35000	0.05000	-0.05000	0.00543	0.00000
"C20_B006"	0.35489	0.35000	0.05000	-0.05000	0.00489	0.00000
"C20_B001"	0.35918	0.35000	0.05000	-0.05000	0.00918	0.00000
"C18_AB001"	1.12723	1.09000	0.10000	-0.10000	0.03723	0.00000
"C11B"	37.47674	37.47000	0.13000	-0.13000	0.00674	0.00000
"C20_C001"	0.34508	0.35000	0.05000	-0.05000	-0.00492	0.00000
"C19_BC001"	1.41310	1.45000	0.10000	-0.10000	-0.03690	0.00000
"C20_C006"	0.33791	0.35000	0.05000	-0.05000	-0.01209	0.00000
"C20_C011"	0.33974	0.35000	0.05000	-0.05000	-0.01026	0.00000
"C20_C016"	0.33221	0.35000	0.05000	-0.05000	-0.01779	0.00000
"C20_C021"	0.33240	0.35000	0.05000	-0.05000	-0.01760	0.00000
"C20_C026"	0.33200	0.35000	0.05000	-0.05000	-0.01800	0.00000
"C20_C031"	0.33358	0.35000	0.05000	-0.05000	-0.01642	0.00000
"C20_C036"	0.32877	0.35000	0.05000	-0.05000	-0.02123	0.00000
"C20_C041"	0.32479	0.35000	0.05000	-0.05000	-0.02521	0.00000
"C20_C046"	0.31186	0.35000	0.05000	-0.05000	-0.03814	0.00000
"C20_C051"	0.31514	0.35000	0.05000	-0.05000	-0.03486	0.00000
"C20_C056"	0.30949	0.35000	0.05000	-0.05000	-0.04051	0.00000
"C20_C060"	0.31002	0.35000	0.05000	-0.05000	-0.03997	0.00000
"C19_BC060"	1.42742	1.45000	0.10000	-0.10000	-0.02258	0.00000
"C11C"	37.47354	37.47000	0.13000	-0.13000	0.00354	0.00000
"C20_D060"	0.36808	0.35000	0.05000	-0.05000	0.01808	0.00000
"C18_CD060"	1.12722	1.09000	0.10000	-0.10000	0.03722	0.00000
"C20_D056"	0.36310	0.35000	0.05000	-0.05000	0.01310	0.00000
"C20_D051"	0.37200	0.35000	0.05000	-0.05000	0.02200	0.00000
"C20_D046"	0.36002	0.35000	0.05000	-0.05000	0.01002	0.00000
"C20_D041"	0.37650	0.35000	0.05000	-0.05000	0.02650	0.00000
"C20_D036"	0.37933	0.35000	0.05000	-0.05000	0.02933	0.00000
"C20_D031"	0.38274	0.35000	0.05000	-0.05000	0.03274	0.00000
"C20_D026"	0.37214	0.35000	0.05000	-0.05000	0.02214	0.00000
"C20_D021"	0.37158	0.35000	0.05000	-0.05000	0.02158	0.00000
"C20_D016"	0.36810	0.35000	0.05000	-0.05000	0.01810	0.00000
"C20_D011"	0.37203	0.35000	0.05000	-0.05000	0.02203	0.00000
"C20_D006"	0.36885	0.35000	0.05000	-0.05000	0.01885	0.00000
"C20_D001"	0.37505	0.35000	0.05000	-0.05000	0.02505	0.00000
"C18_CD001"	1.10853	1.09000	0.10000	-0.10000	0.01853	0.00000
"C11D"	37.45890	37.47000	0.13000	-0.13000	-0.01110	0.00000
"C21"	0.05788	0.00000	0.10000	0.00000	0.05788	0.00000
":END"
":BEGIN"	"09:29:26 06:25:13"
"PATTERN: ADM6-60-01.5[-L][-S][-SLT]-4[-0][-1][-2][-A][-TR][-FR]"
"DISPLAY: accelerate_M20"
"UNIT: "
"C20_A001"	0.37008	0.35000	0.05000	-0.05000	0.02008	0.00000
"C20_A006"	0.36778	0.35000	0.05000	-0.05000	0.01778	0.00000
"C20_A011"	0.37051	0.35000	0.05000	-0.05000	0.02051	0.00000
"C20_A016"	0.36252	0.35000	0.05000	-0.05000	0.01252	0.00000
"C20_A021"	0.37815	0.35000	0.05000	-0.05000	0.02815	0.00000
"C20_A026"	0.36362	0.35000	0.05000	-0.05000	0.01362	0.00000
"C20_A031"	0.35825	0.35000	0.05000	-0.05000	0.00825	0.00000
"C20_A036"	0.35043	0.35000	0.05000	-0.05000	0.00043	0.00000
"C20_A041"	0.35045	0.35000	0.05000	-0.05000	0.00045	0.00000
"C20_A046"	0.34690	0.35000	0.05000	-0.05000	-0.00310	0.00000
"C20_A051"	0.33759	0.35000	0.05000	-0.05000	-0.01241	0.00000
"C20_A056"	0.33842	0.35000	0.05000	-0.05000	-0.01158	0.00000
"C20_A060"	0.34008	0.35000	0.05000	-0.05000	-0.00992	0.00000
"C11A"	37.47100	37.47000	0.13000	-0.13000	0.00100	0.00000
"C20_B060"	0.34927	0.35000	0.05000	-0.05000	-0.00073	0.00000
"C18_AB060"	1.09609	1.09000	0.10000	-0.10000	0.00609	0.00000
"C20_B056"	0.35207	0.35000	0.05000	-0.05000	0.00207	0.00000
"C20_B051"	0.34802	0.35000	0.05000	-0.05000	-0.00198	0.00000
"C20_B046"	0.35452	0.35000	0.05000	-0.05000	0.00452	0.00000
"C20_B041"	0.35587	0.35000	0.05000	-0.05000	0.00587	0.00000
"C20_B036"	0.35363	0.35000	0.05000	-0.05000	0.00363	0.00000
"C20_B031"	0.35090	0.35000	0.05000	-0.05000	0.00090	0.00000
"C20_B026"	0.35436	0.35000	0.05000	-0.05000	0.00436	0.00000
"C20_B021"	0.36930	0.35000	0.05000	-0.05000	0.01930	0.00000
"C20_B016"	0.35310	0.35000	0.05000	-0.05000	0.00310	0.00000
"C20_B011"	0.35608	0.35000	0.05000	-0.05000	0.00608	0.00000
"C20_B006"	0.35473	0.35000	0.05000	-0.05000	0.00473	0.00000
"C20_B001"	0.35732	0.35000	0.05000	-0.05000	0.00732	0.00000
"C18_AB001"	1.12442	1.09000	0.10000	-0.10000	0.03442	0.00000
"C11B"	37.47788	37.47000	0.13000	-0.13000	0.00788	0.00000
"C20_C001"	0.34607	0.35000	0.05000	-0.05000	-0.00393	0.00000
"C19_BC001"	1.41238	1.45000	0.10000	-0.10000	-0.03762	0.00000
"C20_C006"	0.33693	0.35000	0.05000	-0.05000	-0.01307	0.00000
"C20_C011"	0.33987	0.35000	0.05000	-0.05000	-0.01013	0.00000
"C20_C016"	0.33253	0.35000	0.05000	-0.05000	-0.01747	0.00000
"C20_C021"	0.33475	0.35000	0.05000	-0.05000	-0.01525	0.00000
"C20_C026"	0.33265	0.35000	0.05000	-0.05000	-0.01735	0.00000
"C20_C031"	0.33408	0.35000	0.05000	-0.05000	-0.01592	0.00000
"C20_C036"	0.32915	0.35000	0.05000	-0.05000	-0.02085	0.00000
"C20_C041"	0.32570	0.35000	0.05000	-0.05000	-0.02430	0.00000
"C20_C046"	0.31205	0.35000	0.05000	-0.05000	-0.03795	0.00000
"C20_C051"	0.31575	0.35000	0.05000	-0.05000	-0.03425	0.00000
"C20_C056"	0.31107	0.35000	0.05000	-0.05000	-0.03893	0.00000
"C20_C060"	0.31034	0.35000	0.05000	-0.05000	-0.03966	0.00000
"C19_BC060"	1.42732	1.45000	0.10000	-0.10000	-0.02268	0.00000
"C11C"	37.47374	37.47000	0.13000	-0.13000	0.00374	0.00000
"C20_D060"	0.36745	0.35000	0.05000	-0.05000	0.01745	0.00000
"C18_CD060"	1.12704	1.09000	0.10000	-0.10000	0.03703	0.00000
"C20_D056"	0.36345	0.35000	0.05000	-0.05000	0.01345	0.00000
"C20_D051"	0.37301	0.35000	0.05000	-0.05000	0.02301	0.00000
"C20_D046"	0.35963	0.35000	0.05000	-0.05000	0.00963	0.00000
"C20_D041"	0.37690	0.35000	0.05000	-0.05000	0.02690	0.00000
"C20_D036"	0.37770	0.35000	0.05000	-0.05000	0.02770	0.00000
"C20_D031"	0.38227	0.35000	0.05000	-0.05000	0.03227	0.00000
"C20_D026"	0.37178	0.35000	0.05000	-0.05000	0.02178	0.00000
"C20_D021"	0.37194	0.35000	0.05000	-0.05000	0.02194	0.00000
"C20_D016"	0.36860	0.35000	0.05000	-0.05000	0.01860	0.00000
"C20_D011"	0.37224	0.35000	0.05000	-0.05000	0.02224	0.00000
"C20_D006"	0.36857	0.35000	0.05000	-0.05000	0.01857	0.00000
"C20_D001"	0.37549	0.35000	0.05000	-0.05000	0.02549	0.00000
"C18_CD001"	1.10346	1.09000	0.10000	-0.10000	0.01346	0.00000
"C11D"	37.45801	37.47000	0.13000	-0.13000	-0.01199	0.00000
"C21"	0.05758	0.00000	0.10000	0.00000	0.05758	0.00000
":END"
":BEGIN"	"09:29:26 06:38:27"
"PATTERN: ADM6-60-01.5[-L][-S][-SLT]-4[-0][-1][-2][-A][-TR][-FR]"
"DISPLAY: accelerate_M20"
"UNIT: "
"C20_A001"	0.36859	0.35000	0.05000	-0.05000	0.01859	0.00000
"C20_A006"	0.36747	0.35000	0.05000	-0.05000	0.01747	0.00000
"C20_A011"	0.37046	0.35000	0.05000	-0.05000	0.02046	0.00000
"C20_A016"	0.36364	0.35000	0.05000	-0.05000	0.01364	0.00000
"C20_A021"	0.37838	0.35000	0.05000	-0.05000	0.02838	0.00000
"C20_A026"	0.36395	0.35000	0.05000	-0.05000	0.01395	0.00000
"C20_A031"	0.35767	0.35000	0.05000	-0.05000	0.00767	0.00000
"C20_A036"	0.35027	0.35000	0.05000	-0.05000	0.00027	0.00000
"C20_A041"	0.34990	0.35000	0.05000	-0.05000	-0.00010	0.00000
"C20_A046"	0.34773	0.35000	0.05000	-0.05000	-0.00227	0.00000
"C20_A051"	0.33883	0.35000	0.05000	-0.05000	-0.01117	0.00000
"C20_A056"	0.33818	0.35000	0.05000	-0.05000	-0.01182	0.00000
"C20_A060"	0.34002	0.35000	0.05000	-0.05000	-0.00998	0.00000
"C11A"	37.46152	37.47000	0.13000	-0.13000	-0.00848	0.00000
"C20_B060"	0.35075	0.35000	0.05000	-0.05000	0.00075	0.00000
"C18_AB060"	1.09602	1.09000	0.10000	-0.10000	0.00602	0.00000
"C20_B056"	0.35409	0.35000	0.05000	-0.05000	0.00409	0.00000
"C20_B051"	0.34869	0.35000	0.05000	-0.05000	-0.00131	0.00000
"C20_B046"	0.35372	0.35000	0.05000	-0.05000	0.00372	0.00000
"C20_B041"	0.35764	0.35000	0.05000	-0.05000	0.00764	0.00000
"C20_B036"	0.35390	0.35000	0.05000	-0.05000	0.00390	0.00000
"C20_B031"	0.35424	0.35000	0.05000	-0.05000	0.00424	0.00000
"C20_B026"	0.35624	0.35000	0.05000	-0.05000	0.00624	0.00000
"C20_B021"	0.37005	0.35000	0.05000	-0.05000	0.02005	0.00000
"C20_B016"	0.35356	0.35000	0.05000	-0.05000	0.00356	0.00000
"C20_B011"	0.35650	0.35000	0.05000	-0.05000	0.00650	0.00000
"C20_B006"	0.35443	0.35000	0.05000	-0.05000	0.00443	0.00000
"C20_B001"	0.35863	0.35000	0.05000	-0.05000	0.00863	0.00000
"C18_AB001"	1.12820	1.09000	0.10000	-0.10000	0.03820	0.00000
"C11B"	37.47455	37.47000	0.13000	-0.13000	0.00455	0.00000
"C20_C001"	0.34567	0.35000	0.05000	-0.05000	-0.00433	0.00000
"C19_BC001"	1.41297	1.45000	0.10000	-0.10000	-0.03703	0.00000
"C20_C006"	0.33655	0.35000	0.05000	-0.05000	-0.01345	0.00000
"C20_C011"	0.34035	0.35000	0.05000	-0.05000	-0.00965	0.00000
"C20_C016"	0.33234	0.35000	0.05000	-0.05000	-0.01766	0.00000
"C20_C021"	0.33280	0.35000	0.05000	-0.05000	-0.01720	0.00000
"C20_C026"	0.33200	0.35000	0.05000	-0.05000	-0.01800	0.00000
"C20_C031"	0.33303	0.35000	0.05000	-0.05000	-0.01697	0.00000
"C20_C036"	0.32964	0.35000	0.05000	-0.05000	-0.02036	0.00000
"C20_C041"	0.32565	0.35000	0.05000	-0.05000	-0.02435	0.00000
"C20_C046"	0.31077	0.35000	0.05000	-0.05000	-0.03923	0.00000
"C20_C051"	0.31584	0.35000	0.05000	-0.05000	-0.03416	0.00000
"C20_C056"	0.31002	0.35000	0.05000	-0.05000	-0.03997	0.00000
"C20_C060"	0.31009	0.35000	0.05000	-0.05000	-0.03991	0.00000
"C19_BC060"	1.43265	1.45000	0.10000	-0.10000	-0.01735	0.00000
"C11C"	37.47457	37.47000	0.13000	-0.13000	0.00457	0.00000
"C20_D060"	0.36900	0.35000	0.05000	-0.05000	0.01900	0.00000
"C18_CD060"	1.12217	1.09000	0.10000	-0.10000	0.03217	0.00000
"C20_D056"	0.36444	0.35000	0.05000	-0.05000	0.01444	0.00000
"C20_D051"	0.37489	0.35000	0.05000	-0.05000	0.02489	0.00000
"C20_D046"	0.36069	0.35000	0.05000	-0.05000	0.01069	0.00000
"C20_D041"	0.37715	0.35000	0.05000	-0.05000	0.02715	0.00000
"C20_D036"	0.37980	0.35000	0.05000	-0.05000	0.02980	0.00000
"C20_D031"	0.38337	0.35000	0.05000	-0.05000	0.03337	0.00000
"C20_D026"	0.37356	0.35000	0.05000	-0.05000	0.02356	0.00000
"C20_D021"	0.37305	0.35000	0.05000	-0.05000	0.02305	0.00000
"C20_D016"	0.36823	0.35000	0.05000	-0.05000	0.01823	0.00000
"C20_D011"	0.37341	0.35000	0.05000	-0.05000	0.02341	0.00000
"C20_D006"	0.36904	0.35000	0.05000	-0.05000	0.01904	0.00000
"C20_D001"	0.37569	0.35000	0.05000	-0.05000	0.02569	0.00000
"C18_CD001"	1.10830	1.09000	0.10000	-0.10000	0.01830	0.00000
"C11D"	37.45808	37.47000	0.13000	-0.13000	-0.01192	0.00000
"C21"	0.05722	0.00000	0.10000	0.00000	0.05722	0.00000
":END"
":BEGIN"	"09:29:26 08:53:07"
"PATTERN: ADM6-60-01.5[-L][-S][-SLT]-4[-0][-1][-2][-A][-TR][-FR]"
"DISPLAY: accelerate_M20"
"UNIT: "
"C20_A001"	0.37036	0.35000	0.05000	-0.05000	0.02036	0.00000
"C20_A006"	0.36789	0.35000	0.05000	-0.05000	0.01789	0.00000
"C20_A011"	0.36975	0.35000	0.05000	-0.05000	0.01975	0.00000
"C20_A016"	0.36022	0.35000	0.05000	-0.05000	0.01022	0.00000
"C20_A021"	0.37892	0.35000	0.05000	-0.05000	0.02892	0.00000
"C20_A026"	0.36323	0.35000	0.05000	-0.05000	0.01323	0.00000
"C20_A031"	0.35700	0.35000	0.05000	-0.05000	0.00700	0.00000
"C20_A036"	0.35012	0.35000	0.05000	-0.05000	0.00012	0.00000
"C20_A041"	0.34914	0.35000	0.05000	-0.05000	-0.00086	0.00000
"C20_A046"	0.34760	0.35000	0.05000	-0.05000	-0.00240	0.00000
"C20_A051"	0.33857	0.35000	0.05000	-0.05000	-0.01143	0.00000
"C20_A056"	0.34119	0.35000	0.05000	-0.05000	-0.00881	0.00000
"C20_A060"	0.34047	0.35000	0.05000	-0.05000	-0.00953	0.00000
"C11A"	37.47070	37.47000	0.13000	-0.13000	0.00070	0.00000
"C20_B060"	0.35180	0.35000	0.05000	-0.05000	0.00180	0.00000
"C18_AB060"	1.10585	1.09000	0.10000	-0.10000	0.01585	0.00000
"C20_B056"	0.35387	0.35000	0.05000	-0.05000	0.00387	0.00000
"C20_B051"	0.34975	0.35000	0.05000	-0.05000	-0.00025	0.00000
"C20_B046"	0.35618	0.35000	0.05000	-0.05000	0.00618	0.00000
"C20_B041"	0.35594	0.35000	0.05000	-0.05000	0.00594	0.00000
"C20_B036"	0.35633	0.35000	0.05000	-0.05000	0.00633	0.00000
"C20_B031"	0.35576	0.35000	0.05000	-0.05000	0.00576	0.00000
"C20_B026"	0.35618	0.35000	0.05000	-0.05000	0.00618	0.00000
"C20_B021"	0.37187	0.35000	0.05000	-0.05000	0.02187	0.00000
"C20_B016"	0.35456	0.35000	0.05000	-0.05000	0.00456	0.00000
"C20_B011"	0.35509	0.35000	0.05000	-0.05000	0.00509	0.00000
"C20_B006"	0.35463	0.35000	0.05000	-0.05000	0.00463	0.00000
"C20_B001"	0.35954	0.35000	0.05000	-0.05000	0.00954	0.00000
"C18_AB001"	1.12448	1.09000	0.10000	-0.10000	0.03448	0.00000
"C11B"	37.47549	37.47000	0.13000	-0.13000	0.00549	0.00000
"C20_C001"	0.34553	0.35000	0.05000	-0.05000	-0.00447	0.00000
"C19_BC001"	1.41273	1.45000	0.10000	-0.10000	-0.03727	0.00000
"C20_C006"	0.33469	0.35000	0.05000	-0.05000	-0.01531	0.00000
"C20_C011"	0.33966	0.35000	0.05000	-0.05000	-0.01034	0.00000
"C20_C016"	0.33161	0.35000	0.05000	-0.05000	-0.01839	0.00000
"C20_C021"	0.33208	0.35000	0.05000	-0.05000	-0.01792	0.00000
"C20_C026"	0.33275	0.35000	0.05000	-0.05000	-0.01725	0.00000
"C20_C031"	0.33260	0.35000	0.05000	-0.05000	-0.01740	0.00000
"C20_C036"	0.32972	0.35000	0.05000	-0.05000	-0.02028	0.00000
"C20_C041"	0.32544	0.35000	0.05000	-0.05000	-0.02456	0.00000
"C20_C046"	0.31127	0.35000	0.05000	-0.05000	-0.03873	0.00000
"C20_C051"	0.31537	0.35000	0.05000	-0.05000	-0.03463	0.00000
"C20_C056"	0.31050	0.35000	0.05000	-0.05000	-0.03950	0.00000
"C20_C060"	0.30983	0.35000	0.05000	-0.05000	-0.04017	0.00000
"C19_BC060"	1.42384	1.45000	0.10000	-0.10000	-0.02616	0.00000
"C11C"	37.47321	37.47000	0.13000	-0.13000	0.00321	0.00000
"C20_D060"	0.36848	0.35000	0.05000	-0.05000	0.01848	0.00000
"C18_CD060"	1.12173	1.09000	0.10000	-0.10000	0.03173	0.00000
"C20_D056"	0.36449	0.35000	0.05000	-0.05000	0.01449	0.00000
"C20_D051"	0.37475	0.35000	0.05000	-0.05000	0.02475	0.00000
"C20_D046"	0.36125	0.35000	0.05000	-0.05000	0.01125	0.00000
"C20_D041"	0.37747	0.35000	0.05000	-0.05000	0.02747	0.00000
"C20_D036"	0.37974	0.35000	0.05000	-0.05000	0.02974	0.00000
"C20_D031"	0.38300	0.35000	0.05000	-0.05000	0.03300	0.00000
"C20_D026"	0.37345	0.35000	0.05000	-0.05000	0.02345	0.00000
"C20_D021"	0.37109	0.35000	0.05000	-0.05000	0.02109	0.00000
"C20_D016"	0.36952	0.35000	0.05000	-0.05000	0.01952	0.00000
"C20_D011"	0.37258	0.35000	0.05000	-0.05000	0.02258	0.00000
"C20_D006"	0.37046	0.35000	0.05000	-0.05000	0.02046	0.00000
"C20_D001"	0.37694	0.35000	0.05000	-0.05000	0.02694	0.00000
"C18_CD001"	1.10866	1.09000	0.10000	-0.10000	0.01866	0.00000
"C11D"	37.45760	37.47000	0.13000	-0.13000	-0.01240	0.00000
"C21"	0.05711	0.00000	0.10000	0.00000	0.05711	0.00000
":END"
":BEGIN"	"09:29:26 09:07:04"
"PATTERN: ADM6-60-01.5[-L][-S][-SLT]-4[-0][-1][-2][-A][-TR][-FR]"
"DISPLAY: accelerate_M20"
"UNIT: "
"C20_A001"	0.37110	0.35000	0.05000	-0.05000	0.02110	0.00000
"C20_A006"	0.36917	0.35000	0.05000	-0.05000	0.01917	0.00000
"C20_A011"	0.37049	0.35000	0.05000	-0.05000	0.02049	0.00000
"C20_A016"	0.36365	0.35000	0.05000	-0.05000	0.01365	0.00000
"C20_A021"	0.37902	0.35000	0.05000	-0.05000	0.02902	0.00000
"C20_A026"	0.36464	0.35000	0.05000	-0.05000	0.01464	0.00000
"C20_A031"	0.35761	0.35000	0.05000	-0.05000	0.00761	0.00000
"C20_A036"	0.35137	0.35000	0.05000	-0.05000	0.00137	0.00000
"C20_A041"	0.35030	0.35000	0.05000	-0.05000	0.00030	0.00000
"C20_A046"	0.34915	0.35000	0.05000	-0.05000	-0.00085	0.00000
"C20_A051"	0.33885	0.35000	0.05000	-0.05000	-0.01115	0.00000
"C20_A056"	0.34176	0.35000	0.05000	-0.05000	-0.00824	0.00000
"C20_A060"	0.34110	0.35000	0.05000	-0.05000	-0.00890	0.00000
"C11A"	37.47195	37.47000	0.13000	-0.13000	0.00195	0.00000
"C20_B060"	0.35127	0.35000	0.05000	-0.05000	0.00127	0.00000
"C18_AB060"	1.09600	1.09000	0.10000	-0.10000	0.00600	0.00000
"C20_B056"	0.35337	0.35000	0.05000	-0.05000	0.00337	0.00000
"C20_B051"	0.34875	0.35000	0.05000	-0.05000	-0.00125	0.00000
"C20_B046"	0.35365	0.35000	0.05000	-0.05000	0.00365	0.00000
"C20_B041"	0.35667	0.35000	0.05000	-0.05000	0.00667	0.00000
"C20_B036"	0.35714	0.35000	0.05000	-0.05000	0.00714	0.00000
"C20_B031"	0.36045	0.35000	0.05000	-0.05000	0.01045	0.00000
"C20_B026"	0.35607	0.35000	0.05000	-0.05000	0.00607	0.00000
"C20_B021"	0.36960	0.35000	0.05000	-0.05000	0.01960	0.00000
"C20_B016"	0.35362	0.35000	0.05000	-0.05000	0.00362	0.00000
"C20_B011"	0.35481	0.35000	0.05000	-0.05000	0.00481	0.00000
"C20_B006"	0.35363	0.35000	0.05000	-0.05000	0.00363	0.00000
"C20_B001"	0.35874	0.35000	0.05000	-0.05000	0.00874	0.00000
"C18_AB001"	1.12389	1.09000	0.10000	-0.10000	0.03389	0.00000
"C11B"	37.47766	37.47000	0.13000	-0.13000	0.00766	0.00000
"C20_C001"	0.34673	0.35000	0.05000	-0.05000	-0.00327	0.00000
"C19_BC001"	1.41235	1.45000	0.10000	-0.10000	-0.03765	0.00000
"C20_C006"	0.33624	0.35000	0.05000	-0.05000	-0.01376	0.00000
"C20_C011"	0.33936	0.35000	0.05000	-0.05000	-0.01064	0.00000
"C20_C016"	0.33248	0.35000	0.05000	-0.05000	-0.01752	0.00000
"C20_C021"	0.33434	0.35000	0.05000	-0.05000	-0.01566	0.00000
"C20_C026"	0.33330	0.35000	0.05000	-0.05000	-0.01670	0.00000
"C20_C031"	0.33396	0.35000	0.05000	-0.05000	-0.01604	0.00000
"C20_C036"	0.33044	0.35000	0.05000	-0.05000	-0.01956	0.00000
"C20_C041"	0.32665	0.35000	0.05000	-0.05000	-0.02335	0.00000
"C20_C046"	0.31248	0.35000	0.05000	-0.05000	-0.03752	0.00000
"C20_C051"	0.31673	0.35000	0.05000	-0.05000	-0.03327	0.00000
"C20_C056"	0.31129	0.35000	0.05000	-0.05000	-0.03871	0.00000
"C20_C060"	0.30948	0.35000	0.05000	-0.05000	-0.04052	0.00000
"C19_BC060"	1.42760	1.45000	0.10000	-0.10000	-0.02240	0.00000
"C11C"	37.47449	37.47000	0.13000	-0.13000	0.00449	0.00000
"C20_D060"	0.36758	0.35000	0.05000	-0.05000	0.01758	0.00000
"C18_CD060"	1.12725	1.09000	0.10000	-0.10000	0.03725	0.00000
"C20_D056"	0.36347	0.35000	0.05000	-0.05000	0.01347	0.00000
"C20_D051"	0.37279	0.35000	0.05000	-0.05000	0.02279	0.00000
"C20_D046"	0.36056	0.35000	0.05000	-0.05000	0.01056	0.00000
"C20_D041"	0.37614	0.35000	0.05000	-0.05000	0.02614	0.00000
"C20_D036"	0.37812	0.35000	0.05000	-0.05000	0.02812	0.00000
"C20_D031"	0.38256	0.35000	0.05000	-0.05000	0.03256	0.00000
"C20_D026"	0.37204	0.35000	0.05000	-0.05000	0.02204	0.00000
"C20_D021"	0.37074	0.35000	0.05000	-0.05000	0.02074	0.00000
"C20_D016"	0.36878	0.35000	0.05000	-0.05000	0.01878	0.00000
"C20_D011"	0.37193	0.35000	0.05000	-0.05000	0.02193	0.00000
"C20_D006"	0.36937	0.35000	0.05000	-0.05000	0.01937	0.00000
"C20_D001"	0.37503	0.35000	0.05000	-0.05000	0.02503	0.00000
"C18_CD001"	1.10966	1.09000	0.10000	-0.10000	0.01966	0.00000
"C11D"	37.45726	37.47000	0.13000	-0.13000	-0.01274	0.00000
"C21"	0.05675	0.00000	0.10000	0.00000	0.05675	0.00000
":END"
":BEGIN"	"09:29:26 09:20:25"
"PATTERN: ADM6-60-01.5[-L][-S][-SLT]-4[-0][-1][-2][-A][-TR][-FR]"
"DISPLAY: accelerate_M20"
"UNIT: "
"C20_A001"	0.36956	0.35000	0.05000	-0.05000	0.01956	0.00000
"C20_A006"	0.36774	0.35000	0.05000	-0.05000	0.01774	0.00000
"C20_A011"	0.36909	0.35000	0.05000	-0.05000	0.01909	0.00000
"C20_A016"	0.35982	0.35000	0.05000	-0.05000	0.00982	0.00000
"C20_A021"	0.37754	0.35000	0.05000	-0.05000	0.02754	0.00000
"C20_A026"	0.36328	0.35000	0.05000	-0.05000	0.01328	0.00000
"C20_A031"	0.35705	0.35000	0.05000	-0.05000	0.00705	0.00000
"C20_A036"	0.34956	0.35000	0.05000	-0.05000	-0.00044	0.00000
"C20_A041"	0.34839	0.35000	0.05000	-0.05000	-0.00161	0.00000
"C20_A046"	0.34763	0.35000	0.05000	-0.05000	-0.00237	0.00000
"C20_A051"	0.33673	0.35000	0.05000	-0.05000	-0.01327	0.00000
"C20_A056"	0.34153	0.35000	0.05000	-0.05000	-0.00847	0.00000
"C20_A060"	0.34030	0.35000	0.05000	-0.05000	-0.00970	0.00000
"C11A"	37.47093	37.47000	0.13000	-0.13000	0.00093	0.00000
"C20_B060"	0.35405	0.35000	0.05000	-0.05000	0.00405	0.00000
"C18_AB060"	1.09596	1.09000	0.10000	-0.10000	0.00596	0.00000
"C20_B056"	0.35473	0.35000	0.05000	-0.05000	0.00473	0.00000
"C20_B051"	0.34953	0.35000	0.05000	-0.05000	-0.00047	0.00000
"C20_B046"	0.35898	0.35000	0.05000	-0.05000	0.00898	0.00000
"C20_B041"	0.35811	0.35000	0.05000	-0.05000	0.00811	0.00000
"C20_B036"	0.35803	0.35000	0.05000	-0.05000	0.00803	0.00000
"C20_B031"	0.35282	0.35000	0.05000	-0.05000	0.00282	0.00000
"C20_B026"	0.35762	0.35000	0.05000	-0.05000	0.00762	0.00000
"C20_B021"	0.37111	0.35000	0.05000	-0.05000	0.02111	0.00000
"C20_B016"	0.35506	0.35000	0.05000	-0.05000	0.00506	0.00000
"C20_B011"	0.35597	0.35000	0.05000	-0.05000	0.00597	0.00000
"C20_B006"	0.35520	0.35000	0.05000	-0.05000	0.00520	0.00000
"C20_B001"	0.35970	0.35000	0.05000	-0.05000	0.00970	0.00000
"C18_AB001"	1.12437	1.09000	0.10000	-0.10000	0.03437	0.00000
"C11B"	37.47632	37.47000	0.13000	-0.13000	0.00632	0.00000
"C20_C001"	0.34512	0.35000	0.05000	-0.05000	-0.00488	0.00000
"C19_BC001"	1.41161	1.45000	0.10000	-0.10000	-0.03839	0.00000
"C20_C006"	0.33565	0.35000	0.05000	-0.05000	-0.01435	0.00000
"C20_C011"	0.33922	0.35000	0.05000	-0.05000	-0.01078	0.00000
"C20_C016"	0.33161	0.35000	0.05000	-0.05000	-0.01839	0.00000
"C20_C021"	0.33148	0.35000	0.05000	-0.05000	-0.01851	0.00000
"C20_C026"	0.33245	0.35000	0.05000	-0.05000	-0.01755	0.00000
"C20_C031"	0.33187	0.35000	0.05000	-0.05000	-0.01813	0.00000
"C20_C036"	0.33036	0.35000	0.05000	-0.05000	-0.01964	0.00000
"C20_C041"	0.32568	0.35000	0.05000	-0.05000	-0.02432	0.00000
"C20_C046"	0.31208	0.35000	0.05000	-0.05000	-0.03792	0.00000
"C20_C051"	0.31561	0.35000	0.05000	-0.05000	-0.03439	0.00000
"C20_C056"	0.31093	0.35000	0.05000	-0.05000	-0.03907	0.00000
"C20_C060"	0.30893	0.35000	0.05000	-0.05000	-0.04107	0.00000
"C19_BC060"	1.42731	1.45000	0.10000	-0.10000	-0.02269	0.00000
"C11C"	37.47406	37.47000	0.13000	-0.13000	0.00406	0.00000
"C20_D060"	0.36940	0.35000	0.05000	-0.05000	0.01940	0.00000
"C18_CD060"	1.12751	1.09000	0.10000	-0.10000	0.03751	0.00000
"C20_D056"	0.36454	0.35000	0.05000	-0.05000	0.01454	0.00000
"C20_D051"	0.37546	0.35000	0.05000	-0.05000	0.02546	0.00000
"C20_D046"	0.36354	0.35000	0.05000	-0.05000	0.01354	0.00000
"C20_D041"	0.37877	0.35000	0.05000	-0.05000	0.02877	0.00000
"C20_D036"	0.38094	0.35000	0.05000	-0.05000	0.03094	0.00000
"C20_D031"	0.38341	0.35000	0.05000	-0.05000	0.03341	0.00000
"C20_D026"	0.37429	0.35000	0.05000	-0.05000	0.02429	0.00000
"C20_D021"	0.37184	0.35000	0.05000	-0.05000	0.02184	0.00000
"C20_D016"	0.37053	0.35000	0.05000	-0.05000	0.02053	0.00000
"C20_D011"	0.37385	0.35000	0.05000	-0.05000	0.02385	0.00000
"C20_D006"	0.37006	0.35000	0.05000	-0.05000	0.02006	0.00000
"C20_D001"	0.37677	0.35000	0.05000	-0.05000	0.02677	0.00000
"C18_CD001"	1.10961	1.09000	0.10000	-0.10000	0.01961	0.00000
"C11D"	37.45663	37.47000	0.13000	-0.13000	-0.01337	0.00000
"C21"	0.05597	0.00000	0.10000	0.00000	0.05597	0.00000
":END"
":BEGIN"	"09:29:26 09:33:48"
"PATTERN: ADM6-60-01.5[-L][-S][-SLT]-4[-0][-1][-2][-A][-TR][-FR]"
"DISPLAY: accelerate_M20"
"UNIT: "
"C20_A001"	0.37001	0.35000	0.05000	-0.05000	0.02001	0.00000
"C20_A006"	0.36831	0.35000	0.05000	-0.05000	0.01831	0.00000
"C20_A011"	0.37079	0.35000	0.05000	-0.05000	0.02079	0.00000
"C20_A016"	0.36347	0.35000	0.05000	-0.05000	0.01347	0.00000
"C20_A021"	0.37969	0.35000	0.05000	-0.05000	0.02969	0.00000
"C20_A026"	0.36375	0.35000	0.05000	-0.05000	0.01375	0.00000
"C20_A031"	0.35774	0.35000	0.05000	-0.05000	0.00774	0.00000
"C20_A036"	0.35130	0.35000	0.05000	-0.05000	0.00130	0.00000
"C20_A041"	0.34882	0.35000	0.05000	-0.05000	-0.00118	0.00000
"C20_A046"	0.34894	0.35000	0.05000	-0.05000	-0.00106	0.00000
"C20_A051"	0.33840	0.35000	0.05000	-0.05000	-0.01160	0.00000
"C20_A056"	0.34239	0.35000	0.05000	-0.05000	-0.00761	0.00000
"C20_A060"	0.34093	0.35000	0.05000	-0.05000	-0.00907	0.00000
"C11A"	37.46430	37.47000	0.13000	-0.13000	-0.00570	0.00000
"C20_B060"	0.35094	0.35000	0.05000	-0.05000	0.00094	0.00000
"C18_AB060"	1.10228	1.09000	0.10000	-0.10000	0.01228	0.00000
"C20_B056"	0.35371	0.35000	0.05000	-0.05000	0.00371	0.00000
"C20_B051"	0.34886	0.35000	0.05000	-0.05000	-0.00114	0.00000
"C20_B046"	0.35616	0.35000	0.05000	-0.05000	0.00616	0.00000
"C20_B041"	0.35847	0.35000	0.05000	-0.05000	0.00847	0.00000
"C20_B036"	0.35768	0.35000	0.05000	-0.05000	0.00768	0.00000
"C20_B031"	0.35170	0.35000	0.05000	-0.05000	0.00170	0.00000
"C20_B026"	0.35554	0.35000	0.05000	-0.05000	0.00554	0.00000
"C20_B021"	0.36989	0.35000	0.05000	-0.05000	0.01989	0.00000
"C20_B016"	0.35377	0.35000	0.05000	-0.05000	0.00377	0.00000
"C20_B011"	0.35469	0.35000	0.05000	-0.05000	0.00469	0.00000
"C20_B006"	0.35434	0.35000	0.05000	-0.05000	0.00434	0.00000
"C20_B001"	0.35983	0.35000	0.05000	-0.05000	0.00983	0.00000
"C18_AB001"	1.12697	1.09000	0.10000	-0.10000	0.03697	0.00000
"C11B"	37.47453	37.47000	0.13000	-0.13000	0.00453	0.00000
"C20_C001"	0.34598	0.35000	0.05000	-0.05000	-0.00402	0.00000
"C19_BC001"	1.41207	1.45000	0.10000	-0.10000	-0.03793	0.00000
"C20_C006"	0.33600	0.35000	0.05000	-0.05000	-0.01400	0.00000
"C20_C011"	0.33951	0.35000	0.05000	-0.05000	-0.01049	0.00000
"C20_C016"	0.33231	0.35000	0.05000	-0.05000	-0.01769	0.00000
"C20_C021"	0.33295	0.35000	0.05000	-0.05000	-0.01705	0.00000
"C20_C026"	0.33310	0.35000	0.05000	-0.05000	-0.01690	0.00000
"C20_C031"	0.33288	0.35000	0.05000	-0.05000	-0.01712	0.00000
"C20_C036"	0.32966	0.35000	0.05000	-0.05000	-0.02034	0.00000
"C20_C041"	0.32654	0.35000	0.05000	-0.05000	-0.02346	0.00000
"C20_C046"	0.31300	0.35000	0.05000	-0.05000	-0.03700	0.00000
"C20_C051"	0.31610	0.35000	0.05000	-0.05000	-0.03390	0.00000
"C20_C056"	0.31155	0.35000	0.05000	-0.05000	-0.03845	0.00000
"C20_C060"	0.30935	0.35000	0.05000	-0.05000	-0.04065	0.00000
"C19_BC060"	1.43300	1.45000	0.10000	-0.10000	-0.01700	0.00000
"C11C"	37.47430	37.47000	0.13000	-0.13000	0.00430	0.00000
"C20_D060"	0.36760	0.35000	0.05000	-0.05000	0.01760	0.00000
"C18_CD060"	1.12207	1.09000	0.10000	-0.10000	0.03207	0.00000
"C20_D056"	0.36349	0.35000	0.05000	-0.05000	0.01349	0.00000
"C20_D051"	0.37337	0.35000	0.05000	-0.05000	0.02337	0.00000
"C20_D046"	0.36193	0.35000	0.05000	-0.05000	0.01193	0.00000
"C20_D041"	0.37684	0.35000	0.05000	-0.05000	0.02684	0.00000
"C20_D036"	0.37973	0.35000	0.05000	-0.05000	0.02973	0.00000
"C20_D031"	0.38303	0.35000	0.05000	-0.05000	0.03303	0.00000
"C20_D026"	0.37323	0.35000	0.05000	-0.05000	0.02323	0.00000
"C20_D021"	0.37106	0.35000	0.05000	-0.05000	0.02106	0.00000
"C20_D016"	0.36872	0.35000	0.05000	-0.05000	0.01872	0.00000
"C20_D011"	0.37230	0.35000	0.05000	-0.05000	0.02230	0.00000
"C20_D006"	0.36969	0.35000	0.05000	-0.05000	0.01969	0.00000
"C20_D001"	0.37531	0.35000	0.05000	-0.05000	0.02531	0.00000
"C18_CD001"	1.10997	1.09000	0.10000	-0.10000	0.01997	0.00000
"C11D"	37.45818	37.47000	0.13000	-0.13000	-0.01182	0.00000
"C21"	0.05614	0.00000	0.10000	0.00000	0.05614	0.00000
":END"
":BEGIN"	"09:29:26 08:53:07"
"PATTERN: ADM6-60-01.5[-L][-S][-SLT]-4[-0][-1][-2][-A][-TR][-FR]"
"DISPLAY: accelerate_M20"
"UNIT: "
"C20_A001"	0.37036	0.35000	0.05000	-0.05000	0.02036	0.00000
"C20_A006"	0.36789	0.35000	0.05000	-0.05000	0.01789	0.00000
"C20_A011"	0.36975	0.35000	0.05000	-0.05000	0.01975	0.00000
"C20_A016"	0.36022	0.35000	0.05000	-0.05000	0.01022	0.00000
"C20_A021"	0.37892	0.35000	0.05000	-0.05000	0.02892	0.00000
"C20_A026"	0.36323	0.35000	0.05000	-0.05000	0.01323	0.00000
"C20_A031"	0.35700	0.35000	0.05000	-0.05000	0.00700	0.00000
"C20_A036"	0.35012	0.35000	0.05000	-0.05000	0.00012	0.00000
"C20_A041"	0.34914	0.35000	0.05000	-0.05000	-0.00086	0.00000
"C20_A046"	0.34760	0.35000	0.05000	-0.05000	-0.00240	0.00000
"C20_A051"	0.33857	0.35000	0.05000	-0.05000	-0.01143	0.00000
"C20_A056"	0.34119	0.35000	0.05000	-0.05000	-0.00881	0.00000
"C20_A060"	0.34047	0.35000	0.05000	-0.05000	-0.00953	0.00000
"C11A"	37.47070	37.47000	0.13000	-0.13000	0.00070	0.00000
"C20_B060"	0.35180	0.35000	0.05000	-0.05000	0.00180	0.00000
"C18_AB060"	1.10585	1.09000	0.10000	-0.10000	0.01585	0.00000
"C20_B056"	0.35387	0.35000	0.05000	-0.05000	0.00387	0.00000
"C20_B051"	0.34975	0.35000	0.05000	-0.05000	-0.00025	0.00000
"C20_B046"	0.35618	0.35000	0.05000	-0.05000	0.00618	0.00000
"C20_B041"	0.35594	0.35000	0.05000	-0.05000	0.00594	0.00000
"C20_B036"	0.35633	0.35000	0.05000	-0.05000	0.00633	0.00000
"C20_B031"	0.35576	0.35000	0.05000	-0.05000	0.00576	0.00000
"C20_B026"	0.35618	0.35000	0.05000	-0.05000	0.00618	0.00000
"C20_B021"	0.37187	0.35000	0.05000	-0.05000	0.02187	0.00000
"C20_B016"	0.35456	0.35000	0.05000	-0.05000	0.00456	0.00000
"C20_B011"	0.35509	0.35000	0.05000	-0.05000	0.00509	0.00000
"C20_B006"	0.35463	0.35000	0.05000	-0.05000	0.00463	0.00000
"C20_B001"	0.35954	0.35000	0.05000	-0.05000	0.00954	0.00000
"C18_AB001"	1.12448	1.09000	0.10000	-0.10000	0.03448	0.00000
"C11B"	37.47549	37.47000	0.13000	-0.13000	0.00549	0.00000
"C20_C001"	0.34553	0.35000	0.05000	-0.05000	-0.00447	0.00000
"C19_BC001"	1.41273	1.45000	0.10000	-0.10000	-0.03727	0.00000
"C20_C006"	0.33469	0.35000	0.05000	-0.05000	-0.01531	0.00000
"C20_C011"	0.33966	0.35000	0.05000	-0.05000	-0.01034	0.00000
"C20_C016"	0.33161	0.35000	0.05000	-0.05000	-0.01839	0.00000
"C20_C021"	0.33208	0.35000	0.05000	-0.05000	-0.01792	0.00000
"C20_C026"	0.33275	0.35000	0.05000	-0.05000	-0.01725	0.00000
"C20_C031"	0.33260	0.35000	0.05000	-0.05000	-0.01740	0.00000
"C20_C036"	0.32972	0.35000	0.05000	-0.05000	-0.02028	0.00000
"C20_C041"	0.32544	0.35000	0.05000	-0.05000	-0.02456	0.00000
"C20_C046"	0.31127	0.35000	0.05000	-0.05000	-0.03873	0.00000
"C20_C051"	0.31537	0.35000	0.05000	-0.05000	-0.03463	0.00000
"C20_C056"	0.31050	0.35000	0.05000	-0.05000	-0.03950	0.00000
"C20_C060"	0.30983	0.35000	0.05000	-0.05000	-0.04017	0.00000
"C19_BC060"	1.42384	1.45000	0.10000	-0.10000	-0.02616	0.00000
"C11C"	37.47321	37.47000	0.13000	-0.13000	0.00321	0.00000
"C20_D060"	0.36848	0.35000	0.05000	-0.05000	0.01848	0.00000
"C18_CD060"	1.12173	1.09000	0.10000	-0.10000	0.03173	0.00000
"C20_D056"	0.36449	0.35000	0.05000	-0.05000	0.01449	0.00000
"C20_D051"	0.37475	0.35000	0.05000	-0.05000	0.02475	0.00000
"C20_D046"	0.36125	0.35000	0.05000	-0.05000	0.01125	0.00000
"C20_D041"	0.37747	0.35000	0.05000	-0.05000	0.02747	0.00000
"C20_D036"	0.37974	0.35000	0.05000	-0.05000	0.02974	0.00000
"C20_D031"	0.38300	0.35000	0.05000	-0.05000	0.03300	0.00000
"C20_D026"	0.37345	0.35000	0.05000	-0.05000	0.02345	0.00000
"C20_D021"	0.37109	0.35000	0.05000	-0.05000	0.02109	0.00000
"C20_D016"	0.36952	0.35000	0.05000	-0.05000	0.01952	0.00000
"C20_D011"	0.37258	0.35000	0.05000	-0.05000	0.02258	0.00000
"C20_D006"	0.37046	0.35000	0.05000	-0.05000	0.02046	0.00000
"C20_D001"	0.37694	0.35000	0.05000	-0.05000	0.02694	0.00000
"C18_CD001"	1.10866	1.09000	0.10000	-0.10000	0.01866	0.00000
"C11D"	37.45760	37.47000	0.13000	-0.13000	-0.01240	0.00000
"C21"	0.05711	0.00000	0.10000	0.00000	0.05711	0.00000
":END"
